priority,status,slug,label,facet,cardinality,allowed_values,prefill_value,prefill_source,phase_a_verdict,modal_share,facet_kappa,kappa_band,category_cves,scope_note,Verdict 1,Source 1,Category-Wide 1,Notes 1,Verdict 2,Source 2,Category-Wide 2,Notes 2
1,ask,cameras,security camera,computeTier,single,AndroidDerived|EmbeddedLinux|McuClass|Rtos|unsure,EmbeddedLinux,phase-a-cve-weighted,summary-defensible,1.000,0.3836,stays-Estimated,881,"IN: consumer IP/Wi-Fi/battery security cameras and home DVR/NVR. OUT: enterprise NVR/VMS/SAN and cloud gateways (Hikvision Hybrid SAN, Dahua DSS, Pelco professional, wireless bridges). Video doorbells belong to doorbell; baby monitors to babymonitor.",EmbeddedLinux,"Hikvision Open Source Release Center (GPLv2 disclosure: Linux kernel, busybox 1.19.3, u-boot, iptables, wpa_supplicant), https://opensource.hikvision.com/ ; Reolink firmware update KB shows a busybox-class device web stack, https://support.reolink.com/articles/34817575507481-How-to-Manually-Update-Firmware-for-Reolink-Devices/ ; D-Link, How do I manually upgrade the firmware on my camera - download the image and upload it through the camera's web UI at its internal IP address, https://www.dlink.com/en/support/faq/cameras-and-surveillance/dcs-series/dcs-2330l/how-do-i-manually-upgrade-the-firmware-on-my-camera",,"Agrees with Phase A (1.000). The GPL notice is the strongest evidence class available for this facet - it names the kernel outright. Holds for both halves of the category: IP cameras and DVR/NVR alike ship a Linux userland. COVERAGE 2026-08-17: added D-Link (9% of this category's confirmed-Yes CVEs), the largest vendor the original citation missed, using the same KB verified for babymonitor.",EmbeddedLinux,,,Accepted 2026-08-17 by Aarav Verma after review of the column-1 verdict and its cited source(s).
2,ask,cameras,security camera,firmwareUpdateModel,single,ManualFlash|NoUpdatePath|OtaAutomatic|OtaUserInitiated|unsure,ManualFlash,phase-a-cve-weighted,summary-defensible,0.903,0.3882,stays-Estimated,881,"IN: consumer IP/Wi-Fi/battery security cameras and home DVR/NVR. OUT: enterprise NVR/VMS/SAN and cloud gateways (Hikvision Hybrid SAN, Dahua DSS, Pelco professional, wireless bridges). Video doorbells belong to doorbell; baby monitors to babymonitor.",ManualFlash,"Hikvision, Updating Firmware (download image, upload via Configuration > System > Maintenance > Upgrade), https://us-legacy.hikvision.com/en/support-resources/cybersecurity-center/updating-firmware ; Reolink, How to Manually Update Firmware (download .pak from Download Center, upload via device web UI), https://support.reolink.com/articles/34817575507481-How-to-Manually-Update-Firmware-for-Reolink-Devices/ ; D-Link, How do I manually upgrade the firmware on my camera - download the image and upload it through the camera's web UI at its internal IP address, https://www.dlink.com/en/support/faq/cameras-and-surveillance/dcs-series/dcs-2330l/how-do-i-manually-upgrade-the-firmware-on-my-camera",,"Agrees with Phase A (0.903). Reolink states outright that the app does not support manual firmware updates, so the app-managed battery cameras are the OtaUserInitiated minority; the wired IP-cam / DVR / NVR mass that carries this category's CVEs is download-and-upload. COVERAGE 2026-08-17: added D-Link (9% of this category's confirmed-Yes CVEs), the largest vendor the original citation missed, using the same KB verified for babymonitor.",ManualFlash,,,Accepted 2026-08-17 by Aarav Verma after review of the column-1 verdict and its cited source(s).
3,ask,cameras,security camera,hasWebAdminUI,single,true|false|unsure,true,phase-a-cve-weighted,summary-defensible,0.946,0.3487,stays-Estimated,881,"IN: consumer IP/Wi-Fi/battery security cameras and home DVR/NVR. OUT: enterprise NVR/VMS/SAN and cloud gateways (Hikvision Hybrid SAN, Dahua DSS, Pelco professional, wireless bridges). Video doorbells belong to doorbell; baby monitors to babymonitor.",true,"Hikvision web admin path Configuration > System > Maintenance, https://us-legacy.hikvision.com/en/support-resources/cybersecurity-center/updating-firmware ; Reolink device web interface, System > Maintenance > Firmware Update, https://support.reolink.com/articles/34817575507481-How-to-Manually-Update-Firmware-for-Reolink-Devices/ ; D-Link, How do I manually upgrade the firmware on my camera - download the image and upload it through the camera's web UI at its internal IP address, https://www.dlink.com/en/support/faq/cameras-and-surveillance/dcs-series/dcs-2330l/how-do-i-manually-upgrade-the-firmware-on-my-camera",,"Agrees with Phase A (0.946). Both sources document a browser-reachable admin surface on the device itself, which is exactly what the facet asks. Note this is the facet facet_derive.py could not measure from CVE text at any keyword setting - a vendor manual settles in one page what pattern-matching could not. COVERAGE 2026-08-17: added D-Link (9% of this category's confirmed-Yes CVEs), the largest vendor the original citation missed, using the same KB verified for babymonitor.",true,,,Accepted 2026-08-17 by Aarav Verma after review of the column-1 verdict and its cited source(s).
4,ask,cameras,security camera,supportLifetime,single,DeclaredLifetime|UndeclaredLifetime|unsure,UndeclaredLifetime,phase-a-cve-weighted,summary-defensible,1.000,-0.3115,stays-Estimated,881,"IN: consumer IP/Wi-Fi/battery security cameras and home DVR/NVR. OUT: enterprise NVR/VMS/SAN and cloud gateways (Hikvision Hybrid SAN, Dahua DSS, Pelco professional, wireless bridges). Video doorbells belong to doorbell; baby monitors to babymonitor.",DeclaredLifetime,"UK PSTI Regs 2023 Sch.1 req.3 + Sch.2 - defined support period must be published, https://www.legislation.gov.uk/uksi/2023/1007/schedule/1/made ; Reolink UK PSTI Statement of Compliance (support period to 30 Apr 2029), https://manuals.plus/m/7821b5be983e3c254c43cb32d573d4365569f91b7ff280c33317e04355dd99f5 ; Dahua Product End-of-Life Policy (security updates maintained at least 2 years after first shipment), https://www.dahuasecurity.com/uk/newsEvents/productUsePolicy ; TP-Link PSTI statements (Tapo, end-of-life + 3 years), https://www.tp-link.com/uk/support/psti/",yes,"Reverses the author-prior/Phase-A UndeclaredLifetime. Phase A sampled the devices in the CVE corpus, which are overwhelmingly pre-2024; the facet definition pins assessment to the 2026-08-05 snapshot vintage and warns regulation is moving this value. Since 29 Apr 2024 UK PSTI has compelled publication of a defined support period for every consumer connectable product sold in the UK, and this category's main vendors are complying. Jurisdiction limit: PSTI binds UK-market sales, not the category worldwide. Three of this category's largest CVE-bearing vendors (Reolink, Dahua, TP-Link) publish a period; Hikvision publishes a long-term support policy page. This is the kappa-failed facet (-0.31) and it turns out to be the MOST sourceable one on the sheet, because a regulation forced publication.",DeclaredLifetime,,,Accepted 2026-08-17 by Aarav Verma after review of the column-1 verdict and its cited source(s).
5,ask,hub,smart home hub,capturesAV,single,true|false|unsure,false,phase-a-cve-weighted,summary-defensible,1.000,0.3858,stays-Estimated,247,"IN: IoT hubs, bridges, and Matter/Thread/Zigbee/Z-Wave controllers (SmartThings, Hubitat, Hue Bridge). OUT: plain routers, modems, ONT, and unmanaged switches — transport, not home control.",false,,,"Agrees with Phase A (1.000). Judged, not sourced. Hubs and bridges carry no lens or microphone; the camera-bearing base stations (eufy HomeBase) sit in alarms, not here.",false,,,Accepted 2026-08-17 by Aarav Verma after review of the column-1 verdict and its cited source(s).
6,ask,hub,smart home hub,computeTier,single,AndroidDerived|EmbeddedLinux|McuClass|Rtos|unsure,EmbeddedLinux,phase-a-cve-weighted,summary-defensible,0.988,0.3836,stays-Estimated,247,"IN: IoT hubs, bridges, and Matter/Thread/Zigbee/Z-Wave controllers (SmartThings, Hubitat, Hue Bridge). OUT: plain routers, modems, ONT, and unmanaged switches — transport, not home control.",McuClass,"SmartThings gen-2 hub moved from an RTOS to Linux, https://linuxgizmos.com/gen-2-smartthings-hub-migrates-to-linux/ ; Hubitat Elevation runs Linux on a quad-core ARM A53, https://www.techhive.com/article/579824/hubitat-elevation-review.html ; Cisco Talos TALOS-2017-0496 - the Insteon Hub board is a Microchip PIC32MX MCU (MIPS32 architecture), https://www.talosintelligence.com/vulnerability_reports/TALOS-2017-0496 ; Talos multi-vulnerability writeup (root cause is unsafe strcpy, stack/global overflows - not a userland web stack), https://blog.talosintelligence.com/multiple-vuln-insteon/",,"Agrees with Phase A (0.988). Note the historical direction: SmartThings gen-1 was RTOS, so the category moved into EmbeddedLinux rather than starting there.  RE-SOURCED 2026-08-17: the original citation covered ~0% of this category's confirmed-Yes CVE population; added the corpus-dominant vendor (Insteon is 45% of this category's confirmed-Yes CVEs), sourced from the vulnerability research that produced its CVEs. RECONCILED: column-1 draft was 'EmbeddedLinux'; changed to 'McuClass' on that evidence, ruling confirmed by the reviewer.",McuClass,,,Accepted 2026-08-17 by Aarav Verma after review of the column-1 verdict and its cited source(s).
7,ask,hub,smart home hub,firmwareUpdateModel,single,ManualFlash|NoUpdatePath|OtaAutomatic|OtaUserInitiated|unsure,OtaAutomatic,phase-a-cve-weighted,grouping-only,0.765,0.3882,stays-Estimated,247,"IN: IoT hubs, bridges, and Matter/Thread/Zigbee/Z-Wave controllers (SmartThings, Hubitat, Hue Bridge). OUT: plain routers, modems, ONT, and unmanaged switches — transport, not home control.",OtaAutomatic,"Samsung SmartThings firmware update documentation (hub and joined devices update over the air), https://www.samsung.com/us/support/troubleshoot/TSG10007326/ ; Cisco Talos TALOS-2018-0512 - Insteon Hub firmware upgrade is triggered through the PubNub cloud service and fetched by the device itself, https://www.talosintelligence.com/vulnerability_reports/TALOS-2018-0512",,"Agrees with Phase A, but Phase A rated this cell grouping-only (0.765) and the source is thinner than for the camera cells - the always-on mains-powered hubs auto-update, the older Zigbee/Z-Wave gateway long tail in the corpus does not.  RE-SOURCED 2026-08-17: the original citation covered ~0% of this category's confirmed-Yes CVE population; added the corpus-dominant vendor (Insteon 45%), sourced from the vulnerability research that produced its CVEs.",OtaAutomatic,,,Accepted 2026-08-17 by Aarav Verma after review of the column-1 verdict and its cited source(s).
8,ask,hub,smart home hub,hasWebAdminUI,single,true|false|unsure,true,phase-a-cve-weighted,summary-defensible,0.924,0.3487,stays-Estimated,247,"IN: IoT hubs, bridges, and Matter/Thread/Zigbee/Z-Wave controllers (SmartThings, Hubitat, Hue Bridge). OUT: plain routers, modems, ONT, and unmanaged switches — transport, not home control.",true,"Hubitat Elevation is administered through a browser at the hub's local IP, https://www.techhive.com/article/579824/hubitat-elevation-review.html ; Cisco Talos TALOS-2018-0511 - Insteon Hub MPFS Upload firmware-update vulnerability; MPFS is Microchip's HTTP-server filesystem, so the device serves HTTP admin content, https://www.talosintelligence.com/vulnerability_reports/TALOS-2018-0511",,"Agrees with Phase A (0.924). Weaker than the camera cell: Hue Bridge is a documented counter-example with no browser admin, and the review cited is a trade review rather than vendor documentation.  RE-SOURCED 2026-08-17: the original citation covered ~0% of this category's confirmed-Yes CVE population; added the corpus-dominant vendor (Insteon 45%), sourced from the vulnerability research that produced its CVEs.",true,,,Accepted 2026-08-17 by Aarav Verma after review of the column-1 verdict and its cited source(s).
9,ask,hub,smart home hub,supportLifetime,single,DeclaredLifetime|UndeclaredLifetime|unsure,UndeclaredLifetime,phase-a-cve-weighted,summary-defensible,0.994,-0.3115,stays-Estimated,247,"IN: IoT hubs, bridges, and Matter/Thread/Zigbee/Z-Wave controllers (SmartThings, Hubitat, Hue Bridge). OUT: plain routers, modems, ONT, and unmanaged switches — transport, not home control.",DeclaredLifetime,"UK PSTI Regs 2023 Sch.1 req.3 + Sch.2 - defined support period must be published, https://www.legislation.gov.uk/uksi/2023/1007/schedule/1/made ; TP-Link PSTI Statement of Compliance, Tapo H100 hub (end-of-life + 3 years), https://static.tp-link.com/upload/manual/2024/202408/20240828/Statements%20of%20PSTI%20Compliance_TP_Link(Tapo%20H100).pdf ; Aqara global security and compliance statements (defined support period, at least 2 years from launch), https://www.aqara.com/en/security-certifications/",yes,"Reverses the author-prior/Phase-A UndeclaredLifetime. Phase A sampled the devices in the CVE corpus, which are overwhelmingly pre-2024; the facet definition pins assessment to the 2026-08-05 snapshot vintage and warns regulation is moving this value. Since 29 Apr 2024 UK PSTI has compelled publication of a defined support period for every consumer connectable product sold in the UK, and this category's main vendors are complying. Jurisdiction limit: PSTI binds UK-market sales, not the category worldwide.",DeclaredLifetime,,,Accepted 2026-08-17 by Aarav Verma after review of the column-1 verdict and its cited source(s).
10,ask,alarms,home alarm,computeTier,single,AndroidDerived|EmbeddedLinux|McuClass|Rtos|unsure,EmbeddedLinux,phase-a-cve-weighted,grouping-only,0.627,0.3836,stays-Estimated,89,"IN: consumer home security/alarm systems and their sensors (eufy/Anker HomeBase, Qolsys, Abode, Nexx). OUT: commercial/industrial alarm, fire, and building-monitoring panels.",EmbeddedLinux,"Qolsys IQ Panel is an Android-based touchscreen panel (IQ Panel 5 runs Android 14 on Qualcomm), https://suretyhome.com/qolsys-iq-panel-explained/ ; Bitdefender - local command injection in the Abode iota's management console (CVE-2020-8105), which implies an OS shell rather than a bare-metal firmware, https://www.bitdefender.com/en-us/blog/labs/vulnerabilities-identified-in-theabode-iota-security-system-fake-image-injectioninto-timeline",,"Agrees with the Phase-A modal value but Phase A rated it grouping-only (0.627), and my source actually pulls toward AndroidDerived for the panel half of the category. The category holds two things: Linux base stations (eufy HomeBase, Ring Base Station) and Android touchscreen panels (Qolsys IQ). Treat this cell as weak; it is a candidate for the same subtype split that cameras needs. COVERAGE 2026-08-17: original citation (Qolsys) covered 2% of this category; added Abode (45%), the corpus-dominant vendor. Verdict unchanged.",EmbeddedLinux,,,Accepted 2026-08-17 by Aarav Verma after review of the column-1 verdict and its cited source(s).
11,ask,alarms,home alarm,hasWebAdminUI,single,true|false|unsure,false,phase-a-cve-weighted,summary-defensible,0.894,0.3487,stays-Estimated,89,"IN: consumer home security/alarm systems and their sensors (eufy/Anker HomeBase, Qolsys, Abode, Nexx). OUT: commercial/industrial alarm, fire, and building-monitoring panels.",true,"Qolsys IQ Panel is administered on its own touchscreen and through Alarm.com, not a device web server, https://suretyhome.com/qolsys-iq-panel-explained/ ; eufy alarm kits are controlled from the app, https://www.safewise.com/home-security-systems/eufy/ ; Bitdefender - hardcoded credentials for a hidden management console, and local command injection in that console (CVE-2020-8105), on the Abode iota, https://www.bitdefender.com/en-us/blog/labs/vulnerabilities-identified-in-theabode-iota-security-system-fake-image-injectioninto-timeline",,"Agrees with Phase A (0.894).  RE-SOURCED 2026-08-17: the original citation covered ~0% of this category's confirmed-Yes CVE population; added the corpus-dominant vendor (Abode is 45% of this category's confirmed-Yes CVEs), sourced from the vulnerability research that produced its CVEs. RECONCILED: column-1 draft was 'false'; changed to 'true' on that evidence, ruling confirmed by the reviewer.",true,,,Accepted 2026-08-17 by Aarav Verma after review of the column-1 verdict and its cited source(s).
12,ask,alarms,home alarm,supportLifetime,single,DeclaredLifetime|UndeclaredLifetime|unsure,UndeclaredLifetime,phase-a-cve-weighted,summary-defensible,1.000,-0.3115,stays-Estimated,89,"IN: consumer home security/alarm systems and their sensors (eufy/Anker HomeBase, Qolsys, Abode, Nexx). OUT: commercial/industrial alarm, fire, and building-monitoring panels.",DeclaredLifetime,"UK PSTI Regs 2023 Sch.1 req.3 + Sch.2 - defined support period must be published, https://www.legislation.gov.uk/uksi/2023/1007/schedule/1/made ; eufy statement of compliance with the PSTI Regulations 2023, https://www.eufy.com/privacy-commitment ; Yale UK PSTI statements of compliance, incl. Yale Smart Home Essentials, https://yalehome.co.uk/psti-documentation ; Konnected UK PSTI Statement of Compliance, https://support.konnected.io/hubfs/Konnected_UK_PSTI-20240430.pdf",yes,"Reverses the author-prior/Phase-A UndeclaredLifetime. Phase A sampled the devices in the CVE corpus, which are overwhelmingly pre-2024; the facet definition pins assessment to the 2026-08-05 snapshot vintage and warns regulation is moving this value. Since 29 Apr 2024 UK PSTI has compelled publication of a defined support period for every consumer connectable product sold in the UK, and this category's main vendors are complying. Jurisdiction limit: PSTI binds UK-market sales, not the category worldwide.",DeclaredLifetime,,,Accepted 2026-08-17 by Aarav Verma after review of the column-1 verdict and its cited source(s).
13,ask,streaming,streaming device,capturesAV,single,true|false|unsure,false,phase-a-cve-weighted,summary-defensible,1.000,0.3858,stays-Estimated,76,"IN: streaming TVs, sticks, and boxes (Google/Android TV, Fire TV, Apple TV, Roku) — qualify as home-control surfaces via criterion 4(b). OUT: game consoles, VR/AR headsets, pure media apps, and tvOS CVEs (scope ruling 2026-07: excluded for volume — see judgment_store.csv `Excluded` column and docs/plans/PLAN_scope_exclusion.md).",false,,,"Agrees with Phase A (1.000). Judged: streaming boxes and sticks render audio/video, they do not capture it. Far-field mics live in the remote, not the device; smart displays with cameras are in smartspeakers.",false,,,Accepted 2026-08-17 by Aarav Verma after review of the column-1 verdict and its cited source(s).
14,ask,streaming,streaming device,computeTier,single,AndroidDerived|EmbeddedLinux|McuClass|Rtos|unsure,AndroidDerived,phase-a-cve-weighted,grouping-only,0.621,0.3836,stays-Estimated,76,"IN: streaming TVs, sticks, and boxes (Google/Android TV, Fire TV, Apple TV, Roku) — qualify as home-control surfaces via criterion 4(b). OUT: game consoles, VR/AR headsets, pure media apps, and tvOS CVEs (scope ruling 2026-07: excluded for volume — see judgment_store.csv `Excluded` column and docs/plans/PLAN_scope_exclusion.md).",AndroidDerived,"Fire OS is a fork of the Android Open Source Project (Fire OS 14 = Android 14, Fire OS 8 = Android 10/11), https://developer.amazon.com/docs/fire-tv/fire-os-overview.html",,"Agrees with Phase A (0.621, grouping-only) and the vendor documentation is unambiguous for the two largest platforms (Fire OS, Android TV / Google TV). Roku OS is the Linux-not-Android exception and tvOS is out of scope by the 2026-07 ruling, which is what holds the modal share down.  SCOPE + VOCABULARY NOTE 2026-08-18: 43% of this category's confirmed-Yes CVEs are Apple, all of them vendor_only text-search finds and deliberately in scope - distinct from the 1,897 cpe_expansion rows the 2026-07 tvos ruling excluded. Apple TV runs tvOS, which is Darwin-based and has NO expressible value in this facet's vocabulary (not AndroidDerived, EmbeddedLinux, McuClass or Rtos). The verdict stands on the Android-derived plurality (Google 12% + Sony 11% + NVIDIA 11% + Amazon 8% + TCL 5% + Vizio 4% = ~51%), but that plurality could not be cited, which is why the cell lands HumanJudged despite being right.",AndroidDerived,,,Accepted 2026-08-17 by Aarav Verma after review of the column-1 verdict and its cited source(s).
15,ask,streaming,streaming device,firmwareUpdateModel,single,ManualFlash|NoUpdatePath|OtaAutomatic|OtaUserInitiated|unsure,OtaAutomatic,phase-a-cve-weighted,grouping-only,0.747,0.3882,stays-Estimated,76,"IN: streaming TVs, sticks, and boxes (Google/Android TV, Fire TV, Apple TV, Roku) — qualify as home-control surfaces via criterion 4(b). OUT: game consoles, VR/AR headsets, pure media apps, and tvOS CVEs (scope ruling 2026-07: excluded for volume — see judgment_store.csv `Excluded` column and docs/plans/PLAN_scope_exclusion.md).",OtaAutomatic,"Amazon Fire TV software security updates are delivered by Amazon to the device, https://www.amazon.com/gp/help/customer/display.html?nodeId=G6SH55LKBSAZ2BAK",,Agrees with Phase A (0.747).,OtaAutomatic,,,Accepted 2026-08-17 by Aarav Verma after review of the column-1 verdict and its cited source(s).
16,ask,streaming,streaming device,hasWebAdminUI,single,true|false|unsure,false,phase-a-cve-weighted,summary-defensible,1.000,0.3487,stays-Estimated,76,"IN: streaming TVs, sticks, and boxes (Google/Android TV, Fire TV, Apple TV, Roku) — qualify as home-control surfaces via criterion 4(b). OUT: game consoles, VR/AR headsets, pure media apps, and tvOS CVEs (scope ruling 2026-07: excluded for volume — see judgment_store.csv `Excluded` column and docs/plans/PLAN_scope_exclusion.md).",false,,,"Agrees with Phase A (1.000). Judged: administration is on-screen with the remote; no HTTP admin surface is exposed (ADB over TCP is a developer setting, not an admin UI).",false,,,Accepted 2026-08-17 by Aarav Verma after review of the column-1 verdict and its cited source(s).
17,ask,streaming,streaming device,supportLifetime,single,DeclaredLifetime|UndeclaredLifetime|unsure,UndeclaredLifetime,phase-a-cve-weighted,summary-defensible,1.000,-0.3115,stays-Estimated,76,"IN: streaming TVs, sticks, and boxes (Google/Android TV, Fire TV, Apple TV, Roku) — qualify as home-control surfaces via criterion 4(b). OUT: game consoles, VR/AR headsets, pure media apps, and tvOS CVEs (scope ruling 2026-07: excluded for volume — see judgment_store.csv `Excluded` column and docs/plans/PLAN_scope_exclusion.md).",DeclaredLifetime,"UK PSTI Regs 2023 Sch.1 req.3 + Sch.2 - defined support period must be published, https://www.legislation.gov.uk/uksi/2023/1007/schedule/1/made ; Amazon Fire TV software security updates - at least four years from purchase, with per-model end dates published, https://www.amazon.com/gp/help/customer/display.html?nodeId=G6SH55LKBSAZ2BAK ; Google UK PSTI Statement of Compliance, https://support.google.com/product-documentation/answer/14869041 ; Google connected-home devices receive security updates for at least 5 years from first sale, https://support.google.com/product-documentation/answer/10231940",yes,"Reverses the author-prior/Phase-A UndeclaredLifetime. Phase A sampled the devices in the CVE corpus, which are overwhelmingly pre-2024; the facet definition pins assessment to the 2026-08-05 snapshot vintage and warns regulation is moving this value. Since 29 Apr 2024 UK PSTI has compelled publication of a defined support period for every consumer connectable product sold in the UK, and this category's main vendors are complying. Jurisdiction limit: PSTI binds UK-market sales, not the category worldwide. This is the best-evidenced supportLifetime cell on the sheet: both dominant vendors publish per-model end dates, not just a policy.",DeclaredLifetime,,,Accepted 2026-08-17 by Aarav Verma after review of the column-1 verdict and its cited source(s).
18,ask,ev-charging,EV home charger,capturesAV,single,true|false|unsure,false,phase-a-cve-weighted,summary-defensible,1.000,0.3858,stays-Estimated,71,"IN: home EVSE/wallbox for a private garage or driveway. OUT: commercial/public/fleet chargers (Iocharger, Circontrol, Raption, eCharge) and the vehicle itself.",false,,,Agrees with Phase A (1.000). Judged.,false,,,Accepted 2026-08-17 by Aarav Verma after review of the column-1 verdict and its cited source(s).
19,ask,ev-charging,EV home charger,computeTier,single,AndroidDerived|EmbeddedLinux|McuClass|Rtos|unsure,EmbeddedLinux,phase-a-cve-weighted,summary-defensible,1.000,0.3836,stays-Estimated,71,"IN: home EVSE/wallbox for a private garage or driveway. OUT: commercial/public/fleet chargers (Iocharger, Circontrol, Raption, eCharge) and the vehicle itself.",EmbeddedLinux,"Easee HOME exposes a local web interface for operation without internet, https://device.report/manual/6897542 ; SEC Consult - authentication bypass in the Schneider Electric EVlink administration web interface via hardcoded cookie values, with authenticated arbitrary firmware upload, https://sec-consult.com/vulnerability-lab/advisory/authentication-bypass-remote-code-execution-in-schneider-electric-evlink-charging-stations/",,"Agrees with Phase A (1.000). Indirect evidence: a device serving a local web UI and speaking OCPP over WebSockets is carrying a full network/web stack. I could not open a GPL notice for a home EVSE brand, so this is weaker than the camera cell.  RE-SOURCED 2026-08-17: the original citation covered ~0% of this category's confirmed-Yes CVE population; added the corpus-dominant vendor (Schneider 30%), sourced from the vulnerability research that produced its CVEs.",EmbeddedLinux,,,Accepted 2026-08-17 by Aarav Verma after review of the column-1 verdict and its cited source(s).
20,ask,ev-charging,EV home charger,firmwareUpdateModel,single,ManualFlash|NoUpdatePath|OtaAutomatic|OtaUserInitiated|unsure,OtaUserInitiated,phase-a-cve-weighted,summary-defensible,0.813,0.3882,stays-Estimated,71,"IN: home EVSE/wallbox for a private garage or driveway. OUT: commercial/public/fleet chargers (Iocharger, Circontrol, Raption, eCharge) and the vehicle itself.",OtaAutomatic,"myenergi zappi v2.1 updates automatically when connected, and can also be triggered from the device menu, https://support.myenergi.com/hc/en-gb/articles/15517396152465-Updating-zappi-v2-1 ; Wallbox chargers are updated over the air from the myWallbox app, https://support.wallbox.com/en/knowledge-base/how-to-update-your-chargers-software-with-the-mywallbox-app/ ; CISA ICSA-25-023-03 / Schneider SEVD-2024-282-04 - Schneider Charge 1.13.4 'deployed to automatically upgrade all charging stations connected to the Wiser application'; new installations are fixed through the eSetup commissioning application, https://www.cisa.gov/news-events/ics-advisories/icsa-25-023-03",,"DEVIATES from Phase A (OtaUserInitiated, 0.813). The vendor documentation says the current generation updates itself with no owner action; user-initiated is the fallback path and the older-model behaviour (zappi v1/v2 need the image staged on the hub). Deviation is on the strength of two vendor pages, so flag it for reconciliation.  RE-SOURCED 2026-08-17: the original citation covered ~0% of this category's confirmed-Yes CVE population; added the corpus-dominant vendor (Schneider 30% - confirms the deviation from Phase A), sourced from the vulnerability research that produced its CVEs.",OtaAutomatic,,,Accepted 2026-08-17 by Aarav Verma after review of the column-1 verdict and its cited source(s).
21,ask,ev-charging,EV home charger,hasWebAdminUI,single,true|false|unsure,true,phase-a-cve-weighted,grouping-only,0.738,0.3487,stays-Estimated,71,"IN: home EVSE/wallbox for a private garage or driveway. OUT: commercial/public/fleet chargers (Iocharger, Circontrol, Raption, eCharge) and the vehicle itself.",true,"Easee HOME local interface for local operation of the charger when no internet is available, https://device.report/manual/6897542 ; SEC Consult - authentication bypass in the Schneider Electric EVlink administration web interface via hardcoded cookie values, with authenticated arbitrary firmware upload, https://sec-consult.com/vulnerability-lab/advisory/authentication-bypass-remote-code-execution-in-schneider-electric-evlink-charging-stations/",,"Agrees with Phase A (0.738, grouping-only). Only one vendor sourced; the app-only wallboxes are a real counter-group.  RE-SOURCED 2026-08-17: the original citation covered ~0% of this category's confirmed-Yes CVE population; added the corpus-dominant vendor (Schneider 30%), sourced from the vulnerability research that produced its CVEs.",true,,,Accepted 2026-08-17 by Aarav Verma after review of the column-1 verdict and its cited source(s).
22,ask,ev-charging,EV home charger,supportLifetime,single,DeclaredLifetime|UndeclaredLifetime|unsure,DeclaredLifetime,phase-a-cve-weighted,grouping-only,0.733,-0.3115,stays-Estimated,71,"IN: home EVSE/wallbox for a private garage or driveway. OUT: commercial/public/fleet chargers (Iocharger, Circontrol, Raption, eCharge) and the vehicle itself.",DeclaredLifetime,"myenergi Product Support Policy - security updates for 5 years from date of manufacture for zappi, eddi, libbi and hub, https://www.myenergi.com/product-support-policy/ ; note UK PSTI Regs 2023 Sch.3 - EV chargepoints are an excepted product, https://www.legislation.gov.uk/uksi/2023/1007/schedule/3/made",,"Agrees with the Phase-A value (0.733) - the ONE category where the prior already said DeclaredLifetime. Deliberately NOT marked category-wide, and this is the interesting finding: EV chargepoints are an EXCEPTED product under PSTI Schedule 3, so the regulatory argument that carries the other 23 categories does not apply here. myenergi's 5-year commitment is voluntary. So this category reaches the same verdict as its neighbours by a completely different route, and with weaker backing.",DeclaredLifetime,,,Accepted 2026-08-17 by Aarav Verma after review of the column-1 verdict and its cited source(s).
23,ask,doorbell,video doorbell,capturesAV,single,true|false|unsure,true,phase-a-cve-weighted,summary-defensible,0.900,0.3858,stays-Estimated,45,"IN: video/smart doorbells (Ring, Reolink, Foscam VD, Akuvox). OUT: standalone cameras (classify under cameras) and baby monitors (under babymonitor).",true,"Ring video doorbells stream camera and two-way audio, https://ring.com/support/articles/il7n0/How-Firmware-Works-in-Ring-Devices",,"Agrees with Phase A (0.900). One of the few capturesAV cells that is genuinely safe - unlike cameras, this category has no recorder subtype to contaminate it.",,,,
24,ask,doorbell,video doorbell,computeTier,single,AndroidDerived|EmbeddedLinux|McuClass|Rtos|unsure,EmbeddedLinux,phase-a-cve-weighted,summary-defensible,0.882,0.3836,stays-Estimated,45,"IN: video/smart doorbells (Ring, Reolink, Foscam VD, Akuvox). OUT: standalone cameras (classify under cameras) and baby monitors (under babymonitor).",EmbeddedLinux,,,"Agrees with Phase A (0.882). Judged, not sourced: I could not open a GPL notice or teardown for a doorbell brand. Video encode plus a network stack effectively requires it, but that is inference.",,,,
25,ask,doorbell,video doorbell,firmwareUpdateModel,single,ManualFlash|NoUpdatePath|OtaAutomatic|OtaUserInitiated|unsure,ManualFlash,phase-a-cve-weighted,summary-defensible,0.836,0.3882,stays-Estimated,45,"IN: video/smart doorbells (Ring, Reolink, Foscam VD, Akuvox). OUT: standalone cameras (classify under cameras) and baby monitors (under babymonitor).",ManualFlash,,,"KEPT the Phase-A value (0.836) AGAINST my own source, which is the honest way round. Ring - the market leader - is documented as automatic and not manually updatable (https://ring.com/support/articles/il7n0/How-Firmware-Works-in-Ring-Devices). Phase A measured the CVE-bearing population, which is weighted to Akuvox/Hikvision/Reolink-style web-upload doorphones, and the whole project weights by that corpus. Reviewer 2 should know the two readings point opposite ways: 'most doorbells sold' is OtaAutomatic, 'most doorbells with CVEs' is ManualFlash.",,,,
26,ask,doorbell,video doorbell,hasWebAdminUI,single,true|false|unsure,true,phase-a-cve-weighted,grouping-only,0.782,0.3487,stays-Estimated,45,"IN: video/smart doorbells (Ring, Reolink, Foscam VD, Akuvox). OUT: standalone cameras (classify under cameras) and baby monitors (under babymonitor).",true,,,"Agrees with Phase A (0.782, grouping-only). Judged: the SIP/installer doorphones (Akuvox) carry a web admin, the consumer battery doorbells do not. Genuinely split.",,,,
27,ask,doorbell,video doorbell,supportLifetime,single,DeclaredLifetime|UndeclaredLifetime|unsure,UndeclaredLifetime,phase-a-cve-weighted,summary-defensible,0.964,-0.3115,stays-Estimated,45,"IN: video/smart doorbells (Ring, Reolink, Foscam VD, Akuvox). OUT: standalone cameras (classify under cameras) and baby monitors (under babymonitor).",DeclaredLifetime,"UK PSTI Regs 2023 Sch.1 req.3 + Sch.2 - defined support period must be published, https://www.legislation.gov.uk/uksi/2023/1007/schedule/1/made ; Ring UK PSTI Statement of Compliance (product support periods), https://assets.ctfassets.net/jrz4hnnvdyct/1HlksuPJo1aU2EGVXLdYTw/668b3ba32871eb6840da344b148d58b1/Ring_V2.3_UK_PSTI_Statement_Of_Compliance_240326.pdf ; Reolink UK PSTI Statement of Compliance, https://manuals.plus/m/7821b5be983e3c254c43cb32d573d4365569f91b7ff280c33317e04355dd99f5",yes,"Reverses the author-prior/Phase-A UndeclaredLifetime. Phase A sampled the devices in the CVE corpus, which are overwhelmingly pre-2024; the facet definition pins assessment to the 2026-08-05 snapshot vintage and warns regulation is moving this value. Since 29 Apr 2024 UK PSTI has compelled publication of a defined support period for every consumer connectable product sold in the UK, and this category's main vendors are complying. Jurisdiction limit: PSTI binds UK-market sales, not the category worldwide.",,,,
28,ask,home-power,home energy system,capturesAV,single,true|false|unsure,false,author-prior,UNMEASURED,,0.3858,stays-Estimated,45,"IN: residential solar inverters, home batteries, and smart meters (SMA, Victron Venus, Enphase, Tesla Powerwall). OUT: utility-scale/commercial PV and grid equipment.",false,,,Judged. Category is UNMEASURED by Phase A; no camera or mic in an inverter or meter.,,,,
29,ask,home-power,home energy system,computeTier,single,AndroidDerived|EmbeddedLinux|McuClass|Rtos|unsure,EmbeddedLinux,author-prior,UNMEASURED,,0.3836,stays-Estimated,45,"IN: residential solar inverters, home batteries, and smart meters (SMA, Victron Venus, Enphase, Tesla Powerwall). OUT: utility-scale/commercial PV and grid equipment.",EmbeddedLinux,"Victron Venus OS is an open-source Linux distribution for the GX range, https://github.com/victronenergy/dbus-fronius ; Enphase IQ Gateway serves a local web interface, https://support.enphase.com/s/article/How-do-I-access-the-Envoy-S-or-IQ-Envoy-s-local-web-interface",,"Author-prior confirmed. Venus OS is publicly a Linux build, which makes this one of the better-evidenced computeTier cells even though the category was never sampled.",,,,
30,ask,home-power,home energy system,firmwareUpdateModel,single,ManualFlash|NoUpdatePath|OtaAutomatic|OtaUserInitiated|unsure,OtaAutomatic,author-prior,UNMEASURED,,0.3882,stays-Estimated,45,"IN: residential solar inverters, home batteries, and smart meters (SMA, Victron Venus, Enphase, Tesla Powerwall). OUT: utility-scale/commercial PV and grid equipment.",OtaAutomatic,,,"Author-prior kept; judged, no source found. Inverters and gateways with a monitoring link generally self-update, but I could not open a vendor page that says so for this category.",,,,
31,ask,home-power,home energy system,hasWebAdminUI,single,true|false|unsure,true,author-prior,UNMEASURED,,0.3487,stays-Estimated,45,"IN: residential solar inverters, home batteries, and smart meters (SMA, Victron Venus, Enphase, Tesla Powerwall). OUT: utility-scale/commercial PV and grid equipment.",true,"Enphase IQ Gateway / Envoy local web interface, https://support.enphase.com/s/article/How-do-I-access-the-Envoy-S-or-IQ-Envoy-s-local-web-interface",,Author-prior confirmed with vendor documentation. The local installer web UI is where this category's CVEs live.,,,,
32,ask,home-power,home energy system,supportLifetime,single,DeclaredLifetime|UndeclaredLifetime|unsure,UndeclaredLifetime,author-prior,UNMEASURED,,-0.3115,stays-Estimated,45,"IN: residential solar inverters, home batteries, and smart meters (SMA, Victron Venus, Enphase, Tesla Powerwall). OUT: utility-scale/commercial PV and grid equipment.",DeclaredLifetime,"UK PSTI Regs 2023 Sch.1 req.3 + Sch.2 - defined support period must be published, https://www.legislation.gov.uk/uksi/2023/1007/schedule/1/made ; Victron Energy UK PSTI Statement of Compliance for Communication Centres (defined support period 5 years, to 31/12/2028), https://www.victronenergy.com/upload/documents/UK-PSTI-statement-compliance-Communication-Centres-240424.pdf",yes,"Reverses the author-prior/Phase-A UndeclaredLifetime. Phase A sampled the devices in the CVE corpus, which are overwhelmingly pre-2024; the facet definition pins assessment to the 2026-08-05 snapshot vintage and warns regulation is moving this value. Since 29 Apr 2024 UK PSTI has compelled publication of a defined support period for every consumer connectable product sold in the UK, and this category's main vendors are complying. Jurisdiction limit: PSTI binds UK-market sales, not the category worldwide. Note the category was UNMEASURED by Phase A, so this replaces an author-prior with nothing measured behind it.",,,,
33,ask,smartspeakers,smart speaker,capturesAV,single,true|false|unsure,true,phase-a-cve-weighted,summary-defensible,0.951,0.3858,stays-Estimated,38,"IN: consumer smart speakers, smart displays, and smart soundbars (Echo, Nest, HomePod) — qualify as home-control surfaces via criterion 4(b). OUT: plain Bluetooth speakers, headphones, and AV receivers with no assistant/home-control role.",true,"Amazon Echo devices are far-field microphone products; Amazon publishes their security-update policy as a device class, https://www.amazon.com/gp/help/customer/display.html?nodeId=GMZQWNQRVENX4GTQ",,"Agrees with Phase A (0.951). Always-listening wake-word microphone is the defining feature of the category, and smart displays add a camera.",,,,
34,ask,smartspeakers,smart speaker,computeTier,single,AndroidDerived|EmbeddedLinux|McuClass|Rtos|unsure,EmbeddedLinux,phase-a-cve-weighted,summary-defensible,0.897,0.3836,stays-Estimated,38,"IN: consumer smart speakers, smart displays, and smart soundbars (Echo, Nest, HomePod) — qualify as home-control surfaces via criterion 4(b). OUT: plain Bluetooth speakers, headphones, and AV receivers with no assistant/home-control role.",EmbeddedLinux,,,"Agrees with Phase A (0.897). Judged, not sourced - and note the pull the other way: Echo Show is Fire OS, i.e. Android-derived, so the category is not homogeneous.",,,,
35,ask,smartspeakers,smart speaker,firmwareUpdateModel,single,ManualFlash|NoUpdatePath|OtaAutomatic|OtaUserInitiated|unsure,OtaAutomatic,phase-a-cve-weighted,summary-defensible,1.000,0.3882,stays-Estimated,38,"IN: consumer smart speakers, smart displays, and smart soundbars (Echo, Nest, HomePod) — qualify as home-control surfaces via criterion 4(b). OUT: plain Bluetooth speakers, headphones, and AV receivers with no assistant/home-control role.",OtaAutomatic,"Amazon Echo software security updates are delivered by Amazon to the device, https://www.amazon.com/gp/help/customer/display.html?nodeId=GMZQWNQRVENX4GTQ ; Google connected-home devices receive automatic security updates, https://support.google.com/product-documentation/answer/10231940",,Agrees with Phase A (1.000). Well sourced from both dominant vendors.,,,,
36,ask,smartspeakers,smart speaker,supportLifetime,single,DeclaredLifetime|UndeclaredLifetime|unsure,UndeclaredLifetime,phase-a-cve-weighted,grouping-only,0.610,-0.3115,stays-Estimated,38,"IN: consumer smart speakers, smart displays, and smart soundbars (Echo, Nest, HomePod) — qualify as home-control surfaces via criterion 4(b). OUT: plain Bluetooth speakers, headphones, and AV receivers with no assistant/home-control role.",DeclaredLifetime,"UK PSTI Regs 2023 Sch.1 req.3 + Sch.2 - defined support period must be published, https://www.legislation.gov.uk/uksi/2023/1007/schedule/1/made ; Amazon Echo software security updates - at least four years from purchase, with per-model end dates, https://www.amazon.com/gp/help/customer/display.html?nodeId=GMZQWNQRVENX4GTQ ; Google - at least 5 years of automatic security updates from first sale, with a published device list, https://support.google.com/product-documentation/answer/10231940",yes,"Reverses the author-prior/Phase-A UndeclaredLifetime. Phase A sampled the devices in the CVE corpus, which are overwhelmingly pre-2024; the facet definition pins assessment to the 2026-08-05 snapshot vintage and warns regulation is moving this value. Since 29 Apr 2024 UK PSTI has compelled publication of a defined support period for every consumer connectable product sold in the UK, and this category's main vendors are complying. Jurisdiction limit: PSTI binds UK-market sales, not the category worldwide. Phase A rated this cell grouping-only (0.610); the vendor evidence is much stronger than that share suggests.",,,,
37,ask,smartplugs,smart plug,capturesAV,single,true|false|unsure,false,phase-a-cve-weighted,summary-defensible,1.000,0.3858,stays-Estimated,37,"IN: consumer smart plugs, outlets, and power strips. OUT: enterprise/data-center PDUs and industrial power management.",false,,,Agrees with Phase A (1.000). Judged.,,,,
38,ask,smartplugs,smart plug,computeTier,single,AndroidDerived|EmbeddedLinux|McuClass|Rtos|unsure,EmbeddedLinux,phase-a-cve-weighted,grouping-only,0.750,0.3836,stays-Estimated,37,"IN: consumer smart plugs, outlets, and power strips. OUT: enterprise/data-center PDUs and industrial power management.",EmbeddedLinux,"Belkin WeMo teardown - Ralink RT5350F MIPS SoC running OpenWrt embedded Linux, https://blog.mbedded.ninja/electronics/teardowns/belkin-wemo-teardown/ ; mainline OpenWrt on the WeMo Insight smart plug, https://svenschwermer.de/2020/05/31/mainline-openwrt-on-a-wemo-insight-smart-plug.html",,"Agrees with Phase A (0.750, grouping-only). Important caveat: WeMo is a Linux outlier that happens to carry a lot of this category's CVEs. The current mass-market plug (Tapo/Kasa/Tuya) is an ESP-class part running FreeRTOS, i.e. Rtos, not EmbeddedLinux. The verdict follows the CVE-bearing population; the as-sold population would answer differently. Genuine heterogeneity, same shape as cameras.",,,,
39,ask,smartplugs,smart plug,hasWebAdminUI,single,true|false|unsure,false,phase-a-cve-weighted,summary-defensible,1.000,0.3487,stays-Estimated,37,"IN: consumer smart plugs, outlets, and power strips. OUT: enterprise/data-center PDUs and industrial power management.",false,"TP-Link Kasa smart plugs are set up and administered entirely in the Kasa app, https://www.tp-link.com/us/support/faq/946/",,Agrees with Phase A (1.000).,,,,
40,ask,smartplugs,smart plug,supportLifetime,single,DeclaredLifetime|UndeclaredLifetime|unsure,UndeclaredLifetime,phase-a-cve-weighted,summary-defensible,1.000,-0.3115,stays-Estimated,37,"IN: consumer smart plugs, outlets, and power strips. OUT: enterprise/data-center PDUs and industrial power management.",DeclaredLifetime,"UK PSTI Regs 2023 Sch.1 req.3 + Sch.2 - defined support period must be published, https://www.legislation.gov.uk/uksi/2023/1007/schedule/1/made ; TP-Link PSTI Statement of Compliance, Tapo P100 smart plug (end-of-life + 3 years), https://www.three.co.uk/content/dam/threedigital/terms-and-conditions/psti/fonua/statements_of_psti_compliance_tp_link(tapo_p100(2-pack)).pdf ; TP-Link PSTI index, https://www.tp-link.com/uk/support/psti/",yes,"Reverses the author-prior/Phase-A UndeclaredLifetime. Phase A sampled the devices in the CVE corpus, which are overwhelmingly pre-2024; the facet definition pins assessment to the 2026-08-05 snapshot vintage and warns regulation is moving this value. Since 29 Apr 2024 UK PSTI has compelled publication of a defined support period for every consumer connectable product sold in the UK, and this category's main vendors are complying. Jurisdiction limit: PSTI binds UK-market sales, not the category worldwide.",,,,
41,ask,doorlock,smart lock,capturesAV,single,true|false|unsure,false,phase-a-cve-weighted,summary-defensible,1.000,0.3858,stays-Estimated,36,"IN: residential smart locks and garage-door openers (Yale, August, Tinxy, SGUDA, Genie Aladdin, Zigbee lock stacks). OUT: commercial/enterprise access-control panels and building door controllers.",false,,,Agrees with Phase A (1.000). Judged. Camera-bearing locks exist but are a recent minority.,,,,
42,ask,doorlock,smart lock,computeTier,single,AndroidDerived|EmbeddedLinux|McuClass|Rtos|unsure,McuClass,phase-a-cve-weighted,summary-defensible,1.000,0.3836,stays-Estimated,36,"IN: residential smart locks and garage-door openers (Yale, August, Tinxy, SGUDA, Genie Aladdin, Zigbee lock stacks). OUT: commercial/enterprise access-control panels and building door controllers.",McuClass,"August Smart Lock teardown - STM32L152 ultra-low-power MCU plus a CC2541 BLE SoC, https://medium.com/ruki-founder-s-journal/august-teardown-6274a7858338",,Agrees with Phase A (1.000). A battery lock has no room in its power budget for a Linux userland; the teardown names the part.,,,,
43,ask,doorlock,smart lock,hasWebAdminUI,single,true|false|unsure,false,phase-a-cve-weighted,summary-defensible,1.000,0.3487,stays-Estimated,36,"IN: residential smart locks and garage-door openers (Yale, August, Tinxy, SGUDA, Genie Aladdin, Zigbee lock stacks). OUT: commercial/enterprise access-control panels and building door controllers.",false,"Yale lock firmware is updated through the app over Bluetooth, not a browser, https://support.shopyalehome.com/updating-lock-firmware-r1bgBjMOE",,Agrees with Phase A (1.000).,,,,
44,ask,doorlock,smart lock,supportLifetime,single,DeclaredLifetime|UndeclaredLifetime|unsure,UndeclaredLifetime,phase-a-cve-weighted,summary-defensible,1.000,-0.3115,stays-Estimated,36,"IN: residential smart locks and garage-door openers (Yale, August, Tinxy, SGUDA, Genie Aladdin, Zigbee lock stacks). OUT: commercial/enterprise access-control panels and building door controllers.",DeclaredLifetime,"UK PSTI Regs 2023 Sch.1 req.3 + Sch.2 - defined support period must be published, https://www.legislation.gov.uk/uksi/2023/1007/schedule/1/made ; Yale UK PSTI statements of compliance, https://yalehome.co.uk/psti-documentation ; Aqara global security and compliance statements (defined support period at least 2 years from launch), https://www.aqara.com/en/security-certifications/",yes,"Reverses the author-prior/Phase-A UndeclaredLifetime. Phase A sampled the devices in the CVE corpus, which are overwhelmingly pre-2024; the facet definition pins assessment to the 2026-08-05 snapshot vintage and warns regulation is moving this value. Since 29 Apr 2024 UK PSTI has compelled publication of a defined support period for every consumer connectable product sold in the UK, and this category's main vendors are complying. Jurisdiction limit: PSTI binds UK-market sales, not the category worldwide.",,,,
45,ask,pet,smart pet device,capturesAV,single,true|false|unsure,true,author-prior,UNMEASURED,,0.3858,stays-Estimated,35,"IN: consumer smart pet feeders, pet cameras, and litter boxes. OUT: commercial/veterinary/livestock equipment.",true,"Petcube Cam / Bites 2 Lite are camera products with two-way audio, https://petcube.com/support/camera/user-guide/ ; Somerset Recon, Hacking the Furbo - RTSP service and an on-device webserver, root code execution, treat dispensing driven from the command line, https://www.somersetrecon.com/blog/2021/hacking-the-furbo-part-1 ; Lethal Bit, remote hacking of the Furbo dog camera (CVE-2020-24918 RTSP buffer overflow, CVE-2021-32452 webserver command injection), https://blog.lethalbit.com/remote-hacking-of-furbo-dog-camera/",,"Author-prior confirmed. Category is UNMEASURED by Phase A. Caveat: feeders and litter boxes without cameras are also in scope, so this is a summary over a mixed category - the same validity risk Phase A flagged for cameras, and unmeasured here.  RE-SOURCED 2026-08-17: the original citation covered ~0% of this category's confirmed-Yes CVE population; added the corpus-dominant vendor (Furbo 51%), sourced from the vulnerability research that produced its CVEs.",,,,
46,ask,pet,smart pet device,computeTier,single,AndroidDerived|EmbeddedLinux|McuClass|Rtos|unsure,EmbeddedLinux,author-prior,UNMEASURED,,0.3836,stays-Estimated,35,"IN: consumer smart pet feeders, pet cameras, and litter boxes. OUT: commercial/veterinary/livestock equipment.",EmbeddedLinux,"Somerset Recon, Hacking the Furbo - RTSP service and an on-device webserver, root code execution, treat dispensing driven from the command line, https://www.somersetrecon.com/blog/2021/hacking-the-furbo-part-1 ; Lethal Bit, remote hacking of the Furbo dog camera (CVE-2020-24918 RTSP buffer overflow, CVE-2021-32452 webserver command injection), https://blog.lethalbit.com/remote-hacking-of-furbo-dog-camera/",,"Author-prior kept; judged, no source found. Follows from video encode on the camera half; the feeder half is almost certainly MCU-class, so the cell is a summary over two device types.  RE-SOURCED 2026-08-17: the original citation covered ~0% of this category's confirmed-Yes CVE population; added the corpus-dominant vendor (Furbo 51%), sourced from the vulnerability research that produced its CVEs.",,,,
47,ask,pet,smart pet device,firmwareUpdateModel,single,ManualFlash|NoUpdatePath|OtaAutomatic|OtaUserInitiated|unsure,OtaAutomatic,author-prior,UNMEASURED,,0.3882,stays-Estimated,35,"IN: consumer smart pet feeders, pet cameras, and litter boxes. OUT: commercial/veterinary/livestock equipment.",OtaAutomatic,"Petcube pushes a firmware update to the camera within 24 hours of connection, with no owner action, https://petcube.com/support/cam/getting-started/",,Author-prior confirmed with vendor documentation.,,,,
48,ask,pet,smart pet device,hasWebAdminUI,single,true|false|unsure,false,author-prior,UNMEASURED,,0.3487,stays-Estimated,35,"IN: consumer smart pet feeders, pet cameras, and litter boxes. OUT: commercial/veterinary/livestock equipment.",true,"Petcube devices are set up and controlled entirely through the Petcube mobile app, https://petcube.com/support/article/camera-android-setup/ ; Somerset Recon, Hacking the Furbo - RTSP service and an on-device webserver, root code execution, treat dispensing driven from the command line, https://www.somersetrecon.com/blog/2021/hacking-the-furbo-part-1 ; Lethal Bit, remote hacking of the Furbo dog camera (CVE-2020-24918 RTSP buffer overflow, CVE-2021-32452 webserver command injection), https://blog.lethalbit.com/remote-hacking-of-furbo-dog-camera/",,"Author-prior confirmed.  RE-SOURCED 2026-08-17: the original citation covered ~0% of this category's confirmed-Yes CVE population; added the corpus-dominant vendor (Furbo is 51% of this category's confirmed-Yes CVEs), sourced from the vulnerability research that produced its CVEs. RECONCILED: column-1 draft was 'false'; changed to 'true' on that evidence, ruling confirmed by the reviewer.",true,,,Corrected 2026-08-17 by Aarav Verma: re-sourced against the corpus-dominant vendor (Furbo is 51% of this category's confirmed-Yes CVEs).
49,ask,pet,smart pet device,supportLifetime,single,DeclaredLifetime|UndeclaredLifetime|unsure,UndeclaredLifetime,author-prior,UNMEASURED,,-0.3115,stays-Estimated,35,"IN: consumer smart pet feeders, pet cameras, and litter boxes. OUT: commercial/veterinary/livestock equipment.",UndeclaredLifetime,,,"THE ONE CATEGORY WHERE I LOOKED AND FOUND NOTHING - recorded as HumanJudged deliberately. Searched for PSTI statements of compliance and published support periods for PetSafe, Sure Petcare, Whisker/Litter-Robot and Petcube and found none. PSTI does cover these products, so the absence is a compliance gap rather than an exemption. 23 of 24 categories yielded a published period; this one is the exception, and that contrast is itself the result.",,,,
50,ask,lighting,smart lighting,capturesAV,single,true|false|unsure,false,phase-a-cve-weighted,summary-defensible,1.000,0.3858,stays-Estimated,33,"IN: consumer smart bulbs, light/dimmer/wall switches, and LED controllers (Hue, LIFX). OUT: phone 'Smart Switch' data-migration software, network switches, and apps/plugins that merely reference lighting.",false,,,Agrees with Phase A (1.000). Judged.,,,,
51,ask,lighting,smart lighting,computeTier,single,AndroidDerived|EmbeddedLinux|McuClass|Rtos|unsure,McuClass,phase-a-cve-weighted,summary-defensible,0.917,0.3836,stays-Estimated,33,"IN: consumer smart bulbs, light/dimmer/wall switches, and LED controllers (Hue, LIFX). OUT: phone 'Smart Switch' data-migration software, network switches, and apps/plugins that merely reference lighting.",McuClass,"Philips Hue bulbs run on a Silicon Labs EFR32MG21 (Cortex-M) Zigbee SoC with the EmberZNet stack, https://wejn.org/2025/01/zigbee-hue-llo-world/",,Agrees with Phase A (0.917). A bulb has no room for anything larger; the part number is documented.,,,,
52,ask,lighting,smart lighting,firmwareUpdateModel,single,ManualFlash|NoUpdatePath|OtaAutomatic|OtaUserInitiated|unsure,OtaUserInitiated,phase-a-cve-weighted,summary-defensible,0.939,0.3882,stays-Estimated,33,"IN: consumer smart bulbs, light/dimmer/wall switches, and LED controllers (Hue, LIFX). OUT: phone 'Smart Switch' data-migration software, network switches, and apps/plugins that merely reference lighting.",OtaUserInitiated,,,Agrees with Phase A (0.939). Judged: Zigbee OTA images are staged by the hub and applied when the owner accepts in the app.,,,,
53,ask,lighting,smart lighting,supportLifetime,single,DeclaredLifetime|UndeclaredLifetime|unsure,UndeclaredLifetime,phase-a-cve-weighted,summary-defensible,1.000,-0.3115,stays-Estimated,33,"IN: consumer smart bulbs, light/dimmer/wall switches, and LED controllers (Hue, LIFX). OUT: phone 'Smart Switch' data-migration software, network switches, and apps/plugins that merely reference lighting.",DeclaredLifetime,"UK PSTI Regs 2023 Sch.1 req.3 + Sch.2 - defined support period must be published, https://www.legislation.gov.uk/uksi/2023/1007/schedule/1/made ; Philips Hue End of Support Policy - minimum 5 years from date of purchase for Hue products, 3 years for the Hue Bridge, https://www.philips-hue.com/en-gb/support/legal/end-of-support-policy",yes,"Reverses the author-prior/Phase-A UndeclaredLifetime. Phase A sampled the devices in the CVE corpus, which are overwhelmingly pre-2024; the facet definition pins assessment to the 2026-08-05 snapshot vintage and warns regulation is moving this value. Since 29 Apr 2024 UK PSTI has compelled publication of a defined support period for every consumer connectable product sold in the UK, and this category's main vendors are complying. Jurisdiction limit: PSTI binds UK-market sales, not the category worldwide. Signify's policy predates PSTI, so this category had a published period even before the regulation - the only one where I can say that.",,,,
54,ask,robotvacuum,robot vacuum,capturesAV,single,true|false|unsure,true,author-prior,UNMEASURED,,0.3858,stays-Estimated,27,IN: consumer robot vacuums and mops. OUT: industrial/commercial cleaning robots.,true,"Roborock S6 MaxV carries two forward cameras for obstacle recognition, https://www.tomsguide.com/reviews/roborock-s6-maxv-robot-vacuum ; Dennis Giese & braelynn, DEF CON 32 - Ecovacs DEEBOT models are Linux-based devices with cameras and microphones; the vendor 'medusa' daemon handles cloud communication, OTA updates, control and mapping, https://dontvacuum.me/talks/DEFCON32/DEFCON32_reveng_hacking_ecovacs_robots.pdf",,"Author-prior confirmed for the current generation; UNMEASURED by Phase A. Caveat: LiDAR-only models with no camera are a large part of the installed base, so this is a summary over a split category.  RE-SOURCED 2026-08-17: the original citation covered ~0% of this category's confirmed-Yes CVE population; added the corpus-dominant vendor (Ecovacs 44%), sourced from the vulnerability research that produced its CVEs.",,,,
55,ask,robotvacuum,robot vacuum,computeTier,single,AndroidDerived|EmbeddedLinux|McuClass|Rtos|unsure,EmbeddedLinux,author-prior,UNMEASURED,,0.3836,stays-Estimated,27,IN: consumer robot vacuums and mops. OUT: industrial/commercial cleaning robots.,EmbeddedLinux,"Dennis Giese & braelynn, DEF CON 32 - Ecovacs DEEBOT models are Linux-based devices with cameras and microphones; the vendor 'medusa' daemon handles cloud communication, OTA updates, control and mapping, https://dontvacuum.me/talks/DEFCON32/DEFCON32_reveng_hacking_ecovacs_robots.pdf",,"Author-prior kept; judged, no source found. SLAM mapping and camera inference effectively require it.  RE-SOURCED 2026-08-17: the original citation covered ~0% of this category's confirmed-Yes CVE population; added the corpus-dominant vendor (Ecovacs 44%, Neato 26%), sourced from the vulnerability research that produced its CVEs.",,,,
56,ask,robotvacuum,robot vacuum,firmwareUpdateModel,single,ManualFlash|NoUpdatePath|OtaAutomatic|OtaUserInitiated|unsure,OtaAutomatic,author-prior,UNMEASURED,,0.3882,stays-Estimated,27,IN: consumer robot vacuums and mops. OUT: industrial/commercial cleaning robots.,OtaAutomatic,"Dennis Giese & braelynn, DEF CON 32 - Ecovacs DEEBOT models are Linux-based devices with cameras and microphones; the vendor 'medusa' daemon handles cloud communication, OTA updates, control and mapping, https://dontvacuum.me/talks/DEFCON32/DEFCON32_reveng_hacking_ecovacs_robots.pdf",,"Author-prior kept; judged. Roborock publishes a software security support policy (https://us.roborock.com/pages/software-security-support-policy) but I did not find a page stating the delivery mechanism, so this stays unsourced.  RE-SOURCED 2026-08-17: the original citation covered ~0% of this category's confirmed-Yes CVE population; added the corpus-dominant vendor (Ecovacs 44%), sourced from the vulnerability research that produced its CVEs.",,,,
57,ask,robotvacuum,robot vacuum,hasWebAdminUI,single,true|false|unsure,false,author-prior,UNMEASURED,,0.3487,stays-Estimated,27,IN: consumer robot vacuums and mops. OUT: industrial/commercial cleaning robots.,false,"Roborock is administered entirely through its app, https://vacuumwars.com/the-complete-roborock-app-guide/",,"Author-prior confirmed (third-party guide rather than vendor documentation, so weaker than it looks).",,,,
58,ask,robotvacuum,robot vacuum,supportLifetime,single,DeclaredLifetime|UndeclaredLifetime|unsure,UndeclaredLifetime,author-prior,UNMEASURED,,-0.3115,stays-Estimated,27,IN: consumer robot vacuums and mops. OUT: industrial/commercial cleaning robots.,DeclaredLifetime,"UK PSTI Regs 2023 Sch.1 req.3 + Sch.2 - defined support period must be published, https://www.legislation.gov.uk/uksi/2023/1007/schedule/1/made ; Roborock Software Security Support Policy, https://us.roborock.com/pages/software-security-support-policy",yes,"Reverses the author-prior/Phase-A UndeclaredLifetime. Phase A sampled the devices in the CVE corpus, which are overwhelmingly pre-2024; the facet definition pins assessment to the 2026-08-05 snapshot vintage and warns regulation is moving this value. Since 29 Apr 2024 UK PSTI has compelled publication of a defined support period for every consumer connectable product sold in the UK, and this category's main vendors are complying. Jurisdiction limit: PSTI binds UK-market sales, not the category worldwide.",,,,
59,ask,garden,smart garden,capturesAV,single,true|false|unsure,false,author-prior,UNMEASURED,,0.3858,stays-Estimated,19,"IN: consumer irrigation controllers and robot mowers (RainMachine, Rachio, ECOVACS/Yarbo mowers). OUT: commercial/agricultural irrigation and turf equipment.",false,,,Author-prior kept; judged. Camera-guided robot mowers are emerging but are not the category.,,,,
60,ask,garden,smart garden,computeTier,single,AndroidDerived|EmbeddedLinux|McuClass|Rtos|unsure,EmbeddedLinux,author-prior,UNMEASURED,,0.3836,stays-Estimated,19,"IN: consumer irrigation controllers and robot mowers (RainMachine, Rachio, ECOVACS/Yarbo mowers). OUT: commercial/agricultural irrigation and turf equipment.",EmbeddedLinux,"RainMachine ships a built-in web interface and runs scheduling on-device, https://support.rainmachine.com/hc/en-us/articles/360007604793-Using-RainMachine-Web-App-Interface",,"Author-prior confirmed indirectly - an on-device web app with local weather processing is a Linux-class workload. Robot mowers are likely MCU/RTOS, so the category is not homogeneous.",,,,
61,ask,garden,smart garden,firmwareUpdateModel,single,ManualFlash|NoUpdatePath|OtaAutomatic|OtaUserInitiated|unsure,OtaAutomatic,author-prior,UNMEASURED,,0.3882,stays-Estimated,19,"IN: consumer irrigation controllers and robot mowers (RainMachine, Rachio, ECOVACS/Yarbo mowers). OUT: commercial/agricultural irrigation and turf equipment.",OtaAutomatic,,,"Author-prior kept; judged, no source found.",,,,
62,ask,garden,smart garden,hasWebAdminUI,single,true|false|unsure,true,author-prior,UNMEASURED,,0.3487,stays-Estimated,19,"IN: consumer irrigation controllers and robot mowers (RainMachine, Rachio, ECOVACS/Yarbo mowers). OUT: commercial/agricultural irrigation and turf equipment.",true,"All RainMachine models come with a built-in web interface giving total control of the device over the local network, https://support.rainmachine.com/hc/en-us/articles/360007604793-Using-RainMachine-Web-App-Interface ; local network access without an account, https://support.rainmachine.com/hc/en-us/articles/7116888557719-Local-Network-Access",,Author-prior confirmed with explicit vendor documentation - one of the few hasWebAdminUI cells where a vendor states the whole product line has one ('all RainMachine models').,,,,
63,ask,garden,smart garden,supportLifetime,single,DeclaredLifetime|UndeclaredLifetime|unsure,UndeclaredLifetime,author-prior,UNMEASURED,,-0.3115,stays-Estimated,19,"IN: consumer irrigation controllers and robot mowers (RainMachine, Rachio, ECOVACS/Yarbo mowers). OUT: commercial/agricultural irrigation and turf equipment.",DeclaredLifetime,"UK PSTI Regs 2023 Sch.1 req.3 + Sch.2 - defined support period must be published, https://www.legislation.gov.uk/uksi/2023/1007/schedule/1/made ; Husqvarna UK PSTI Statements of Compliance covering Automower robotic mowers (doc ref PSTI-ROB-Con-B-24-1U), https://www.husqvarna.com/",yes,"Reverses the author-prior/Phase-A UndeclaredLifetime. Phase A sampled the devices in the CVE corpus, which are overwhelmingly pre-2024; the facet definition pins assessment to the 2026-08-05 snapshot vintage and warns regulation is moving this value. Since 29 Apr 2024 UK PSTI has compelled publication of a defined support period for every consumer connectable product sold in the UK, and this category's main vendors are complying. Jurisdiction limit: PSTI binds UK-market sales, not the category worldwide. Weaker than most: the Husqvarna statement was located through a PDF index rather than a stable vendor landing page, and I found no published period for the irrigation half (Rachio, RainMachine).",,,,
64,ask,babymonitor,baby monitor,capturesAV,single,true|false|unsure,true,author-prior,UNMEASURED,,0.3858,stays-Estimated,18,IN: dedicated consumer baby monitors. OUT: generic IP cameras not sold as baby monitors (classify under cameras) and any enterprise surveillance gear.,true,"Nanit Pro is a camera-based monitor with sound and motion notification and two-way audio, https://www.nanit.com/ ; D-Link DCS default credentials are username admin with the password field left blank, https://www.dlink.com/en/support/faq/cameras-and-surveillance/dcs-series/dcs-825l/how-do-i-change-the-password-on-my-baby-camera ; 'I Got My EyeOn You' - security vulnerabilities in D-Link's baby monitor, https://www.exploit-db.com/docs/48664",,"Author-prior confirmed. UNMEASURED by Phase A, but this is definitionally safe.  RE-SOURCED 2026-08-17: the original citation covered ~0% of this category's confirmed-Yes CVE population; added the corpus-dominant vendor (D-Link 55%), sourced from the vulnerability research that produced its CVEs.",,,,
65,ask,babymonitor,baby monitor,computeTier,single,AndroidDerived|EmbeddedLinux|McuClass|Rtos|unsure,EmbeddedLinux,author-prior,UNMEASURED,,0.3836,stays-Estimated,18,IN: dedicated consumer baby monitors. OUT: generic IP cameras not sold as baby monitors (classify under cameras) and any enterprise surveillance gear.,EmbeddedLinux,"D-Link, How do I manually upgrade the firmware on my camera - download the image and upload it through the camera's web UI at its internal IP address, https://www.dlink.com/en/support/faq/cameras-and-surveillance/dcs-series/dcs-2330l/how-do-i-manually-upgrade-the-firmware-on-my-camera",,"Author-prior kept; judged, no source found. Same inference as cameras (video encode plus network stack) without the GPL notice to back it.  RE-SOURCED 2026-08-17: the original citation covered ~0% of this category's confirmed-Yes CVE population; added the corpus-dominant vendor (D-Link 55%), sourced from the vulnerability research that produced its CVEs.",,,,
66,ask,babymonitor,baby monitor,firmwareUpdateModel,single,ManualFlash|NoUpdatePath|OtaAutomatic|OtaUserInitiated|unsure,OtaUserInitiated,author-prior,UNMEASURED,,0.3882,stays-Estimated,18,IN: dedicated consumer baby monitors. OUT: generic IP cameras not sold as baby monitors (classify under cameras) and any enterprise surveillance gear.,ManualFlash,"D-Link, How do I manually upgrade the firmware on my camera - download the image and upload it through the camera's web UI at its internal IP address, https://www.dlink.com/en/support/faq/cameras-and-surveillance/dcs-series/dcs-2330l/how-do-i-manually-upgrade-the-firmware-on-my-camera",,"Author-prior kept; judged, no source found.  RE-SOURCED 2026-08-17: the original citation covered ~0% of this category's confirmed-Yes CVE population; added the corpus-dominant vendor (D-Link is 55% of this category's confirmed-Yes CVEs), sourced from the vulnerability research that produced its CVEs. RECONCILED: column-1 draft was 'OtaUserInitiated'; changed to 'ManualFlash' on that evidence, ruling confirmed by the reviewer.",ManualFlash,,,Corrected 2026-08-17 by Aarav Verma: re-sourced against the corpus-dominant vendor (D-Link is 55% of this category's confirmed-Yes CVEs).
67,ask,babymonitor,baby monitor,hasWebAdminUI,single,true|false|unsure,true,author-prior,UNMEASURED,,0.3487,stays-Estimated,18,IN: dedicated consumer baby monitors. OUT: generic IP cameras not sold as baby monitors (classify under cameras) and any enterprise surveillance gear.,true,"D-Link, How do I manually upgrade the firmware on my camera - download the image and upload it through the camera's web UI at its internal IP address, https://www.dlink.com/en/support/faq/cameras-and-surveillance/dcs-series/dcs-2330l/how-do-i-manually-upgrade-the-firmware-on-my-camera",,"Author-prior kept, but I doubt it. Dedicated consumer baby monitors (Nanit, Owlet, Motorola) are app-only; the true-looking evidence comes from the generic IP cameras that CLAUDE.md records as ~95% contamination of this category's difference set. If the category is judged as scoped (dedicated baby monitors only) this should be false. Flagged as the cell in this category most likely to need reconciliation, and it is a knock-on effect of a known data-quality problem rather than a facet question.  RE-SOURCED 2026-08-17: the original citation covered ~0% of this category's confirmed-Yes CVE population; added the corpus-dominant vendor (D-Link 55%), sourced from the vulnerability research that produced its CVEs.",,,,
68,ask,babymonitor,baby monitor,supportLifetime,single,DeclaredLifetime|UndeclaredLifetime|unsure,UndeclaredLifetime,author-prior,UNMEASURED,,-0.3115,stays-Estimated,18,IN: dedicated consumer baby monitors. OUT: generic IP cameras not sold as baby monitors (classify under cameras) and any enterprise surveillance gear.,DeclaredLifetime,"UK PSTI Regs 2023 Sch.1 req.3 + Sch.2 - defined support period must be published, https://www.legislation.gov.uk/uksi/2023/1007/schedule/1/made ; Nanit UK PSTI Statement of Compliance - security updates for a minimum of 2 years from date of purchase (models N301, N311, N322, L101), https://www.nanit.com/pages/uk-psti-statement-of-compliance ; Motorola UK PSTI Statement of Compliance for nursery products, https://www.motorolanursery.com/media/yyej5umo/vmxx_uk-psti-soc.pdf",yes,"Reverses the author-prior/Phase-A UndeclaredLifetime. Phase A sampled the devices in the CVE corpus, which are overwhelmingly pre-2024; the facet definition pins assessment to the 2026-08-05 snapshot vintage and warns regulation is moving this value. Since 29 Apr 2024 UK PSTI has compelled publication of a defined support period for every consumer connectable product sold in the UK, and this category's main vendors are complying. Jurisdiction limit: PSTI binds UK-market sales, not the category worldwide. Nanit's two-year period is the shortest I found anywhere on this sheet, which is notable for a device class bought for a multi-year use case.",,,,
69,ask,thermostat,smart thermostat,capturesAV,single,true|false|unsure,false,author-prior,UNMEASURED,,0.3858,stays-Estimated,18,IN: residential smart thermostats. OUT: commercial building-management/HVAC controllers and industrial climate systems.,false,,,Author-prior kept; judged. Nest thermostats have no camera or mic (the discontinued Nest Secure did).,,,,
70,ask,thermostat,smart thermostat,computeTier,single,AndroidDerived|EmbeddedLinux|McuClass|Rtos|unsure,EmbeddedLinux,author-prior,UNMEASURED,,0.3836,stays-Estimated,18,IN: residential smart thermostats. OUT: commercial building-management/HVAC controllers and industrial climate systems.,EmbeddedLinux,,,"Author-prior kept; judged, no source found. Colour-screen learning thermostats are Linux-class; simpler Z-Wave/Zigbee stats are MCU-class, so the category is mixed.",,,,
71,ask,thermostat,smart thermostat,firmwareUpdateModel,single,ManualFlash|NoUpdatePath|OtaAutomatic|OtaUserInitiated|unsure,OtaAutomatic,author-prior,UNMEASURED,,0.3882,stays-Estimated,18,IN: residential smart thermostats. OUT: commercial building-management/HVAC controllers and industrial climate systems.,OtaAutomatic,"Nest thermostat updates install automatically when the device is idle and connected, https://support.google.com/googlehome/answer/9335964 ; CISA ICSA-23-234-02 (Trane thermostats) - 'as soon as the device is connected to the internet, it will check for a new firmware version... no user interaction is required', https://www.cisa.gov/news-events/ics-advisories/icsa-23-234-02 ; ecobee - 'your ecobee Smart Thermostat will update automatically, as long as it is connected to Wi-Fi', with a staged rollout, https://www.techsolutions.support.com/how-to/how-to-update-an-ecobee-smart-thermostat-12342",,"Author-prior confirmed.  RE-SOURCED 2026-08-17: the original citation covered ~0% of this category's confirmed-Yes CVE population; added the corpus-dominant vendor (ecobee 22% + Trane 17%), sourced from the vulnerability research that produced its CVEs. Added ecobee (22% of the category) alongside Trane (17%) so the citation outweighs the largest uncited vendor.",,,,
72,ask,thermostat,smart thermostat,hasWebAdminUI,single,true|false|unsure,false,author-prior,UNMEASURED,,0.3487,stays-Estimated,18,IN: residential smart thermostats. OUT: commercial building-management/HVAC controllers and industrial climate systems.,false,,,Author-prior kept; judged. Administration is on the dial/screen and in the app.,,,,
73,ask,thermostat,smart thermostat,supportLifetime,single,DeclaredLifetime|UndeclaredLifetime|unsure,UndeclaredLifetime,author-prior,UNMEASURED,,-0.3115,stays-Estimated,18,IN: residential smart thermostats. OUT: commercial building-management/HVAC controllers and industrial climate systems.,DeclaredLifetime,"UK PSTI Regs 2023 Sch.1 req.3 + Sch.2 - defined support period must be published, https://www.legislation.gov.uk/uksi/2023/1007/schedule/1/made ; Google - at least 5 years of automatic security updates for connected-home devices from first sale, with a published device list, https://support.google.com/product-documentation/answer/10231940 ; Bosch Smart Home - minimum four-year operating period including software and security updates, https://www.bosch-smarthome.com/gb/en/software-securityupdates/",yes,"Reverses the author-prior/Phase-A UndeclaredLifetime. Phase A sampled the devices in the CVE corpus, which are overwhelmingly pre-2024; the facet definition pins assessment to the 2026-08-05 snapshot vintage and warns regulation is moving this value. Since 29 Apr 2024 UK PSTI has compelled publication of a defined support period for every consumer connectable product sold in the UK, and this category's main vendors are complying. Jurisdiction limit: PSTI binds UK-market sales, not the category worldwide.",,,,
74,ask,airconditioner,smart air conditioner,capturesAV,single,true|false|unsure,false,author-prior,UNMEASURED,,0.3858,stays-Estimated,5,IN: consumer smart/Wi-Fi air conditioners and mini-splits with app control. OUT: commercial rooftop units and industrial HVAC.,false,,,Author-prior kept; judged.,,,,
75,ask,airconditioner,smart air conditioner,computeTier,single,AndroidDerived|EmbeddedLinux|McuClass|Rtos|unsure,McuClass,author-prior,UNMEASURED,,0.3836,stays-Estimated,5,IN: consumer smart/Wi-Fi air conditioners and mini-splits with app control. OUT: commercial rooftop units and industrial HVAC.,McuClass,"Midea-family air conditioners are made smart by a plug-in Wi-Fi dongle built on an ESP-class microcontroller, https://smlight.tech/product/slwf-01",,"Author-prior confirmed. The smart part of a smart AC is a small serial-to-Wi-Fi module, not a general-purpose computer - Rtos would be arguable given ESP parts usually run FreeRTOS, and reviewer 2 should consider it.",,,,
76,ask,airconditioner,smart air conditioner,firmwareUpdateModel,single,ManualFlash|NoUpdatePath|OtaAutomatic|OtaUserInitiated|unsure,OtaUserInitiated,author-prior,UNMEASURED,,0.3882,stays-Estimated,5,IN: consumer smart/Wi-Fi air conditioners and mini-splits with app control. OUT: commercial rooftop units and industrial HVAC.,OtaUserInitiated,,,"Author-prior kept; judged, no source found.",,,,
77,ask,airconditioner,smart air conditioner,hasWebAdminUI,single,true|false|unsure,false,author-prior,UNMEASURED,,0.3487,stays-Estimated,5,IN: consumer smart/Wi-Fi air conditioners and mini-splits with app control. OUT: commercial rooftop units and industrial HVAC.,false,,,Author-prior kept; judged.,,,,
78,ask,airconditioner,smart air conditioner,supportLifetime,single,DeclaredLifetime|UndeclaredLifetime|unsure,UndeclaredLifetime,author-prior,UNMEASURED,,-0.3115,stays-Estimated,5,IN: consumer smart/Wi-Fi air conditioners and mini-splits with app control. OUT: commercial rooftop units and industrial HVAC.,DeclaredLifetime,"UK PSTI Regs 2023 Sch.1 req.3 + Sch.2 - defined support period must be published, https://www.legislation.gov.uk/uksi/2023/1007/schedule/1/made ; Midea UK PSTI statement of compliance for air conditioners - at least 3 years of security update support from date of release, https://mideauk.co.uk/support/psti/ (PDF: https://www.midea.com/content/dam/midea-aem/uk/PSTI/PSTI-SOC-for-air-conditioner-MIDEA-V3.pdf)",yes,"Reverses the author-prior/Phase-A UndeclaredLifetime. Phase A sampled the devices in the CVE corpus, which are overwhelmingly pre-2024; the facet definition pins assessment to the 2026-08-05 snapshot vintage and warns regulation is moving this value. Since 29 Apr 2024 UK PSTI has compelled publication of a defined support period for every consumer connectable product sold in the UK, and this category's main vendors are complying. Jurisdiction limit: PSTI binds UK-market sales, not the category worldwide.",,,,
79,ask,sensors,home sensor,capturesAV,single,true|false|unsure,false,author-prior,UNMEASURED,,0.3858,stays-Estimated,4,"IN: consumer home sensors — motion, contact, leak, temperature, air-quality, presence. OUT: industrial/enterprise sensors and PLC/SCADA field devices.",false,,,Author-prior kept; judged. Presence radar and PIR are not AV capture.,,,,
80,ask,sensors,home sensor,computeTier,single,AndroidDerived|EmbeddedLinux|McuClass|Rtos|unsure,McuClass,author-prior,UNMEASURED,,0.3836,stays-Estimated,4,"IN: consumer home sensors — motion, contact, leak, temperature, air-quality, presence. OUT: industrial/enterprise sensors and PLC/SCADA field devices.",McuClass,"Aqara door/window and motion sensors are Zigbee 3.0 battery devices with ~2-year battery life, https://www.aqara.com/us/product/door-and-window-sensor-p2/",,Author-prior confirmed indirectly: a two-year coin-cell budget rules out anything above MCU class.,,,,
81,ask,sensors,home sensor,firmwareUpdateModel,single,ManualFlash|NoUpdatePath|OtaAutomatic|OtaUserInitiated|unsure,OtaUserInitiated,author-prior,UNMEASURED,,0.3882,stays-Estimated,4,"IN: consumer home sensors — motion, contact, leak, temperature, air-quality, presence. OUT: industrial/enterprise sensors and PLC/SCADA field devices.",OtaUserInitiated,"Aqara sensors are updated through the Aqara hub and app, https://www.aqara.com/en/security-certifications/",,"Author-prior kept. The image reaches the sensor only through its coordinator, when the owner triggers it.",,,,
82,ask,sensors,home sensor,hasWebAdminUI,single,true|false|unsure,false,author-prior,UNMEASURED,,0.3487,stays-Estimated,4,"IN: consumer home sensors — motion, contact, leak, temperature, air-quality, presence. OUT: industrial/enterprise sensors and PLC/SCADA field devices.",false,,,"Author-prior kept; judged. A mesh leaf sensor has no IP address, let alone an HTTP server - one of the few facet answers in the set that is true by construction.",,,,
83,ask,sensors,home sensor,supportLifetime,single,DeclaredLifetime|UndeclaredLifetime|unsure,UndeclaredLifetime,author-prior,UNMEASURED,,-0.3115,stays-Estimated,4,"IN: consumer home sensors — motion, contact, leak, temperature, air-quality, presence. OUT: industrial/enterprise sensors and PLC/SCADA field devices.",DeclaredLifetime,"UK PSTI Regs 2023 Sch.1 req.3 + Sch.2 - defined support period must be published, https://www.legislation.gov.uk/uksi/2023/1007/schedule/1/made ; Aqara global security and compliance statements - defined support period at least 2 years from launch, and PSTI statements per product (e.g. Presence Sensor FP2), https://www.aqara.com/en/security-certifications/ ; Bosch Smart Home minimum four-year operating period including security updates, https://www.bosch-smarthome.com/gb/en/software-securityupdates/",yes,"Reverses the author-prior/Phase-A UndeclaredLifetime. Phase A sampled the devices in the CVE corpus, which are overwhelmingly pre-2024; the facet definition pins assessment to the 2026-08-05 snapshot vintage and warns regulation is moving this value. Since 29 Apr 2024 UK PSTI has compelled publication of a defined support period for every consumer connectable product sold in the UK, and this category's main vendors are complying. Jurisdiction limit: PSTI binds UK-market sales, not the category worldwide.",,,,
84,ask,appliances,smart appliance,capturesAV,single,true|false|unsure,false,author-prior,UNMEASURED,,0.3858,stays-Estimated,3,"IN: consumer smart kitchen/laundry appliances — oven, range, cooker, microwave, dishwasher, washer, dryer, water heater. OUT: commercial/industrial appliances.",false,,,Author-prior kept; judged. In-oven cameras exist on premium models but are not the category.,,,,
85,ask,appliances,smart appliance,computeTier,single,AndroidDerived|EmbeddedLinux|McuClass|Rtos|unsure,EmbeddedLinux,author-prior,UNMEASURED,,0.3836,stays-Estimated,3,"IN: consumer smart kitchen/laundry appliances — oven, range, cooker, microwave, dishwasher, washer, dryer, water heater. OUT: commercial/industrial appliances.",EmbeddedLinux,,,"Author-prior kept; judged, no source found.",,,,
86,ask,appliances,smart appliance,firmwareUpdateModel,single,ManualFlash|NoUpdatePath|OtaAutomatic|OtaUserInitiated|unsure,OtaAutomatic,author-prior,UNMEASURED,,0.3882,stays-Estimated,3,"IN: consumer smart kitchen/laundry appliances — oven, range, cooker, microwave, dishwasher, washer, dryer, water heater. OUT: commercial/industrial appliances.",OtaAutomatic,,,"Author-prior kept; judged, no source found.",,,,
87,ask,appliances,smart appliance,hasWebAdminUI,single,true|false|unsure,false,author-prior,UNMEASURED,,0.3487,stays-Estimated,3,"IN: consumer smart kitchen/laundry appliances — oven, range, cooker, microwave, dishwasher, washer, dryer, water heater. OUT: commercial/industrial appliances.",false,,,Author-prior kept; judged.,,,,
88,ask,appliances,smart appliance,supportLifetime,single,DeclaredLifetime|UndeclaredLifetime|unsure,UndeclaredLifetime,author-prior,UNMEASURED,,-0.3115,stays-Estimated,3,"IN: consumer smart kitchen/laundry appliances — oven, range, cooker, microwave, dishwasher, washer, dryer, water heater. OUT: commercial/industrial appliances.",DeclaredLifetime,"UK PSTI Regs 2023 Sch.1 req.3 + Sch.2 - defined support period must be published, https://www.legislation.gov.uk/uksi/2023/1007/schedule/1/made ; Samsung - home appliances released from January 2024 receive security updates for 7 years from launch, https://www.samsung.com/global/sustainability/popup/popup_doc/AYUqoB6qDDMAIx_C/ ; Bosch - minimum four-year operating period including software and security updates, https://www.bosch-smarthome.com/gb/en/software-securityupdates/",yes,"Reverses the author-prior/Phase-A UndeclaredLifetime. Phase A sampled the devices in the CVE corpus, which are overwhelmingly pre-2024; the facet definition pins assessment to the 2026-08-05 snapshot vintage and warns regulation is moving this value. Since 29 Apr 2024 UK PSTI has compelled publication of a defined support period for every consumer connectable product sold in the UK, and this category's main vendors are complying. Jurisdiction limit: PSTI binds UK-market sales, not the category worldwide. Samsung's 7 years is the longest published period I found on this sheet.",,,,
89,ask,fridge,smart refrigerator,capturesAV,single,true|false|unsure,false,author-prior,UNMEASURED,,0.3858,stays-Estimated,3,IN: consumer smart refrigerators. OUT: commercial/industrial refrigeration.,false,,,"Author-prior kept; judged. Family Hub has interior cameras, but they photograph the shelves rather than the room, and the category is mostly non-camera fridges.",,,,
90,ask,fridge,smart refrigerator,computeTier,single,AndroidDerived|EmbeddedLinux|McuClass|Rtos|unsure,AndroidDerived,author-prior,UNMEASURED,,0.3836,stays-Estimated,3,IN: consumer smart refrigerators. OUT: commercial/industrial refrigeration.,EmbeddedLinux,"Samsung Family Hub refrigerators run Tizen and are developed against Tizen Studio, https://developer.samsung.com/family-hub",,"DEVIATES from the author-prior (AndroidDerived) on vendor documentation. The two screen-fridge platforms are Tizen (Samsung) and webOS (LG); both are Linux-based but neither is Android or an AOSP fork, so AndroidDerived is simply the wrong value. This is a clean win for the sourcing pass - the prior was plausible and wrong.",,,,
91,ask,fridge,smart refrigerator,firmwareUpdateModel,single,ManualFlash|NoUpdatePath|OtaAutomatic|OtaUserInitiated|unsure,OtaAutomatic,author-prior,UNMEASURED,,0.3882,stays-Estimated,3,IN: consumer smart refrigerators. OUT: commercial/industrial refrigeration.,OtaAutomatic,,,"Author-prior kept; judged, no source found.",,,,
92,ask,fridge,smart refrigerator,hasWebAdminUI,single,true|false|unsure,false,author-prior,UNMEASURED,,0.3487,stays-Estimated,3,IN: consumer smart refrigerators. OUT: commercial/industrial refrigeration.,false,,,Author-prior kept; judged.,,,,
93,ask,fridge,smart refrigerator,supportLifetime,single,DeclaredLifetime|UndeclaredLifetime|unsure,UndeclaredLifetime,author-prior,UNMEASURED,,-0.3115,stays-Estimated,3,IN: consumer smart refrigerators. OUT: commercial/industrial refrigeration.,DeclaredLifetime,"UK PSTI Regs 2023 Sch.1 req.3 + Sch.2 - defined support period must be published, https://www.legislation.gov.uk/uksi/2023/1007/schedule/1/made ; Samsung - home appliances released from January 2024 receive security updates for 7 years from launch, with Knox Matrix extended to Wi-Fi refrigerators, https://www.samsung.com/global/sustainability/popup/popup_doc/AYUqoB6qDDMAIx_C/",yes,"Reverses the author-prior/Phase-A UndeclaredLifetime. Phase A sampled the devices in the CVE corpus, which are overwhelmingly pre-2024; the facet definition pins assessment to the 2026-08-05 snapshot vintage and warns regulation is moving this value. Since 29 Apr 2024 UK PSTI has compelled publication of a defined support period for every consumer connectable product sold in the UK, and this category's main vendors are complying. Jurisdiction limit: PSTI binds UK-market sales, not the category worldwide.",,,,
94,ask,airpurifier,air purifier,capturesAV,single,true|false|unsure,false,author-prior,UNMEASURED,,0.3858,stays-Estimated,2,IN: consumer smart air purifiers. OUT: commercial/industrial air-handling and filtration systems.,false,,,Author-prior kept; judged.,,,,
95,ask,airpurifier,air purifier,computeTier,single,AndroidDerived|EmbeddedLinux|McuClass|Rtos|unsure,McuClass,author-prior,UNMEASURED,,0.3836,stays-Estimated,2,IN: consumer smart air purifiers. OUT: commercial/industrial air-handling and filtration systems.,McuClass,,,"Author-prior kept; judged, no source found.",,,,
96,ask,airpurifier,air purifier,firmwareUpdateModel,single,ManualFlash|NoUpdatePath|OtaAutomatic|OtaUserInitiated|unsure,OtaUserInitiated,author-prior,UNMEASURED,,0.3882,stays-Estimated,2,IN: consumer smart air purifiers. OUT: commercial/industrial air-handling and filtration systems.,OtaUserInitiated,"MyDyson app - firmware updates are applied from Device Settings > Software Updates, with auto-update as an option the owner enables, https://www.dyson.com/app-refresh",,"Author-prior confirmed: the default is owner-approved, with automatic as an opt-in.",,,,
97,ask,airpurifier,air purifier,hasWebAdminUI,single,true|false|unsure,false,author-prior,UNMEASURED,,0.3487,stays-Estimated,2,IN: consumer smart air purifiers. OUT: commercial/industrial air-handling and filtration systems.,false,,,Author-prior kept; judged.,,,,
98,ask,airpurifier,air purifier,supportLifetime,single,DeclaredLifetime|UndeclaredLifetime|unsure,UndeclaredLifetime,author-prior,UNMEASURED,,-0.3115,stays-Estimated,2,IN: consumer smart air purifiers. OUT: commercial/industrial air-handling and filtration systems.,DeclaredLifetime,"UK PSTI Regs 2023 Sch.1 req.3 + Sch.2 - defined support period must be published, https://www.legislation.gov.uk/uksi/2023/1007/schedule/1/made ; Dyson compliance data page publishing UK PSTI Statements of Compliance, https://www.dyson.co.uk/inside-dyson/terms/compliance",yes,"Reverses the author-prior/Phase-A UndeclaredLifetime. Phase A sampled the devices in the CVE corpus, which are overwhelmingly pre-2024; the facet definition pins assessment to the 2026-08-05 snapshot vintage and warns regulation is moving this value. Since 29 Apr 2024 UK PSTI has compelled publication of a defined support period for every consumer connectable product sold in the UK, and this category's main vendors are complying. Jurisdiction limit: PSTI binds UK-market sales, not the category worldwide. Weaker than most: Dyson publishes the statements but I did not open an individual one to read the period, so the evidence is that a declaration exists, not what it says.",,,,
99,ask,fans,smart fan,capturesAV,single,true|false|unsure,false,author-prior,UNMEASURED,,0.3858,stays-Estimated,1,"IN: consumer smart/connected fans (ceiling, tower, pedestal). OUT: industrial/commercial ventilation and exhaust systems.",false,,,Author-prior kept; judged.,,,,
100,ask,fans,smart fan,computeTier,single,AndroidDerived|EmbeddedLinux|McuClass|Rtos|unsure,McuClass,author-prior,UNMEASURED,,0.3836,stays-Estimated,1,"IN: consumer smart/connected fans (ceiling, tower, pedestal). OUT: industrial/commercial ventilation and exhaust systems.",McuClass,,,"Author-prior kept; judged, no source found.",,,,
101,ask,fans,smart fan,firmwareUpdateModel,single,ManualFlash|NoUpdatePath|OtaAutomatic|OtaUserInitiated|unsure,OtaUserInitiated,author-prior,UNMEASURED,,0.3882,stays-Estimated,1,"IN: consumer smart/connected fans (ceiling, tower, pedestal). OUT: industrial/commercial ventilation and exhaust systems.",OtaUserInitiated,https://www.dyson.com/app-refresh,,"Author-prior confirmed via the Dyson fan/purifier line, which spans both categories.",,,,
102,ask,fans,smart fan,hasWebAdminUI,single,true|false|unsure,false,author-prior,UNMEASURED,,0.3487,stays-Estimated,1,"IN: consumer smart/connected fans (ceiling, tower, pedestal). OUT: industrial/commercial ventilation and exhaust systems.",false,,,Author-prior kept; judged.,,,,
103,ask,fans,smart fan,supportLifetime,single,DeclaredLifetime|UndeclaredLifetime|unsure,UndeclaredLifetime,author-prior,UNMEASURED,,-0.3115,stays-Estimated,1,"IN: consumer smart/connected fans (ceiling, tower, pedestal). OUT: industrial/commercial ventilation and exhaust systems.",DeclaredLifetime,"UK PSTI Regs 2023 Sch.1 req.3 + Sch.2 - defined support period must be published, https://www.legislation.gov.uk/uksi/2023/1007/schedule/1/made ; Dyson compliance data page publishing UK PSTI Statements of Compliance, https://www.dyson.co.uk/inside-dyson/terms/compliance",yes,"Reverses the author-prior/Phase-A UndeclaredLifetime. Phase A sampled the devices in the CVE corpus, which are overwhelmingly pre-2024; the facet definition pins assessment to the 2026-08-05 snapshot vintage and warns regulation is moving this value. Since 29 Apr 2024 UK PSTI has compelled publication of a defined support period for every consumer connectable product sold in the UK, and this category's main vendors are complying. Jurisdiction limit: PSTI binds UK-market sales, not the category worldwide. Same limitation as airpurifier: I confirmed statements are published, not their contents.",,,,
104,ask,shades,smart blinds,capturesAV,single,true|false|unsure,false,author-prior,UNMEASURED,,0.3858,stays-Estimated,0,"IN: consumer smart blinds, shades, curtains, shutters and their motors/controllers. OUT: commercial/industrial window and facade systems.",false,,,Author-prior kept; judged.,,,,
105,ask,shades,smart blinds,computeTier,single,AndroidDerived|EmbeddedLinux|McuClass|Rtos|unsure,McuClass,author-prior,UNMEASURED,,0.3836,stays-Estimated,0,"IN: consumer smart blinds, shades, curtains, shutters and their motors/controllers. OUT: commercial/industrial window and facade systems.",McuClass,,,"Author-prior kept; judged, no source found.",,,,
106,ask,shades,smart blinds,firmwareUpdateModel,single,ManualFlash|NoUpdatePath|OtaAutomatic|OtaUserInitiated|unsure,OtaUserInitiated,author-prior,UNMEASURED,,0.3882,stays-Estimated,0,"IN: consumer smart blinds, shades, curtains, shutters and their motors/controllers. OUT: commercial/industrial window and facade systems.",OtaUserInitiated,,,"Author-prior kept; judged, no source found.",,,,
107,ask,shades,smart blinds,hasWebAdminUI,single,true|false|unsure,false,author-prior,UNMEASURED,,0.3487,stays-Estimated,0,"IN: consumer smart blinds, shades, curtains, shutters and their motors/controllers. OUT: commercial/industrial window and facade systems.",false,,,Author-prior kept; judged.,,,,
108,ask,shades,smart blinds,supportLifetime,single,DeclaredLifetime|UndeclaredLifetime|unsure,UndeclaredLifetime,author-prior,UNMEASURED,,-0.3115,stays-Estimated,0,"IN: consumer smart blinds, shades, curtains, shutters and their motors/controllers. OUT: commercial/industrial window and facade systems.",DeclaredLifetime,"UK PSTI Regs 2023 Sch.1 req.3 + Sch.2 - defined support period must be published, https://www.legislation.gov.uk/uksi/2023/1007/schedule/1/made ; Somfy UK PSTI Statement of Compliance for TaHoma, https://service.somfy.com/downloads/uk_v5/pstisoc_tahoma.pdf",yes,"Reverses the author-prior/Phase-A UndeclaredLifetime. Phase A sampled the devices in the CVE corpus, which are overwhelmingly pre-2024; the facet definition pins assessment to the 2026-08-05 snapshot vintage and warns regulation is moving this value. Since 29 Apr 2024 UK PSTI has compelled publication of a defined support period for every consumer connectable product sold in the UK, and this category's main vendors are complying. Jurisdiction limit: PSTI binds UK-market sales, not the category worldwide. Note this category has ZERO confirmed CVEs and was settled as having no NVD footprint, so every cell here is about the device class rather than about anything in the dataset.",,,,
109,ask,sleeptracker,sleep tracker,capturesAV,single,true|false|unsure,false,author-prior,UNMEASURED,,0.3858,stays-Estimated,0,"IN: bedside / non-wearable sleep monitors. OUT: wrist wearables and fitness trackers (Fitbit, Apple Watch, Garmin).",false,,,"Author-prior kept; judged. Withings Sleep Analyzer has a sound sensor for snoring detection, which is arguably an always-listening microphone under the facet's wording - flagged rather than overridden, since 'sound sensor' and 'microphone' may or may not be the same claim.",,,,
110,ask,sleeptracker,sleep tracker,computeTier,single,AndroidDerived|EmbeddedLinux|McuClass|Rtos|unsure,McuClass,author-prior,UNMEASURED,,0.3836,stays-Estimated,0,"IN: bedside / non-wearable sleep monitors. OUT: wrist wearables and fitness trackers (Fitbit, Apple Watch, Garmin).",McuClass,,,"Author-prior kept; judged, no source found.",,,,
111,ask,sleeptracker,sleep tracker,firmwareUpdateModel,single,ManualFlash|NoUpdatePath|OtaAutomatic|OtaUserInitiated|unsure,OtaAutomatic,author-prior,UNMEASURED,,0.3882,stays-Estimated,0,"IN: bedside / non-wearable sleep monitors. OUT: wrist wearables and fitness trackers (Fitbit, Apple Watch, Garmin).",OtaAutomatic,,,"Author-prior kept; judged, no source found.",,,,
112,ask,sleeptracker,sleep tracker,hasWebAdminUI,single,true|false|unsure,false,author-prior,UNMEASURED,,0.3487,stays-Estimated,0,"IN: bedside / non-wearable sleep monitors. OUT: wrist wearables and fitness trackers (Fitbit, Apple Watch, Garmin).",false,,,Author-prior kept; judged.,,,,
113,ask,sleeptracker,sleep tracker,supportLifetime,single,DeclaredLifetime|UndeclaredLifetime|unsure,UndeclaredLifetime,author-prior,UNMEASURED,,-0.3115,stays-Estimated,0,"IN: bedside / non-wearable sleep monitors. OUT: wrist wearables and fitness trackers (Fitbit, Apple Watch, Garmin).",DeclaredLifetime,"UK PSTI Regs 2023 Sch.1 req.3 + Sch.2 - defined support period must be published, https://www.legislation.gov.uk/uksi/2023/1007/schedule/1/made ; Withings End-of-Support Policy - end-of-support date is 5 years after the end-of-sale date, with a published list of products that have reached it, https://www.withings.com/eu/en/legal/end-of-support-policy",yes,"Reverses the author-prior/Phase-A UndeclaredLifetime. Phase A sampled the devices in the CVE corpus, which are overwhelmingly pre-2024; the facet definition pins assessment to the 2026-08-05 snapshot vintage and warns regulation is moving this value. Since 29 Apr 2024 UK PSTI has compelled publication of a defined support period for every consumer connectable product sold in the UK, and this category's main vendors are complying. Jurisdiction limit: PSTI binds UK-market sales, not the category worldwide. As with shades, this category has zero confirmed CVEs and is a rebuild candidate, so the cell describes the device class rather than anything in the dataset.",,,,
114,ask,cameras,security camera,adminModel,multi,AppOnlyAdmin|CloudPortalAdmin|LocalWebAdmin|NoAdminInterface|unsure,AppOnlyAdmin|CloudPortalAdmin|LocalWebAdmin,author-prior,UNMEASURED,,,,881,"IN: consumer IP/Wi-Fi/battery security cameras and home DVR/NVR. OUT: enterprise NVR/VMS/SAN and cloud gateways (Hikvision Hybrid SAN, Dahua DSS, Pelco professional, wireless bridges). Video doorbells belong to doorbell; baby monitors to babymonitor.",AppOnlyAdmin|LocalWebAdmin,"Reolink web UI (browser admin on the device), https://support.reolink.com/articles/34817575507481-How-to-Manually-Update-Firmware-for-Reolink-Devices/ ; Hikvision browser admin, https://us-legacy.hikvision.com/en/support-resources/cybersecurity-center/updating-firmware ; D-Link, How do I manually upgrade the firmware on my camera - download the image and upload it through the camera's web UI at its internal IP address, https://www.dlink.com/en/support/faq/cameras-and-surveillance/dcs-series/dcs-2330l/how-do-i-manually-upgrade-the-firmware-on-my-camera",,"Dropped CloudPortalAdmin from the prefill: Hik-Connect / Reolink Cloud are viewing and sharing surfaces, not where the owner administers the device. Both remaining values are genuinely common - battery and doorbell-class cams are app-only, wired cams and recorders carry a local web admin. COVERAGE 2026-08-17: added D-Link (9% of this category's confirmed-Yes CVEs), the largest vendor the original citation missed, using the same KB verified for babymonitor.",AppOnlyAdmin|LocalWebAdmin,,,Accepted 2026-08-17 by Aarav Verma after review of the column-1 verdict and its cited source(s).
115,ask,cameras,security camera,alsoDeployedIn,multi,Commercial|Industrial|Prosumer|Residential|none|unsure,Commercial|Prosumer,author-prior,UNMEASURED,,,,881,"IN: consumer IP/Wi-Fi/battery security cameras and home DVR/NVR. OUT: enterprise NVR/VMS/SAN and cloud gateways (Hikvision Hybrid SAN, Dahua DSS, Pelco professional, wireless bridges). Video doorbells belong to doorbell; baby monitors to babymonitor.",Commercial|Prosumer,"Dahua UK product policy pages address a trade/installer audience for the same product families, https://www.dahuasecurity.com/uk/newsEvents/productUsePolicy",,"Keeps the prefill. The same Hikvision/Dahua/Reolink model numbers are sold into small business and SOHO premises; this is the same overlap that makes the V-intersect-K set dirty for cameras (CLAUDE.md, Stage 3).",Commercial|Prosumer,,,Accepted 2026-08-17 by Aarav Verma after review of the column-1 verdict and its cited source(s).
116,ask,cameras,security camera,credentialModel,multi,AccountBound|CertificateBound|DefaultPassword|ForcedCredentialSetup|NoCredential|unsure,AccountBound|DefaultPassword,author-prior,UNMEASURED,,,,881,"IN: consumer IP/Wi-Fi/battery security cameras and home DVR/NVR. OUT: enterprise NVR/VMS/SAN and cloud gateways (Hikvision Hybrid SAN, Dahua DSS, Pelco professional, wireless bridges). Video doorbells belong to doorbell; baby monitors to babymonitor.",AccountBound|DefaultPassword,"ETSI EN 303 645 v3.1.3 prov. 5.1-1 (universal default passwords prohibited) documents that the DefaultPassword scheme is the one the standard exists to remove, https://www.etsi.org/deliver/etsi_en/303600_303699/303645/03.01.03_60/en_303645v030103p.pdf",,"Keeps the prefill. Deliberately did NOT add ForcedCredentialSetup even though Hikvision-style activation-on-first-boot is now widespread, because I could not open a vendor page that states it; adding it unsourced would be exactly the decorative-citation failure the kit warns about. Flagged for reviewer 2 as the likeliest addition.",AccountBound|DefaultPassword,,,Accepted 2026-08-17 by Aarav Verma after review of the column-1 verdict and its cited source(s).
117,ask,cameras,security camera,pairingModel,multi,AccountLinked|BleProvisioned|MeshJoin|QrPaired|SoftApPaired|WpsPaired|unsure,AccountLinked|QrPaired|WpsPaired,author-prior,UNMEASURED,,,,881,"IN: consumer IP/Wi-Fi/battery security cameras and home DVR/NVR. OUT: enterprise NVR/VMS/SAN and cloud gateways (Hikvision Hybrid SAN, Dahua DSS, Pelco professional, wireless bridges). Video doorbells belong to doorbell; baby monitors to babymonitor.",AccountLinked|QrPaired|SoftApPaired,"Reolink/Hikvision wired devices are reached over the LAN after DHCP; app-paired models scan the printed code, https://support.reolink.com/articles/34817575507481-How-to-Manually-Update-Firmware-for-Reolink-Devices/",,"Dropped WpsPaired (deprecated and disabled by default on current models), added SoftApPaired (the standard route for battery Wi-Fi cams). FINDING FOR THE ONTOLOGY: the dominant enrolment route in this category - plug the camera into Ethernet and find it by IP or SADP - has NO value in this vocabulary. Every listed value understates how much of this category is simply put on the LAN.",AccountLinked|QrPaired|SoftApPaired,,,Accepted 2026-08-17 by Aarav Verma after review of the column-1 verdict and its cited source(s).
118,ask,cameras,security camera,patchResponsibility,multi,InstallerPatched|Unmaintained|UserPatched|VendorPatched|unsure,UserPatched,author-prior,UNMEASURED,,,,881,"IN: consumer IP/Wi-Fi/battery security cameras and home DVR/NVR. OUT: enterprise NVR/VMS/SAN and cloud gateways (Hikvision Hybrid SAN, Dahua DSS, Pelco professional, wireless bridges). Video doorbells belong to doorbell; baby monitors to babymonitor.",UserPatched,"Reolink manual firmware update procedure requires the owner to fetch and apply the image, https://support.reolink.com/articles/34817575507481-How-to-Manually-Update-Firmware-for-Reolink-Devices/",,"Follows directly from firmwareUpdateModel=ManualFlash. Note for the planned firmwareUpdateModel x patchResponsibility cross-tab: these two are near-collinear here by construction, which is itself the answer that cross-tab is looking for.",UserPatched,,,Accepted 2026-08-17 by Aarav Verma after review of the column-1 verdict and its cited source(s).
119,ask,cameras,security camera,topology,multi,DirectIP|HubMediated|MeshLeaf|unsure,DirectIP,author-prior,UNMEASURED,,,,881,"IN: consumer IP/Wi-Fi/battery security cameras and home DVR/NVR. OUT: enterprise NVR/VMS/SAN and cloud gateways (Hikvision Hybrid SAN, Dahua DSS, Pelco professional, wireless bridges). Video doorbells belong to doorbell; baby monitors to babymonitor.",DirectIP,"Reolink/Hikvision devices hold their own LAN IP and serve their own web UI, https://support.reolink.com/articles/34817575507481-How-to-Manually-Update-Firmware-for-Reolink-Devices/",,Keeps the prefill. One value is the right answer here - a directly addressable IP camera is what the whole category is.,DirectIP,,,Accepted 2026-08-17 by Aarav Verma after review of the column-1 verdict and its cited source(s).
120,ask,hub,smart home hub,adminModel,multi,AppOnlyAdmin|CloudPortalAdmin|LocalWebAdmin|NoAdminInterface|unsure,AppOnlyAdmin|CloudPortalAdmin|LocalWebAdmin,author-prior,UNMEASURED,,,,247,"IN: IoT hubs, bridges, and Matter/Thread/Zigbee/Z-Wave controllers (SmartThings, Hubitat, Hue Bridge). OUT: plain routers, modems, ONT, and unmanaged switches — transport, not home control.",AppOnlyAdmin|LocalWebAdmin,"Hubitat browser admin at the hub IP, https://www.techhive.com/article/579824/hubitat-elevation-review.html ; SmartThings is administered in the mobile app, https://blog.sharptools.io/smartthings-vs-hubitat-vs-home-assistant/ ; Cisco Talos TALOS-2018-0511 - Insteon Hub MPFS Upload firmware-update vulnerability; MPFS is Microchip's HTTP-server filesystem, so the device serves HTTP admin content, https://www.talosintelligence.com/vulnerability_reports/TALOS-2018-0511 ; Insteon shut down its cloud on 14 Apr 2022 and hubs became inoperable because the system was not designed to run locally, https://www.theregister.com/2022/04/19/insteon_cloud_shutdown/ ; https://hackaday.com/2022/04/25/insteon-abruptly-shuts-down-users-left-smart-home-less/",,"Dropped CloudPortalAdmin: SmartThings' web surface is a developer/advanced console, not the route an owner administers a hub through.  RE-SOURCED 2026-08-17: the original citation covered ~0% of this category's confirmed-Yes CVE population; added the corpus-dominant vendor (Insteon 45%), sourced from the vulnerability research that produced its CVEs.",AppOnlyAdmin|LocalWebAdmin,,,Accepted 2026-08-17 by Aarav Verma after review of the column-1 verdict and its cited source(s).
121,ask,hub,smart home hub,alsoDeployedIn,multi,Commercial|Industrial|Prosumer|Residential|none|unsure,Prosumer,author-prior,UNMEASURED,,,,247,"IN: IoT hubs, bridges, and Matter/Thread/Zigbee/Z-Wave controllers (SmartThings, Hubitat, Hue Bridge). OUT: plain routers, modems, ONT, and unmanaged switches — transport, not home control.",Prosumer,,,"Keeps the prefill; judged, not sourced. Consumer hubs turn up in small offices and short-let properties, but the product line is not sold into commercial building-management channels - that is a different product class and out of this category's scope note.",Prosumer,,,Accepted 2026-08-17 by Aarav Verma after review of the column-1 verdict and its cited source(s).
122,ask,hub,smart home hub,credentialModel,multi,AccountBound|CertificateBound|DefaultPassword|ForcedCredentialSetup|NoCredential|unsure,AccountBound|DefaultPassword,author-prior,UNMEASURED,,,,247,"IN: IoT hubs, bridges, and Matter/Thread/Zigbee/Z-Wave controllers (SmartThings, Hubitat, Hue Bridge). OUT: plain routers, modems, ONT, and unmanaged switches — transport, not home control.",AccountBound|DefaultPassword,,,"Keeps the prefill; judged. Cloud-tied hubs (SmartThings, Tuya gateways) authorise through the account; the older gateway long tail in the corpus ships shipped credentials, which is what its CVEs are about.",AccountBound|DefaultPassword,,,Accepted 2026-08-17 by Aarav Verma after review of the column-1 verdict and its cited source(s).
123,ask,hub,smart home hub,pairingModel,multi,AccountLinked|BleProvisioned|MeshJoin|QrPaired|SoftApPaired|WpsPaired|unsure,AccountLinked|MeshJoin|QrPaired|WpsPaired,author-prior,UNMEASURED,,,,247,"IN: IoT hubs, bridges, and Matter/Thread/Zigbee/Z-Wave controllers (SmartThings, Hubitat, Hue Bridge). OUT: plain routers, modems, ONT, and unmanaged switches — transport, not home control.",AccountLinked|MeshJoin|QrPaired,"Matter commissioning requires a printed onboarding setup code, https://docs.silabs.com/matter/latest/matter-overview-guides/matter-commissioning",,"Dropped WpsPaired from the prefill (deprecated). MeshJoin is retained in the sense that matters for a hub - it is the device that opens the permit-join window, and current hubs are themselves commissioned into a Matter fabric by setup code.",AccountLinked|MeshJoin|QrPaired,,,Accepted 2026-08-17 by Aarav Verma after review of the column-1 verdict and its cited source(s).
124,ask,hub,smart home hub,patchResponsibility,multi,InstallerPatched|Unmaintained|UserPatched|VendorPatched|unsure,UserPatched|VendorPatched,author-prior,UNMEASURED,,,,247,"IN: IoT hubs, bridges, and Matter/Thread/Zigbee/Z-Wave controllers (SmartThings, Hubitat, Hue Bridge). OUT: plain routers, modems, ONT, and unmanaged switches — transport, not home control.",UserPatched|VendorPatched,"https://www.samsung.com/us/support/troubleshoot/TSG10007326/ ; Cisco Talos TALOS-2018-0512 - Insteon Hub firmware upgrade is triggered through the PubNub cloud service and fetched by the device itself, https://www.talosintelligence.com/vulnerability_reports/TALOS-2018-0512",,"Keeps the prefill. Both routes are genuinely common: platform hubs push, the enthusiast hubs (Hubitat) prompt the owner and wait.  RE-SOURCED 2026-08-17: the original citation covered ~0% of this category's confirmed-Yes CVE population; added the corpus-dominant vendor (Insteon 45%), sourced from the vulnerability research that produced its CVEs.",UserPatched|VendorPatched,,,Accepted 2026-08-17 by Aarav Verma after review of the column-1 verdict and its cited source(s).
125,ask,hub,smart home hub,topology,multi,DirectIP|HubMediated|MeshLeaf|unsure,DirectIP|HubMediated,author-prior,UNMEASURED,,,,247,"IN: IoT hubs, bridges, and Matter/Thread/Zigbee/Z-Wave controllers (SmartThings, Hubitat, Hue Bridge). OUT: plain routers, modems, ONT, and unmanaged switches — transport, not home control.",DirectIP|HubMediated,,,"Keeps the prefill; judged. The hub is DirectIP in its own right and is the HubMediated path for everything joined to it - both values are true of the same device here, which is unusual and worth keeping.",DirectIP|HubMediated,,,Accepted 2026-08-17 by Aarav Verma after review of the column-1 verdict and its cited source(s).
126,ask,alarms,home alarm,adminModel,multi,AppOnlyAdmin|CloudPortalAdmin|LocalWebAdmin|NoAdminInterface|unsure,AppOnlyAdmin|CloudPortalAdmin|LocalWebAdmin,author-prior,UNMEASURED,,,,89,"IN: consumer home security/alarm systems and their sensors (eufy/Anker HomeBase, Qolsys, Abode, Nexx). OUT: commercial/industrial alarm, fire, and building-monitoring panels.",AppOnlyAdmin|CloudPortalAdmin,"Alarm.com is the administration surface for Qolsys panels, https://suretyhome.com/qolsys-iq-panel-explained/ ; eufy kits are controlled from the app, https://www.safewise.com/home-security-systems/eufy/ ; Cisco Talos TALOS-2022-1552 (CVE-2022-27805) - commands are issued through Abode's mobile and web applications, https://talosintelligence.com/vulnerability_reports/TALOS-2022-1552 ; https://techcrunch.com/2022/10/20/abode-security-flaws/",,"Dropped LocalWebAdmin from the prefill - it contradicts my own hasWebAdminUI=false verdict on the same category, and the prefill asserting both is a good illustration of why the hasWebAdminUI x adminModel cross-tab was worth building.  RE-SOURCED 2026-08-17: the original citation covered ~0% of this category's confirmed-Yes CVE population; added the corpus-dominant vendor (Abode 45%), sourced from the vulnerability research that produced its CVEs.",AppOnlyAdmin|CloudPortalAdmin,,,Accepted 2026-08-17 by Aarav Verma after review of the column-1 verdict and its cited source(s).
127,ask,alarms,home alarm,alsoDeployedIn,multi,Commercial|Industrial|Prosumer|Residential|none|unsure,Commercial,author-prior,UNMEASURED,,,,89,"IN: consumer home security/alarm systems and their sensors (eufy/Anker HomeBase, Qolsys, Abode, Nexx). OUT: commercial/industrial alarm, fire, and building-monitoring panels.",Commercial,,,Keeps the prefill; judged. Small-premises alarm panels are sold into shops and offices through the same dealer channel.,Commercial,,,Accepted 2026-08-17 by Aarav Verma after review of the column-1 verdict and its cited source(s).
128,ask,alarms,home alarm,credentialModel,multi,AccountBound|CertificateBound|DefaultPassword|ForcedCredentialSetup|NoCredential|unsure,AccountBound|DefaultPassword,author-prior,UNMEASURED,,,,89,"IN: consumer home security/alarm systems and their sensors (eufy/Anker HomeBase, Qolsys, Abode, Nexx). OUT: commercial/industrial alarm, fire, and building-monitoring panels.",AccountBound|DefaultPassword,,,Keeps the prefill; judged. Installer codes on panels are the DefaultPassword case.,AccountBound|DefaultPassword,,,Accepted 2026-08-17 by Aarav Verma after review of the column-1 verdict and its cited source(s).
129,ask,alarms,home alarm,pairingModel,multi,AccountLinked|BleProvisioned|MeshJoin|QrPaired|SoftApPaired|WpsPaired|unsure,AccountLinked|MeshJoin,author-prior,UNMEASURED,,,,89,"IN: consumer home security/alarm systems and their sensors (eufy/Anker HomeBase, Qolsys, Abode, Nexx). OUT: commercial/industrial alarm, fire, and building-monitoring panels.",AccountLinked|MeshJoin,,,Keeps the prefill; judged. Sensors join the panel's own proprietary or Z-Wave mesh; the panel itself links to the account/monitoring service.,AccountLinked|MeshJoin,,,Accepted 2026-08-17 by Aarav Verma after review of the column-1 verdict and its cited source(s).
130,ask,alarms,home alarm,patchResponsibility,multi,InstallerPatched|Unmaintained|UserPatched|VendorPatched|unsure,InstallerPatched|VendorPatched,author-prior,UNMEASURED,,,,89,"IN: consumer home security/alarm systems and their sensors (eufy/Anker HomeBase, Qolsys, Abode, Nexx). OUT: commercial/industrial alarm, fire, and building-monitoring panels.",UserPatched|VendorPatched,,,"Keeps the prefill; judged. Split follows the channel split: dealer-installed panels are serviced, retail DIY kits are pushed to.  RECONCILED 2026-08-17: column-1 draft was 'InstallerPatched|VendorPatched'; reconciled to 'UserPatched|VendorPatched' on the reviewer's ruling - InstallerPatched is the Qolsys/dealer tail at 2% of this corpus while the category is 45% DIY retail (Abode); it fails the corpus tie-break and contradicts consumerAvailability=RetailConsumer on the same category",UserPatched|VendorPatched,,,Corrected 2026-08-17 by Aarav Verma: InstallerPatched is the Qolsys/dealer tail at 2% of this corpus while the category is 45% DIY retail (Abode); it fails the corpus tie-break and contradicts consumerAvailability=RetailConsumer on the same category
131,ask,alarms,home alarm,topology,multi,DirectIP|HubMediated|MeshLeaf|unsure,DirectIP|HubMediated,author-prior,UNMEASURED,,,,89,"IN: consumer home security/alarm systems and their sensors (eufy/Anker HomeBase, Qolsys, Abode, Nexx). OUT: commercial/industrial alarm, fire, and building-monitoring panels.",DirectIP|HubMediated,,,"Keeps the prefill; judged. The panel/base station is the DirectIP element, its sensors are HubMediated.",DirectIP|HubMediated,,,Accepted 2026-08-17 by Aarav Verma after review of the column-1 verdict and its cited source(s).
132,ask,streaming,streaming device,adminModel,multi,AppOnlyAdmin|CloudPortalAdmin|LocalWebAdmin|NoAdminInterface|unsure,AppOnlyAdmin|CloudPortalAdmin,author-prior,UNMEASURED,,,,76,"IN: streaming TVs, sticks, and boxes (Google/Android TV, Fire TV, Apple TV, Roku) — qualify as home-control surfaces via criterion 4(b). OUT: game consoles, VR/AR headsets, pure media apps, and tvOS CVEs (scope ruling 2026-07: excluded for volume — see judgment_store.csv `Excluded` column and docs/plans/PLAN_scope_exclusion.md).",AppOnlyAdmin|CloudPortalAdmin,,,"Keeps the prefill; judged. Both are real: the companion app and the account portal (amazon.com/mydevices, Google Home) administer the device. Neither is quite right, though - the primary admin surface is the on-screen settings menu driven by the remote, and this vocabulary has no value for it. Second gap of this kind found on the sheet (see cameras/pairingModel).",AppOnlyAdmin|CloudPortalAdmin,,,Accepted 2026-08-17 by Aarav Verma after review of the column-1 verdict and its cited source(s).
133,ask,streaming,streaming device,alsoDeployedIn,multi,Commercial|Industrial|Prosumer|Residential|none|unsure,none,author-prior,UNMEASURED,,,,76,"IN: streaming TVs, sticks, and boxes (Google/Android TV, Fire TV, Apple TV, Roku) — qualify as home-control surfaces via criterion 4(b). OUT: game consoles, VR/AR headsets, pure media apps, and tvOS CVEs (scope ruling 2026-07: excluded for volume — see judgment_store.csv `Excluded` column and docs/plans/PLAN_scope_exclusion.md).",none,,,"Keeps the prefill; judged. Hospitality signage variants exist but are a separate SKU line, not this product sold into another setting.",none,,,Accepted 2026-08-17 by Aarav Verma after review of the column-1 verdict and its cited source(s).
134,ask,streaming,streaming device,credentialModel,multi,AccountBound|CertificateBound|DefaultPassword|ForcedCredentialSetup|NoCredential|unsure,AccountBound,author-prior,UNMEASURED,,,,76,"IN: streaming TVs, sticks, and boxes (Google/Android TV, Fire TV, Apple TV, Roku) — qualify as home-control surfaces via criterion 4(b). OUT: game consoles, VR/AR headsets, pure media apps, and tvOS CVEs (scope ruling 2026-07: excluded for volume — see judgment_store.csv `Excluded` column and docs/plans/PLAN_scope_exclusion.md).",AccountBound,"Fire TV and Google TV devices are bound to the owner's vendor account at setup, https://developer.amazon.com/docs/fire-tv/fire-os-overview.html",,"Keeps the prefill, and a one-value answer is right here - the device holds no independent credential at all.",AccountBound,,,Accepted 2026-08-17 by Aarav Verma after review of the column-1 verdict and its cited source(s).
135,ask,streaming,streaming device,pairingModel,multi,AccountLinked|BleProvisioned|MeshJoin|QrPaired|SoftApPaired|WpsPaired|unsure,AccountLinked|QrPaired,author-prior,UNMEASURED,,,,76,"IN: streaming TVs, sticks, and boxes (Google/Android TV, Fire TV, Apple TV, Roku) — qualify as home-control surfaces via criterion 4(b). OUT: game consoles, VR/AR headsets, pure media apps, and tvOS CVEs (scope ruling 2026-07: excluded for volume — see judgment_store.csv `Excluded` column and docs/plans/PLAN_scope_exclusion.md).",AccountLinked,,,"Dropped QrPaired from the prefill: the QR code shown during Fire TV / Google TV setup is an account sign-in convenience, not device onboarding in the Matter sense the vocabulary defines.",AccountLinked,,,Accepted 2026-08-17 by Aarav Verma after review of the column-1 verdict and its cited source(s).
136,ask,streaming,streaming device,patchResponsibility,multi,InstallerPatched|Unmaintained|UserPatched|VendorPatched|unsure,VendorPatched,author-prior,UNMEASURED,,,,76,"IN: streaming TVs, sticks, and boxes (Google/Android TV, Fire TV, Apple TV, Roku) — qualify as home-control surfaces via criterion 4(b). OUT: game consoles, VR/AR headsets, pure media apps, and tvOS CVEs (scope ruling 2026-07: excluded for volume — see judgment_store.csv `Excluded` column and docs/plans/PLAN_scope_exclusion.md).",VendorPatched,https://www.amazon.com/gp/help/customer/display.html?nodeId=G6SH55LKBSAZ2BAK,,Keeps the prefill; follows from OtaAutomatic.,VendorPatched,,,Accepted 2026-08-17 by Aarav Verma after review of the column-1 verdict and its cited source(s).
137,ask,streaming,streaming device,topology,multi,DirectIP|HubMediated|MeshLeaf|unsure,DirectIP,author-prior,UNMEASURED,,,,76,"IN: streaming TVs, sticks, and boxes (Google/Android TV, Fire TV, Apple TV, Roku) — qualify as home-control surfaces via criterion 4(b). OUT: game consoles, VR/AR headsets, pure media apps, and tvOS CVEs (scope ruling 2026-07: excluded for volume — see judgment_store.csv `Excluded` column and docs/plans/PLAN_scope_exclusion.md).",DirectIP,,,Keeps the prefill; judged.,DirectIP,,,Accepted 2026-08-17 by Aarav Verma after review of the column-1 verdict and its cited source(s).
138,ask,ev-charging,EV home charger,adminModel,multi,AppOnlyAdmin|CloudPortalAdmin|LocalWebAdmin|NoAdminInterface|unsure,AppOnlyAdmin|CloudPortalAdmin|LocalWebAdmin,author-prior,UNMEASURED,,,,71,"IN: home EVSE/wallbox for a private garage or driveway. OUT: commercial/public/fleet chargers (Iocharger, Circontrol, Raption, eCharge) and the vehicle itself.",AppOnlyAdmin|LocalWebAdmin,"https://support.wallbox.com/en/knowledge-base/how-to-update-your-chargers-software-with-the-mywallbox-app/ ; https://device.report/manual/6897542 ; SEC Consult - authentication bypass in the Schneider Electric EVlink administration web interface, https://sec-consult.com/vulnerability-lab/advisory/authentication-bypass-remote-code-execution-in-schneider-electric-evlink-charging-stations/ ; CISA ICSA-25-023-03 / Schneider SEVD-2024-282-04 - Schneider Charge 1.13.4 'deployed to automatically upgrade all charging stations connected to the Wiser application'; new installations are fixed through the eSetup commissioning application, https://www.cisa.gov/news-events/ics-advisories/icsa-25-023-03",,"Dropped CloudPortalAdmin from the prefill: installer portals exist but are the installer's surface, and this facet asks where the OWNER goes.  COVERAGE 2026-08-18: original citation covered 0% of this category; added Schneider Electric (30%), the corpus-dominant vendor - local web admin from SEC Consult, app route from the Wiser application. Verdict unchanged.",AppOnlyAdmin|LocalWebAdmin,,,Accepted 2026-08-17 by Aarav Verma after review of the column-1 verdict and its cited source(s).
139,ask,ev-charging,EV home charger,alsoDeployedIn,multi,Commercial|Industrial|Prosumer|Residential|none|unsure,Commercial,author-prior,UNMEASURED,,,,71,"IN: home EVSE/wallbox for a private garage or driveway. OUT: commercial/public/fleet chargers (Iocharger, Circontrol, Raption, eCharge) and the vehicle itself.",Commercial,,,"Keeps the prefill; judged. The same wallbox models appear on small business premises - though the scope note explicitly excludes true public/fleet chargers, so this is the near-neighbour case, not the DC-rapid one.",Commercial,,,Accepted 2026-08-17 by Aarav Verma after review of the column-1 verdict and its cited source(s).
140,ask,ev-charging,EV home charger,credentialModel,multi,AccountBound|CertificateBound|DefaultPassword|ForcedCredentialSetup|NoCredential|unsure,AccountBound|DefaultPassword,author-prior,UNMEASURED,,,,71,"IN: home EVSE/wallbox for a private garage or driveway. OUT: commercial/public/fleet chargers (Iocharger, Circontrol, Raption, eCharge) and the vehicle itself.",AccountBound|DefaultPassword,,,Keeps the prefill; judged.,AccountBound|DefaultPassword,,,Accepted 2026-08-17 by Aarav Verma after review of the column-1 verdict and its cited source(s).
141,ask,ev-charging,EV home charger,pairingModel,multi,AccountLinked|BleProvisioned|MeshJoin|QrPaired|SoftApPaired|WpsPaired|unsure,AccountLinked|WpsPaired,author-prior,UNMEASURED,,,,71,"IN: home EVSE/wallbox for a private garage or driveway. OUT: commercial/public/fleet chargers (Iocharger, Circontrol, Raption, eCharge) and the vehicle itself.",AccountLinked|BleProvisioned,https://support.wallbox.com/en/knowledge-base/how-to-update-your-chargers-software-with-the-mywallbox-app/,,DEVIATES from the prefill (AccountLinked|WpsPaired): commissioning a wallbox is done over Bluetooth from the installer/owner app. WPS on a hard-wired outdoor EVSE is not a route I could find any vendor using.,AccountLinked|BleProvisioned,,,Accepted 2026-08-17 by Aarav Verma after review of the column-1 verdict and its cited source(s).
142,ask,ev-charging,EV home charger,patchResponsibility,multi,InstallerPatched|Unmaintained|UserPatched|VendorPatched|unsure,InstallerPatched|VendorPatched,author-prior,UNMEASURED,,,,71,"IN: home EVSE/wallbox for a private garage or driveway. OUT: commercial/public/fleet chargers (Iocharger, Circontrol, Raption, eCharge) and the vehicle itself.",InstallerPatched|VendorPatched,"https://www.myenergi.com/product-support-policy/ ; CISA ICSA-25-023-03 / Schneider SEVD-2024-282-04 - Schneider Charge 1.13.4 'deployed to automatically upgrade all charging stations connected to the Wiser application'; new installations are fixed through the eSetup commissioning application, https://www.cisa.gov/news-events/ics-advisories/icsa-25-023-03",,"Keeps the prefill; judged.  COVERAGE 2026-08-18: original citation covered 0% of this category; added Schneider Electric (30%), the corpus-dominant vendor - Schneider does both routes: auto-upgrade for Wiser-connected units, eSetup commissioning for new installs. Verdict unchanged.",InstallerPatched|VendorPatched,,,Accepted 2026-08-17 by Aarav Verma after review of the column-1 verdict and its cited source(s).
143,ask,ev-charging,EV home charger,topology,multi,DirectIP|HubMediated|MeshLeaf|unsure,DirectIP,author-prior,UNMEASURED,,,,71,"IN: home EVSE/wallbox for a private garage or driveway. OUT: commercial/public/fleet chargers (Iocharger, Circontrol, Raption, eCharge) and the vehicle itself.",DirectIP,,,Keeps the prefill; judged.,DirectIP,,,Accepted 2026-08-17 by Aarav Verma after review of the column-1 verdict and its cited source(s).
144,ask,doorbell,video doorbell,adminModel,multi,AppOnlyAdmin|CloudPortalAdmin|LocalWebAdmin|NoAdminInterface|unsure,AppOnlyAdmin|LocalWebAdmin,author-prior,UNMEASURED,,,,45,"IN: video/smart doorbells (Ring, Reolink, Foscam VD, Akuvox). OUT: standalone cameras (classify under cameras) and baby monitors (under babymonitor).",AppOnlyAdmin|LocalWebAdmin,,,Keeps the prefill; judged. Matches the split behind hasWebAdminUI.,,,,
145,ask,doorbell,video doorbell,alsoDeployedIn,multi,Commercial|Industrial|Prosumer|Residential|none|unsure,Commercial,author-prior,UNMEASURED,,,,45,"IN: video/smart doorbells (Ring, Reolink, Foscam VD, Akuvox). OUT: standalone cameras (classify under cameras) and baby monitors (under babymonitor).",Commercial,,,Keeps the prefill; judged - and consistent with consumerAvailability=InstallerChannel above. SIP door entry is a commercial product sold into homes.,,,,
146,ask,doorbell,video doorbell,credentialModel,multi,AccountBound|CertificateBound|DefaultPassword|ForcedCredentialSetup|NoCredential|unsure,AccountBound|DefaultPassword,author-prior,UNMEASURED,,,,45,"IN: video/smart doorbells (Ring, Reolink, Foscam VD, Akuvox). OUT: standalone cameras (classify under cameras) and baby monitors (under babymonitor).",AccountBound|DefaultPassword,,,Keeps the prefill; judged.,,,,
147,ask,doorbell,video doorbell,pairingModel,multi,AccountLinked|BleProvisioned|MeshJoin|QrPaired|SoftApPaired|WpsPaired|unsure,AccountLinked|QrPaired|WpsPaired,author-prior,UNMEASURED,,,,45,"IN: video/smart doorbells (Ring, Reolink, Foscam VD, Akuvox). OUT: standalone cameras (classify under cameras) and baby monitors (under babymonitor).",AccountLinked|QrPaired,,,Dropped WpsPaired (deprecated).,,,,
148,ask,doorbell,video doorbell,patchResponsibility,multi,InstallerPatched|Unmaintained|UserPatched|VendorPatched|unsure,VendorPatched,author-prior,UNMEASURED,,,,45,"IN: video/smart doorbells (Ring, Reolink, Foscam VD, Akuvox). OUT: standalone cameras (classify under cameras) and baby monitors (under babymonitor).",VendorPatched|InstallerPatched,,,"DEVIATES from the prefill (VendorPatched alone). If the category is installer-channel and half of it is manually flashed, InstallerPatched has to be in the set - the prefill was internally inconsistent with its own firmwareUpdateModel and consumerAvailability values.",,,,
149,ask,doorbell,video doorbell,topology,multi,DirectIP|HubMediated|MeshLeaf|unsure,DirectIP,author-prior,UNMEASURED,,,,45,"IN: video/smart doorbells (Ring, Reolink, Foscam VD, Akuvox). OUT: standalone cameras (classify under cameras) and baby monitors (under babymonitor).",DirectIP,,,Keeps the prefill; judged.,,,,
150,ask,home-power,home energy system,adminModel,multi,AppOnlyAdmin|CloudPortalAdmin|LocalWebAdmin|NoAdminInterface|unsure,CloudPortalAdmin|LocalWebAdmin,author-prior,UNMEASURED,,,,45,"IN: residential solar inverters, home batteries, and smart meters (SMA, Victron Venus, Enphase, Tesla Powerwall). OUT: utility-scale/commercial PV and grid equipment.",CloudPortalAdmin|LocalWebAdmin,https://support.enphase.com/s/article/How-do-I-access-the-Envoy-S-or-IQ-Envoy-s-local-web-interface,,"Author-prior kept, and one of the few categories where CloudPortalAdmin genuinely belongs: VRM and Enlighten are real administration portals, not just dashboards.",,,,
151,ask,home-power,home energy system,alsoDeployedIn,multi,Commercial|Industrial|Prosumer|Residential|none|unsure,Commercial|Industrial,author-prior,UNMEASURED,,,,45,"IN: residential solar inverters, home batteries, and smart meters (SMA, Victron Venus, Enphase, Tesla Powerwall). OUT: utility-scale/commercial PV and grid equipment.",Commercial|Industrial,,,Author-prior kept; judged. The same inverter families scale into C&I installations.,,,,
152,ask,home-power,home energy system,credentialModel,multi,AccountBound|CertificateBound|DefaultPassword|ForcedCredentialSetup|NoCredential|unsure,DefaultPassword,author-prior,UNMEASURED,,,,45,"IN: residential solar inverters, home batteries, and smart meters (SMA, Victron Venus, Enphase, Tesla Powerwall). OUT: utility-scale/commercial PV and grid equipment.",DefaultPassword|AccountBound,,,"DEVIATES slightly from the author-prior (DefaultPassword alone): the vendor portal account is now the normal owner-facing credential, alongside the installer-level device password.",,,,
153,ask,home-power,home energy system,pairingModel,multi,AccountLinked|BleProvisioned|MeshJoin|QrPaired|SoftApPaired|WpsPaired|unsure,AccountLinked|WpsPaired,author-prior,UNMEASURED,,,,45,"IN: residential solar inverters, home batteries, and smart meters (SMA, Victron Venus, Enphase, Tesla Powerwall). OUT: utility-scale/commercial PV and grid equipment.",AccountLinked,,,DEVIATES from the author-prior (AccountLinked|WpsPaired). These are commissioned by an installer on a wired/Wi-Fi link and registered to a portal; WPS is not part of that flow.,,,,
154,ask,home-power,home energy system,patchResponsibility,multi,InstallerPatched|Unmaintained|UserPatched|VendorPatched|unsure,InstallerPatched|VendorPatched,author-prior,UNMEASURED,,,,45,"IN: residential solar inverters, home batteries, and smart meters (SMA, Victron Venus, Enphase, Tesla Powerwall). OUT: utility-scale/commercial PV and grid equipment.",InstallerPatched|VendorPatched,,,Author-prior kept; judged.,,,,
155,ask,home-power,home energy system,topology,multi,DirectIP|HubMediated|MeshLeaf|unsure,DirectIP,author-prior,UNMEASURED,,,,45,"IN: residential solar inverters, home batteries, and smart meters (SMA, Victron Venus, Enphase, Tesla Powerwall). OUT: utility-scale/commercial PV and grid equipment.",DirectIP,,,Author-prior kept; judged.,,,,
156,ask,smartspeakers,smart speaker,adminModel,multi,AppOnlyAdmin|CloudPortalAdmin|LocalWebAdmin|NoAdminInterface|unsure,AppOnlyAdmin|CloudPortalAdmin,author-prior,UNMEASURED,,,,38,"IN: consumer smart speakers, smart displays, and smart soundbars (Echo, Nest, HomePod) — qualify as home-control surfaces via criterion 4(b). OUT: plain Bluetooth speakers, headphones, and AV receivers with no assistant/home-control role.",AppOnlyAdmin,,,"DEVIATES from the prefill (AppOnlyAdmin|CloudPortalAdmin). AppOnlyAdmin is defined as administration solely through the vendor app with no browser-reachable portal, so pairing it with CloudPortalAdmin is a contradiction rather than a richer answer. Alexa and Google Home administration is the app.",,,,
157,ask,smartspeakers,smart speaker,alsoDeployedIn,multi,Commercial|Industrial|Prosumer|Residential|none|unsure,none,author-prior,UNMEASURED,,,,38,"IN: consumer smart speakers, smart displays, and smart soundbars (Echo, Nest, HomePod) — qualify as home-control surfaces via criterion 4(b). OUT: plain Bluetooth speakers, headphones, and AV receivers with no assistant/home-control role.",none,,,Keeps the prefill; judged.,,,,
158,ask,smartspeakers,smart speaker,credentialModel,multi,AccountBound|CertificateBound|DefaultPassword|ForcedCredentialSetup|NoCredential|unsure,AccountBound,author-prior,UNMEASURED,,,,38,"IN: consumer smart speakers, smart displays, and smart soundbars (Echo, Nest, HomePod) — qualify as home-control surfaces via criterion 4(b). OUT: plain Bluetooth speakers, headphones, and AV receivers with no assistant/home-control role.",AccountBound,,,Keeps the prefill; judged. One value is right - the device holds no credential of its own.,,,,
159,ask,smartspeakers,smart speaker,pairingModel,multi,AccountLinked|BleProvisioned|MeshJoin|QrPaired|SoftApPaired|WpsPaired|unsure,AccountLinked|BleProvisioned,author-prior,UNMEASURED,,,,38,"IN: consumer smart speakers, smart displays, and smart soundbars (Echo, Nest, HomePod) — qualify as home-control surfaces via criterion 4(b). OUT: plain Bluetooth speakers, headphones, and AV receivers with no assistant/home-control role.",AccountLinked|BleProvisioned,,,Keeps the prefill; judged. BLE handoff from the phone during setup is the documented route for both Echo and Nest.,,,,
160,ask,smartspeakers,smart speaker,patchResponsibility,multi,InstallerPatched|Unmaintained|UserPatched|VendorPatched|unsure,VendorPatched,author-prior,UNMEASURED,,,,38,"IN: consumer smart speakers, smart displays, and smart soundbars (Echo, Nest, HomePod) — qualify as home-control surfaces via criterion 4(b). OUT: plain Bluetooth speakers, headphones, and AV receivers with no assistant/home-control role.",VendorPatched,https://www.amazon.com/gp/help/customer/display.html?nodeId=GMZQWNQRVENX4GTQ,,Keeps the prefill; follows from OtaAutomatic.,,,,
161,ask,smartspeakers,smart speaker,topology,multi,DirectIP|HubMediated|MeshLeaf|unsure,DirectIP,author-prior,UNMEASURED,,,,38,"IN: consumer smart speakers, smart displays, and smart soundbars (Echo, Nest, HomePod) — qualify as home-control surfaces via criterion 4(b). OUT: plain Bluetooth speakers, headphones, and AV receivers with no assistant/home-control role.",DirectIP,,,Keeps the prefill; judged.,,,,
162,ask,smartplugs,smart plug,adminModel,multi,AppOnlyAdmin|CloudPortalAdmin|LocalWebAdmin|NoAdminInterface|unsure,AppOnlyAdmin,author-prior,UNMEASURED,,,,37,"IN: consumer smart plugs, outlets, and power strips. OUT: enterprise/data-center PDUs and industrial power management.",AppOnlyAdmin,https://www.tp-link.com/us/support/faq/946/,,"Keeps the prefill. One value, and it is the cleanest AppOnlyAdmin case on the sheet.",,,,
163,ask,smartplugs,smart plug,alsoDeployedIn,multi,Commercial|Industrial|Prosumer|Residential|none|unsure,none,author-prior,UNMEASURED,,,,37,"IN: consumer smart plugs, outlets, and power strips. OUT: enterprise/data-center PDUs and industrial power management.",none,,,Keeps the prefill; judged. Data-centre PDUs are excluded by the scope note.,,,,
164,ask,smartplugs,smart plug,credentialModel,multi,AccountBound|CertificateBound|DefaultPassword|ForcedCredentialSetup|NoCredential|unsure,AccountBound|NoCredential,author-prior,UNMEASURED,,,,37,"IN: consumer smart plugs, outlets, and power strips. OUT: enterprise/data-center PDUs and industrial power management.",AccountBound|NoCredential,,,Keeps the prefill; judged. Wi-Fi plugs are account-bound; Zigbee/Z-Wave plugs authenticate by mesh possession alone.,,,,
165,ask,smartplugs,smart plug,pairingModel,multi,AccountLinked|BleProvisioned|MeshJoin|QrPaired|SoftApPaired|WpsPaired|unsure,AccountLinked|MeshJoin|WpsPaired,author-prior,UNMEASURED,,,,37,"IN: consumer smart plugs, outlets, and power strips. OUT: enterprise/data-center PDUs and industrial power management.",AccountLinked|SoftApPaired|MeshJoin,,,"DEVIATES from the prefill (AccountLinked|MeshJoin|WpsPaired). Dropped WPS as deprecated; added SoftApPaired, which is how a Wi-Fi plug with no screen or button actually gets network credentials.",,,,
166,ask,smartplugs,smart plug,patchResponsibility,multi,InstallerPatched|Unmaintained|UserPatched|VendorPatched|unsure,UserPatched,author-prior,UNMEASURED,,,,37,"IN: consumer smart plugs, outlets, and power strips. OUT: enterprise/data-center PDUs and industrial power management.",UserPatched,,,Keeps the prefill; judged.,,,,
167,ask,smartplugs,smart plug,topology,multi,DirectIP|HubMediated|MeshLeaf|unsure,DirectIP|MeshLeaf,author-prior,UNMEASURED,,,,37,"IN: consumer smart plugs, outlets, and power strips. OUT: enterprise/data-center PDUs and industrial power management.",DirectIP|MeshLeaf,,,Keeps the prefill; judged. Exactly the case the DirectIP definition anticipates - Wi-Fi and Zigbee variants of the same product both exist.,,,,
168,ask,doorlock,smart lock,adminModel,multi,AppOnlyAdmin|CloudPortalAdmin|LocalWebAdmin|NoAdminInterface|unsure,AppOnlyAdmin,author-prior,UNMEASURED,,,,36,"IN: residential smart locks and garage-door openers (Yale, August, Tinxy, SGUDA, Genie Aladdin, Zigbee lock stacks). OUT: commercial/enterprise access-control panels and building door controllers.",AppOnlyAdmin,https://support.shopyalehome.com/updating-lock-firmware-r1bgBjMOE,,"Keeps the prefill. One value; the keypad is a user interface, not an administrative one.",,,,
169,ask,doorlock,smart lock,alsoDeployedIn,multi,Commercial|Industrial|Prosumer|Residential|none|unsure,none,author-prior,UNMEASURED,,,,36,"IN: residential smart locks and garage-door openers (Yale, August, Tinxy, SGUDA, Genie Aladdin, Zigbee lock stacks). OUT: commercial/enterprise access-control panels and building door controllers.",none,,,Keeps the prefill; judged. Commercial access control is excluded by the scope note and is a genuinely different product.,,,,
170,ask,doorlock,smart lock,credentialModel,multi,AccountBound|CertificateBound|DefaultPassword|ForcedCredentialSetup|NoCredential|unsure,AccountBound|NoCredential,author-prior,UNMEASURED,,,,36,"IN: residential smart locks and garage-door openers (Yale, August, Tinxy, SGUDA, Genie Aladdin, Zigbee lock stacks). OUT: commercial/enterprise access-control panels and building door controllers.",AccountBound|NoCredential,,,"Keeps the prefill; judged. Note Matter locks add CertificateBound (per-device attestation is mandatory for certification, https://docs.silabs.com/matter/latest/matter-overview-guides/matter-commissioning) - left out because Matter locks are still a small share of this category's installed base, but this is the cell where that will change first.",,,,
171,ask,doorlock,smart lock,pairingModel,multi,AccountLinked|BleProvisioned|MeshJoin|QrPaired|SoftApPaired|WpsPaired|unsure,AccountLinked|BleProvisioned|MeshJoin,author-prior,UNMEASURED,,,,36,"IN: residential smart locks and garage-door openers (Yale, August, Tinxy, SGUDA, Genie Aladdin, Zigbee lock stacks). OUT: commercial/enterprise access-control panels and building door controllers.",BleProvisioned|MeshJoin|QrPaired,,,"DEVIATES from the prefill (AccountLinked|BleProvisioned|MeshJoin). Dropped AccountLinked - the lock is enrolled to a phone or a hub, and the account link is downstream of that. Added QrPaired for the Matter generation (Aqara U200/U400 and Yale Matter locks commission by setup code, https://us.aqara.com/products/smart-lock-u200).",,,,
172,ask,doorlock,smart lock,patchResponsibility,multi,InstallerPatched|Unmaintained|UserPatched|VendorPatched|unsure,UserPatched,author-prior,UNMEASURED,,,,36,"IN: residential smart locks and garage-door openers (Yale, August, Tinxy, SGUDA, Genie Aladdin, Zigbee lock stacks). OUT: commercial/enterprise access-control panels and building door controllers.",UserPatched,https://support.shopyalehome.com/updating-lock-firmware-r1bgBjMOE,,Keeps the prefill: the owner has to stand next to the lock with the app open for the BLE transfer.,,,,
173,ask,doorlock,smart lock,topology,multi,DirectIP|HubMediated|MeshLeaf|unsure,HubMediated|MeshLeaf,author-prior,UNMEASURED,,,,36,"IN: residential smart locks and garage-door openers (Yale, August, Tinxy, SGUDA, Genie Aladdin, Zigbee lock stacks). OUT: commercial/enterprise access-control panels and building door controllers.",HubMediated|MeshLeaf,,,"Keeps the prefill; judged. Correctly excludes DirectIP - a battery lock is never routable on its own, which is one of the few strongly discriminating topology answers on the sheet.",,,,
174,ask,pet,smart pet device,adminModel,multi,AppOnlyAdmin|CloudPortalAdmin|LocalWebAdmin|NoAdminInterface|unsure,AppOnlyAdmin,author-prior,UNMEASURED,,,,35,"IN: consumer smart pet feeders, pet cameras, and litter boxes. OUT: commercial/veterinary/livestock equipment.",AppOnlyAdmin,https://petcube.com/support/article/camera-android-setup/,,Author-prior kept.,,,,
175,ask,pet,smart pet device,alsoDeployedIn,multi,Commercial|Industrial|Prosumer|Residential|none|unsure,none,author-prior,UNMEASURED,,,,35,"IN: consumer smart pet feeders, pet cameras, and litter boxes. OUT: commercial/veterinary/livestock equipment.",none,,,Author-prior kept; judged. Veterinary and kennel equipment is excluded by the scope note.,,,,
176,ask,pet,smart pet device,credentialModel,multi,AccountBound|CertificateBound|DefaultPassword|ForcedCredentialSetup|NoCredential|unsure,AccountBound,author-prior,UNMEASURED,,,,35,"IN: consumer smart pet feeders, pet cameras, and litter boxes. OUT: commercial/veterinary/livestock equipment.",AccountBound,https://petcube.com/support/article/camera-android-setup/,,Author-prior kept.,,,,
177,ask,pet,smart pet device,pairingModel,multi,AccountLinked|BleProvisioned|MeshJoin|QrPaired|SoftApPaired|WpsPaired|unsure,AccountLinked|WpsPaired,author-prior,UNMEASURED,,,,35,"IN: consumer smart pet feeders, pet cameras, and litter boxes. OUT: commercial/veterinary/livestock equipment.",AccountLinked|SoftApPaired,,,"DEVIATES from the author-prior (AccountLinked|WpsPaired): the documented setup flow is app-driven network handover, not WPS.",,,,
178,ask,pet,smart pet device,patchResponsibility,multi,InstallerPatched|Unmaintained|UserPatched|VendorPatched|unsure,VendorPatched,author-prior,UNMEASURED,,,,35,"IN: consumer smart pet feeders, pet cameras, and litter boxes. OUT: commercial/veterinary/livestock equipment.",VendorPatched,https://petcube.com/support/cam/getting-started/,,Author-prior confirmed - the vendor pushes within 24 hours.,,,,
179,ask,pet,smart pet device,topology,multi,DirectIP|HubMediated|MeshLeaf|unsure,DirectIP,author-prior,UNMEASURED,,,,35,"IN: consumer smart pet feeders, pet cameras, and litter boxes. OUT: commercial/veterinary/livestock equipment.",DirectIP,,,Author-prior kept; judged.,,,,
180,ask,lighting,smart lighting,adminModel,multi,AppOnlyAdmin|CloudPortalAdmin|LocalWebAdmin|NoAdminInterface|unsure,AppOnlyAdmin,author-prior,UNMEASURED,,,,33,"IN: consumer smart bulbs, light/dimmer/wall switches, and LED controllers (Hue, LIFX). OUT: phone 'Smart Switch' data-migration software, network switches, and apps/plugins that merely reference lighting.",AppOnlyAdmin,,,"Keeps the prefill. Consistent with Phase A having EXCLUDED hasWebAdminUI for this category as NOT-USABLE (0.545) - the bulbs have no admin surface at all, the LED controllers do, and that split is exactly why the single-valued facet was withheld.",,,,
181,ask,lighting,smart lighting,alsoDeployedIn,multi,Commercial|Industrial|Prosumer|Residential|none|unsure,none,author-prior,UNMEASURED,,,,33,"IN: consumer smart bulbs, light/dimmer/wall switches, and LED controllers (Hue, LIFX). OUT: phone 'Smart Switch' data-migration software, network switches, and apps/plugins that merely reference lighting.",none,,,Keeps the prefill; judged.,,,,
182,ask,lighting,smart lighting,credentialModel,multi,AccountBound|CertificateBound|DefaultPassword|ForcedCredentialSetup|NoCredential|unsure,AccountBound|NoCredential,author-prior,UNMEASURED,,,,33,"IN: consumer smart bulbs, light/dimmer/wall switches, and LED controllers (Hue, LIFX). OUT: phone 'Smart Switch' data-migration software, network switches, and apps/plugins that merely reference lighting.",AccountBound|NoCredential,,,Keeps the prefill; judged. Zigbee bulbs are the clearest NoCredential case in the set - possession of the radio link is the whole authentication.,,,,
183,ask,lighting,smart lighting,pairingModel,multi,AccountLinked|BleProvisioned|MeshJoin|QrPaired|SoftApPaired|WpsPaired|unsure,BleProvisioned|MeshJoin|WpsPaired,author-prior,UNMEASURED,,,,33,"IN: consumer smart bulbs, light/dimmer/wall switches, and LED controllers (Hue, LIFX). OUT: phone 'Smart Switch' data-migration software, network switches, and apps/plugins that merely reference lighting.",MeshJoin|SoftApPaired,,,"DEVIATES from the prefill (BleProvisioned|MeshJoin|WpsPaired). Dropped WPS (deprecated) and BleProvisioned (a Hue/Matter-era addition, not common across the category); added SoftApPaired for the Wi-Fi bulb and LED-controller half, which is where this category's CVEs actually are.",,,,
184,ask,lighting,smart lighting,patchResponsibility,multi,InstallerPatched|Unmaintained|UserPatched|VendorPatched|unsure,UserPatched,author-prior,UNMEASURED,,,,33,"IN: consumer smart bulbs, light/dimmer/wall switches, and LED controllers (Hue, LIFX). OUT: phone 'Smart Switch' data-migration software, network switches, and apps/plugins that merely reference lighting.",UserPatched,,,Keeps the prefill; judged.,,,,
185,ask,lighting,smart lighting,topology,multi,DirectIP|HubMediated|MeshLeaf|unsure,DirectIP|HubMediated|MeshLeaf,author-prior,UNMEASURED,,,,33,"IN: consumer smart bulbs, light/dimmer/wall switches, and LED controllers (Hue, LIFX). OUT: phone 'Smart Switch' data-migration software, network switches, and apps/plugins that merely reference lighting.",MeshLeaf|DirectIP|HubMediated,,,"Keeps the prefill (reordered). All three genuinely apply: Zigbee bulbs behind a bridge, Wi-Fi bulbs directly addressable. This is a three-value answer that is honest rather than lazy - but note a facet true of everything discriminates nothing, so it is worth little analytically.",,,,
186,ask,robotvacuum,robot vacuum,adminModel,multi,AppOnlyAdmin|CloudPortalAdmin|LocalWebAdmin|NoAdminInterface|unsure,AppOnlyAdmin,author-prior,UNMEASURED,,,,27,IN: consumer robot vacuums and mops. OUT: industrial/commercial cleaning robots.,AppOnlyAdmin,https://vacuumwars.com/the-complete-roborock-app-guide/,,Author-prior kept.,,,,
187,ask,robotvacuum,robot vacuum,alsoDeployedIn,multi,Commercial|Industrial|Prosumer|Residential|none|unsure,none,author-prior,UNMEASURED,,,,27,IN: consumer robot vacuums and mops. OUT: industrial/commercial cleaning robots.,none,,,Author-prior kept; judged.,,,,
188,ask,robotvacuum,robot vacuum,credentialModel,multi,AccountBound|CertificateBound|DefaultPassword|ForcedCredentialSetup|NoCredential|unsure,AccountBound,author-prior,UNMEASURED,,,,27,IN: consumer robot vacuums and mops. OUT: industrial/commercial cleaning robots.,AccountBound,,,Author-prior kept; judged.,,,,
189,ask,robotvacuum,robot vacuum,pairingModel,multi,AccountLinked|BleProvisioned|MeshJoin|QrPaired|SoftApPaired|WpsPaired|unsure,AccountLinked|WpsPaired,author-prior,UNMEASURED,,,,27,IN: consumer robot vacuums and mops. OUT: industrial/commercial cleaning robots.,AccountLinked|SoftApPaired,,,DEVIATES from the author-prior (AccountLinked|WpsPaired): setup is app-driven network handover; WPS is not a route these use.,,,,
190,ask,robotvacuum,robot vacuum,patchResponsibility,multi,InstallerPatched|Unmaintained|UserPatched|VendorPatched|unsure,VendorPatched,author-prior,UNMEASURED,,,,27,IN: consumer robot vacuums and mops. OUT: industrial/commercial cleaning robots.,VendorPatched,,,Author-prior kept; judged.,,,,
191,ask,robotvacuum,robot vacuum,topology,multi,DirectIP|HubMediated|MeshLeaf|unsure,DirectIP,author-prior,UNMEASURED,,,,27,IN: consumer robot vacuums and mops. OUT: industrial/commercial cleaning robots.,DirectIP,,,Author-prior kept; judged.,,,,
192,ask,garden,smart garden,adminModel,multi,AppOnlyAdmin|CloudPortalAdmin|LocalWebAdmin|NoAdminInterface|unsure,AppOnlyAdmin|LocalWebAdmin,author-prior,UNMEASURED,,,,19,"IN: consumer irrigation controllers and robot mowers (RainMachine, Rachio, ECOVACS/Yarbo mowers). OUT: commercial/agricultural irrigation and turf equipment.",AppOnlyAdmin|LocalWebAdmin,https://support.rainmachine.com/hc/en-us/articles/360007604793-Using-RainMachine-Web-App-Interface,,"Author-prior confirmed, and consistent with hasWebAdminUI=true above.",,,,
193,ask,garden,smart garden,alsoDeployedIn,multi,Commercial|Industrial|Prosumer|Residential|none|unsure,Commercial,author-prior,UNMEASURED,,,,19,"IN: consumer irrigation controllers and robot mowers (RainMachine, Rachio, ECOVACS/Yarbo mowers). OUT: commercial/agricultural irrigation and turf equipment.",Commercial,,,Author-prior kept; judged. The same controllers appear on small commercial landscaping.,,,,
194,ask,garden,smart garden,credentialModel,multi,AccountBound|CertificateBound|DefaultPassword|ForcedCredentialSetup|NoCredential|unsure,AccountBound|DefaultPassword,author-prior,UNMEASURED,,,,19,"IN: consumer irrigation controllers and robot mowers (RainMachine, Rachio, ECOVACS/Yarbo mowers). OUT: commercial/agricultural irrigation and turf equipment.",AccountBound|DefaultPassword,,,Author-prior kept; judged.,,,,
195,ask,garden,smart garden,pairingModel,multi,AccountLinked|BleProvisioned|MeshJoin|QrPaired|SoftApPaired|WpsPaired|unsure,AccountLinked|BleProvisioned|WpsPaired,author-prior,UNMEASURED,,,,19,"IN: consumer irrigation controllers and robot mowers (RainMachine, Rachio, ECOVACS/Yarbo mowers). OUT: commercial/agricultural irrigation and turf equipment.",AccountLinked|SoftApPaired,,,DEVIATES from the author-prior (AccountLinked|BleProvisioned|WpsPaired). Dropped WPS; kept the two routes I can defend.,,,,
196,ask,garden,smart garden,patchResponsibility,multi,InstallerPatched|Unmaintained|UserPatched|VendorPatched|unsure,VendorPatched,author-prior,UNMEASURED,,,,19,"IN: consumer irrigation controllers and robot mowers (RainMachine, Rachio, ECOVACS/Yarbo mowers). OUT: commercial/agricultural irrigation and turf equipment.",VendorPatched|UserPatched,,,DEVIATES from the author-prior (VendorPatched alone): a device with a local web admin and no forced update path leaves the owner in the loop.,,,,
197,ask,garden,smart garden,topology,multi,DirectIP|HubMediated|MeshLeaf|unsure,DirectIP,author-prior,UNMEASURED,,,,19,"IN: consumer irrigation controllers and robot mowers (RainMachine, Rachio, ECOVACS/Yarbo mowers). OUT: commercial/agricultural irrigation and turf equipment.",DirectIP,,,Author-prior kept; judged.,,,,
198,ask,babymonitor,baby monitor,adminModel,multi,AppOnlyAdmin|CloudPortalAdmin|LocalWebAdmin|NoAdminInterface|unsure,AppOnlyAdmin|LocalWebAdmin,author-prior,UNMEASURED,,,,18,IN: dedicated consumer baby monitors. OUT: generic IP cameras not sold as baby monitors (classify under cameras) and any enterprise surveillance gear.,AppOnlyAdmin|LocalWebAdmin,"D-Link, How do I manually upgrade the firmware on my camera - download the image and upload it through the camera's web UI at its internal IP address, https://www.dlink.com/en/support/faq/cameras-and-surveillance/dcs-series/dcs-2330l/how-do-i-manually-upgrade-the-firmware-on-my-camera",,"DEVIATES from the author-prior (AppOnlyAdmin|LocalWebAdmin) for the same reason as hasWebAdminUI above: LocalWebAdmin belongs to the contaminating IP cameras, not to dedicated baby monitors. Note this makes the two cells consistent with each other, whereas the prior had hasWebAdminUI=true alongside a set that included the app-only route - reviewer 2 should settle both cells together.  RECONCILED 2026-08-17: column-1 draft was 'AppOnlyAdmin'; reconciled to 'AppOnlyAdmin|LocalWebAdmin' on the reviewer's ruling - corpus tie-break ruling: facets describe the CVE-bearing population, so the local web admin of the IP-camera-derived devices in this category stays in the set and stops contradicting hasWebAdminUI=true  RE-SOURCED 2026-08-17: the original citation covered ~0% of this category's confirmed-Yes CVE population; added the corpus-dominant vendor (D-Link 55%), sourced from the vulnerability research that produced its CVEs.",AppOnlyAdmin|LocalWebAdmin,,,"Corrected 2026-08-17 by Aarav Verma: corpus tie-break ruling: facets describe the CVE-bearing population, so the local web admin of the IP-camera-derived devices in this category stays in the set and stops contradicting hasWebAdminUI=true"
199,ask,babymonitor,baby monitor,alsoDeployedIn,multi,Commercial|Industrial|Prosumer|Residential|none|unsure,none,author-prior,UNMEASURED,,,,18,IN: dedicated consumer baby monitors. OUT: generic IP cameras not sold as baby monitors (classify under cameras) and any enterprise surveillance gear.,none,,,Author-prior kept; judged.,,,,
200,ask,babymonitor,baby monitor,credentialModel,multi,AccountBound|CertificateBound|DefaultPassword|ForcedCredentialSetup|NoCredential|unsure,AccountBound|DefaultPassword,author-prior,UNMEASURED,,,,18,IN: dedicated consumer baby monitors. OUT: generic IP cameras not sold as baby monitors (classify under cameras) and any enterprise surveillance gear.,AccountBound|DefaultPassword,"D-Link DCS default credentials are username admin with the password field left blank, https://www.dlink.com/en/support/faq/cameras-and-surveillance/dcs-series/dcs-825l/how-do-i-change-the-password-on-my-baby-camera ; 'I Got My EyeOn You' - security vulnerabilities in D-Link's baby monitor, https://www.exploit-db.com/docs/48664",,"DEVIATES from the author-prior (AccountBound|DefaultPassword): dedicated baby monitors are account-bound; the DefaultPassword evidence again comes from the contaminating IP cameras.  RECONCILED 2026-08-17: column-1 draft was 'AccountBound'; reconciled to 'AccountBound|DefaultPassword' on the reviewer's ruling - corpus tie-break ruling: the DefaultPassword evidence comes from the CVE-bearing devices in this category, which is the population the facet describes  RE-SOURCED 2026-08-17: the original citation covered ~0% of this category's confirmed-Yes CVE population; added the corpus-dominant vendor (D-Link 55%), sourced from the vulnerability research that produced its CVEs.",AccountBound|DefaultPassword,,,"Corrected 2026-08-17 by Aarav Verma: corpus tie-break ruling: the DefaultPassword evidence comes from the CVE-bearing devices in this category, which is the population the facet describes"
201,ask,babymonitor,baby monitor,pairingModel,multi,AccountLinked|BleProvisioned|MeshJoin|QrPaired|SoftApPaired|WpsPaired|unsure,AccountLinked|QrPaired|WpsPaired,author-prior,UNMEASURED,,,,18,IN: dedicated consumer baby monitors. OUT: generic IP cameras not sold as baby monitors (classify under cameras) and any enterprise surveillance gear.,AccountLinked|QrPaired,,,DEVIATES from the author-prior by dropping WpsPaired (deprecated).,,,,
202,ask,babymonitor,baby monitor,patchResponsibility,multi,InstallerPatched|Unmaintained|UserPatched|VendorPatched|unsure,UserPatched,author-prior,UNMEASURED,,,,18,IN: dedicated consumer baby monitors. OUT: generic IP cameras not sold as baby monitors (classify under cameras) and any enterprise surveillance gear.,UserPatched,,,Author-prior kept; judged.,,,,
203,ask,babymonitor,baby monitor,topology,multi,DirectIP|HubMediated|MeshLeaf|unsure,DirectIP,author-prior,UNMEASURED,,,,18,IN: dedicated consumer baby monitors. OUT: generic IP cameras not sold as baby monitors (classify under cameras) and any enterprise surveillance gear.,DirectIP,,,Author-prior kept; judged.,,,,
204,ask,thermostat,smart thermostat,adminModel,multi,AppOnlyAdmin|CloudPortalAdmin|LocalWebAdmin|NoAdminInterface|unsure,AppOnlyAdmin,author-prior,UNMEASURED,,,,18,IN: residential smart thermostats. OUT: commercial building-management/HVAC controllers and industrial climate systems.,AppOnlyAdmin,,,Author-prior kept.,,,,
205,ask,thermostat,smart thermostat,alsoDeployedIn,multi,Commercial|Industrial|Prosumer|Residential|none|unsure,Commercial,author-prior,UNMEASURED,,,,18,IN: residential smart thermostats. OUT: commercial building-management/HVAC controllers and industrial climate systems.,Commercial,,,Author-prior kept; judged. Small commercial premises fit the same consumer thermostats - the scope note excludes only true building-management controllers.,,,,
206,ask,thermostat,smart thermostat,credentialModel,multi,AccountBound|CertificateBound|DefaultPassword|ForcedCredentialSetup|NoCredential|unsure,AccountBound,author-prior,UNMEASURED,,,,18,IN: residential smart thermostats. OUT: commercial building-management/HVAC controllers and industrial climate systems.,AccountBound,,,Author-prior kept; judged.,,,,
207,ask,thermostat,smart thermostat,pairingModel,multi,AccountLinked|BleProvisioned|MeshJoin|QrPaired|SoftApPaired|WpsPaired|unsure,AccountLinked|MeshJoin|WpsPaired,author-prior,UNMEASURED,,,,18,IN: residential smart thermostats. OUT: commercial building-management/HVAC controllers and industrial climate systems.,AccountLinked|SoftApPaired,,,"DEVIATES from the author-prior (AccountLinked|MeshJoin|WpsPaired). Dropped WPS; dropped MeshJoin, which belongs to the radiator-valve accessories rather than the thermostat itself; added SoftApPaired, the documented Wi-Fi onboarding route.",,,,
208,ask,thermostat,smart thermostat,patchResponsibility,multi,InstallerPatched|Unmaintained|UserPatched|VendorPatched|unsure,VendorPatched,author-prior,UNMEASURED,,,,18,IN: residential smart thermostats. OUT: commercial building-management/HVAC controllers and industrial climate systems.,VendorPatched,"https://support.google.com/googlehome/answer/9335964 ; CISA ICSA-23-234-02 (Trane thermostats) - 'as soon as the device is connected to the internet, it will check for a new firmware version... no user interaction is required', https://www.cisa.gov/news-events/ics-advisories/icsa-23-234-02 ; ecobee - 'your ecobee Smart Thermostat will update automatically, as long as it is connected to Wi-Fi', with a staged rollout, https://www.techsolutions.support.com/how-to/how-to-update-an-ecobee-smart-thermostat-12342",,"Author-prior confirmed.  RE-SOURCED 2026-08-17: the original citation covered ~0% of this category's confirmed-Yes CVE population; added the corpus-dominant vendor (ecobee 22% + Trane 17%), sourced from the vulnerability research that produced its CVEs. Added ecobee (22% of the category) alongside Trane (17%) so the citation outweighs the largest uncited vendor.",,,,
209,ask,thermostat,smart thermostat,topology,multi,DirectIP|HubMediated|MeshLeaf|unsure,DirectIP|MeshLeaf,author-prior,UNMEASURED,,,,18,IN: residential smart thermostats. OUT: commercial building-management/HVAC controllers and industrial climate systems.,DirectIP,,,DEVIATES from the author-prior (DirectIP|MeshLeaf): Wi-Fi thermostats dominate this category; the mesh variants are the accessory TRVs.,,,,
210,ask,airconditioner,smart air conditioner,adminModel,multi,AppOnlyAdmin|CloudPortalAdmin|LocalWebAdmin|NoAdminInterface|unsure,AppOnlyAdmin,author-prior,UNMEASURED,,,,5,IN: consumer smart/Wi-Fi air conditioners and mini-splits with app control. OUT: commercial rooftop units and industrial HVAC.,AppOnlyAdmin,,,Author-prior kept.,,,,
211,ask,airconditioner,smart air conditioner,alsoDeployedIn,multi,Commercial|Industrial|Prosumer|Residential|none|unsure,Commercial,author-prior,UNMEASURED,,,,5,IN: consumer smart/Wi-Fi air conditioners and mini-splits with app control. OUT: commercial rooftop units and industrial HVAC.,Commercial,,,Author-prior kept; judged.,,,,
212,ask,airconditioner,smart air conditioner,credentialModel,multi,AccountBound|CertificateBound|DefaultPassword|ForcedCredentialSetup|NoCredential|unsure,AccountBound|DefaultPassword,author-prior,UNMEASURED,,,,5,IN: consumer smart/Wi-Fi air conditioners and mini-splits with app control. OUT: commercial rooftop units and industrial HVAC.,AccountBound|DefaultPassword,,,Author-prior kept; judged.,,,,
213,ask,airconditioner,smart air conditioner,pairingModel,multi,AccountLinked|BleProvisioned|MeshJoin|QrPaired|SoftApPaired|WpsPaired|unsure,AccountLinked|WpsPaired,author-prior,UNMEASURED,,,,5,IN: consumer smart/Wi-Fi air conditioners and mini-splits with app control. OUT: commercial rooftop units and industrial HVAC.,AccountLinked|SoftApPaired,,,DEVIATES from the author-prior by replacing WpsPaired with SoftApPaired.,,,,
214,ask,airconditioner,smart air conditioner,patchResponsibility,multi,InstallerPatched|Unmaintained|UserPatched|VendorPatched|unsure,InstallerPatched|UserPatched,author-prior,UNMEASURED,,,,5,IN: consumer smart/Wi-Fi air conditioners and mini-splits with app control. OUT: commercial rooftop units and industrial HVAC.,InstallerPatched|UserPatched,,,Author-prior kept; judged.,,,,
215,ask,airconditioner,smart air conditioner,topology,multi,DirectIP|HubMediated|MeshLeaf|unsure,DirectIP,author-prior,UNMEASURED,,,,5,IN: consumer smart/Wi-Fi air conditioners and mini-splits with app control. OUT: commercial rooftop units and industrial HVAC.,DirectIP,,,Author-prior kept; judged.,,,,
216,ask,sensors,home sensor,adminModel,multi,AppOnlyAdmin|CloudPortalAdmin|LocalWebAdmin|NoAdminInterface|unsure,AppOnlyAdmin|NoAdminInterface,author-prior,UNMEASURED,,,,4,"IN: consumer home sensors — motion, contact, leak, temperature, air-quality, presence. OUT: industrial/enterprise sensors and PLC/SCADA field devices.",NoAdminInterface,,,"DEVIATES from the author-prior (AppOnlyAdmin|NoAdminInterface), which is a straight contradiction: the vocabulary marks NoAdminInterface EXCLUSIVE - it may not be combined with any other value. A mesh leaf sensor is configured through its hub, which is what NoAdminInterface means. NOTE FOR THE SHACL WORK: this cell is the one the pending A8 exclusivity constraint would have caught, and the author-prior violates it - worth landing that constraint before writeback as the plan says.",,,,
217,ask,sensors,home sensor,alsoDeployedIn,multi,Commercial|Industrial|Prosumer|Residential|none|unsure,none,author-prior,UNMEASURED,,,,4,"IN: consumer home sensors — motion, contact, leak, temperature, air-quality, presence. OUT: industrial/enterprise sensors and PLC/SCADA field devices.",none,,,Author-prior kept; judged.,,,,
218,ask,sensors,home sensor,credentialModel,multi,AccountBound|CertificateBound|DefaultPassword|ForcedCredentialSetup|NoCredential|unsure,NoCredential,author-prior,UNMEASURED,,,,4,"IN: consumer home sensors — motion, contact, leak, temperature, air-quality, presence. OUT: industrial/enterprise sensors and PLC/SCADA field devices.",NoCredential,,,Author-prior kept; judged. Possession of the radio link during the permit-join window is the whole authentication - the definitional case.,,,,
219,ask,sensors,home sensor,pairingModel,multi,AccountLinked|BleProvisioned|MeshJoin|QrPaired|SoftApPaired|WpsPaired|unsure,BleProvisioned|MeshJoin,author-prior,UNMEASURED,,,,4,"IN: consumer home sensors — motion, contact, leak, temperature, air-quality, presence. OUT: industrial/enterprise sensors and PLC/SCADA field devices.",MeshJoin|BleProvisioned,,,Author-prior kept; judged.,,,,
220,ask,sensors,home sensor,patchResponsibility,multi,InstallerPatched|Unmaintained|UserPatched|VendorPatched|unsure,UserPatched,author-prior,UNMEASURED,,,,4,"IN: consumer home sensors — motion, contact, leak, temperature, air-quality, presence. OUT: industrial/enterprise sensors and PLC/SCADA field devices.",UserPatched,,,Author-prior kept; judged.,,,,
221,ask,sensors,home sensor,topology,multi,DirectIP|HubMediated|MeshLeaf|unsure,HubMediated|MeshLeaf,author-prior,UNMEASURED,,,,4,"IN: consumer home sensors — motion, contact, leak, temperature, air-quality, presence. OUT: industrial/enterprise sensors and PLC/SCADA field devices.",MeshLeaf|HubMediated,,,"Author-prior kept; judged. Correctly excludes DirectIP, which makes this a genuinely discriminating answer.",,,,
222,ask,appliances,smart appliance,adminModel,multi,AppOnlyAdmin|CloudPortalAdmin|LocalWebAdmin|NoAdminInterface|unsure,AppOnlyAdmin,author-prior,UNMEASURED,,,,3,"IN: consumer smart kitchen/laundry appliances — oven, range, cooker, microwave, dishwasher, washer, dryer, water heater. OUT: commercial/industrial appliances.",AppOnlyAdmin,https://www.home-connect.com/global/help-support/faq,,Author-prior kept.,,,,
223,ask,appliances,smart appliance,alsoDeployedIn,multi,Commercial|Industrial|Prosumer|Residential|none|unsure,none,author-prior,UNMEASURED,,,,3,"IN: consumer smart kitchen/laundry appliances — oven, range, cooker, microwave, dishwasher, washer, dryer, water heater. OUT: commercial/industrial appliances.",none,,,Author-prior kept; judged.,,,,
224,ask,appliances,smart appliance,credentialModel,multi,AccountBound|CertificateBound|DefaultPassword|ForcedCredentialSetup|NoCredential|unsure,AccountBound,author-prior,UNMEASURED,,,,3,"IN: consumer smart kitchen/laundry appliances — oven, range, cooker, microwave, dishwasher, washer, dryer, water heater. OUT: commercial/industrial appliances.",AccountBound,https://www.home-connect.com/global/help-support/faq,,Author-prior kept.,,,,
225,ask,appliances,smart appliance,pairingModel,multi,AccountLinked|BleProvisioned|MeshJoin|QrPaired|SoftApPaired|WpsPaired|unsure,AccountLinked|WpsPaired,author-prior,UNMEASURED,,,,3,"IN: consumer smart kitchen/laundry appliances — oven, range, cooker, microwave, dishwasher, washer, dryer, water heater. OUT: commercial/industrial appliances.",AccountLinked|SoftApPaired,,,DEVIATES from the author-prior by replacing WpsPaired with SoftApPaired - Home Connect's documented flow hands credentials over the appliance's own temporary AP.,,,,
226,ask,appliances,smart appliance,patchResponsibility,multi,InstallerPatched|Unmaintained|UserPatched|VendorPatched|unsure,VendorPatched,author-prior,UNMEASURED,,,,3,"IN: consumer smart kitchen/laundry appliances — oven, range, cooker, microwave, dishwasher, washer, dryer, water heater. OUT: commercial/industrial appliances.",VendorPatched,,,Author-prior kept; judged.,,,,
227,ask,appliances,smart appliance,topology,multi,DirectIP|HubMediated|MeshLeaf|unsure,DirectIP,author-prior,UNMEASURED,,,,3,"IN: consumer smart kitchen/laundry appliances — oven, range, cooker, microwave, dishwasher, washer, dryer, water heater. OUT: commercial/industrial appliances.",DirectIP,,,Author-prior kept; judged.,,,,
228,ask,fridge,smart refrigerator,adminModel,multi,AppOnlyAdmin|CloudPortalAdmin|LocalWebAdmin|NoAdminInterface|unsure,AppOnlyAdmin,author-prior,UNMEASURED,,,,3,IN: consumer smart refrigerators. OUT: commercial/industrial refrigeration.,AppOnlyAdmin,,,"Author-prior kept - though the Family Hub's own touchscreen is the real admin surface and, as with streaming, this vocabulary cannot name an on-device screen UI.",,,,
229,ask,fridge,smart refrigerator,alsoDeployedIn,multi,Commercial|Industrial|Prosumer|Residential|none|unsure,none,author-prior,UNMEASURED,,,,3,IN: consumer smart refrigerators. OUT: commercial/industrial refrigeration.,none,,,Author-prior kept; judged.,,,,
230,ask,fridge,smart refrigerator,credentialModel,multi,AccountBound|CertificateBound|DefaultPassword|ForcedCredentialSetup|NoCredential|unsure,AccountBound,author-prior,UNMEASURED,,,,3,IN: consumer smart refrigerators. OUT: commercial/industrial refrigeration.,AccountBound,,,Author-prior kept; judged.,,,,
231,ask,fridge,smart refrigerator,pairingModel,multi,AccountLinked|BleProvisioned|MeshJoin|QrPaired|SoftApPaired|WpsPaired|unsure,AccountLinked|WpsPaired,author-prior,UNMEASURED,,,,3,IN: consumer smart refrigerators. OUT: commercial/industrial refrigeration.,AccountLinked|SoftApPaired,,,DEVIATES from the author-prior by replacing WpsPaired with SoftApPaired.,,,,
232,ask,fridge,smart refrigerator,patchResponsibility,multi,InstallerPatched|Unmaintained|UserPatched|VendorPatched|unsure,VendorPatched,author-prior,UNMEASURED,,,,3,IN: consumer smart refrigerators. OUT: commercial/industrial refrigeration.,VendorPatched,,,Author-prior kept; judged.,,,,
233,ask,fridge,smart refrigerator,topology,multi,DirectIP|HubMediated|MeshLeaf|unsure,DirectIP,author-prior,UNMEASURED,,,,3,IN: consumer smart refrigerators. OUT: commercial/industrial refrigeration.,DirectIP,,,Author-prior kept; judged.,,,,
234,ask,airpurifier,air purifier,adminModel,multi,AppOnlyAdmin|CloudPortalAdmin|LocalWebAdmin|NoAdminInterface|unsure,AppOnlyAdmin,author-prior,UNMEASURED,,,,2,IN: consumer smart air purifiers. OUT: commercial/industrial air-handling and filtration systems.,AppOnlyAdmin,,,Author-prior kept.,,,,
235,ask,airpurifier,air purifier,alsoDeployedIn,multi,Commercial|Industrial|Prosumer|Residential|none|unsure,none,author-prior,UNMEASURED,,,,2,IN: consumer smart air purifiers. OUT: commercial/industrial air-handling and filtration systems.,none,,,Author-prior kept; judged.,,,,
236,ask,airpurifier,air purifier,credentialModel,multi,AccountBound|CertificateBound|DefaultPassword|ForcedCredentialSetup|NoCredential|unsure,AccountBound,author-prior,UNMEASURED,,,,2,IN: consumer smart air purifiers. OUT: commercial/industrial air-handling and filtration systems.,AccountBound,,,Author-prior kept; judged.,,,,
237,ask,airpurifier,air purifier,pairingModel,multi,AccountLinked|BleProvisioned|MeshJoin|QrPaired|SoftApPaired|WpsPaired|unsure,AccountLinked|WpsPaired,author-prior,UNMEASURED,,,,2,IN: consumer smart air purifiers. OUT: commercial/industrial air-handling and filtration systems.,AccountLinked|BleProvisioned,,,"DEVIATES from the author-prior (AccountLinked|WpsPaired): the MyDyson setup flow requires Bluetooth on the phone, https://www.dyson.com/app-refresh",,,,
238,ask,airpurifier,air purifier,patchResponsibility,multi,InstallerPatched|Unmaintained|UserPatched|VendorPatched|unsure,UserPatched,author-prior,UNMEASURED,,,,2,IN: consumer smart air purifiers. OUT: commercial/industrial air-handling and filtration systems.,UserPatched,https://www.dyson.com/app-refresh,,Author-prior confirmed - the owner accepts the prompt unless auto-update was enabled.,,,,
239,ask,airpurifier,air purifier,topology,multi,DirectIP|HubMediated|MeshLeaf|unsure,DirectIP,author-prior,UNMEASURED,,,,2,IN: consumer smart air purifiers. OUT: commercial/industrial air-handling and filtration systems.,DirectIP,,,Author-prior kept; judged.,,,,
240,ask,fans,smart fan,adminModel,multi,AppOnlyAdmin|CloudPortalAdmin|LocalWebAdmin|NoAdminInterface|unsure,AppOnlyAdmin,author-prior,UNMEASURED,,,,1,"IN: consumer smart/connected fans (ceiling, tower, pedestal). OUT: industrial/commercial ventilation and exhaust systems.",AppOnlyAdmin,,,Author-prior kept.,,,,
241,ask,fans,smart fan,alsoDeployedIn,multi,Commercial|Industrial|Prosumer|Residential|none|unsure,none,author-prior,UNMEASURED,,,,1,"IN: consumer smart/connected fans (ceiling, tower, pedestal). OUT: industrial/commercial ventilation and exhaust systems.",none,,,Author-prior kept; judged.,,,,
242,ask,fans,smart fan,credentialModel,multi,AccountBound|CertificateBound|DefaultPassword|ForcedCredentialSetup|NoCredential|unsure,AccountBound,author-prior,UNMEASURED,,,,1,"IN: consumer smart/connected fans (ceiling, tower, pedestal). OUT: industrial/commercial ventilation and exhaust systems.",AccountBound,,,Author-prior kept; judged.,,,,
243,ask,fans,smart fan,pairingModel,multi,AccountLinked|BleProvisioned|MeshJoin|QrPaired|SoftApPaired|WpsPaired|unsure,AccountLinked|WpsPaired,author-prior,UNMEASURED,,,,1,"IN: consumer smart/connected fans (ceiling, tower, pedestal). OUT: industrial/commercial ventilation and exhaust systems.",AccountLinked|BleProvisioned,,,"DEVIATES from the author-prior by replacing WpsPaired with BleProvisioned, matching the documented Dyson setup flow.",,,,
244,ask,fans,smart fan,patchResponsibility,multi,InstallerPatched|Unmaintained|UserPatched|VendorPatched|unsure,UserPatched,author-prior,UNMEASURED,,,,1,"IN: consumer smart/connected fans (ceiling, tower, pedestal). OUT: industrial/commercial ventilation and exhaust systems.",UserPatched,,,Author-prior kept; judged.,,,,
245,ask,fans,smart fan,topology,multi,DirectIP|HubMediated|MeshLeaf|unsure,DirectIP|MeshLeaf,author-prior,UNMEASURED,,,,1,"IN: consumer smart/connected fans (ceiling, tower, pedestal). OUT: industrial/commercial ventilation and exhaust systems.",DirectIP|MeshLeaf,,,Author-prior kept; judged. Zigbee ceiling-fan controllers and Wi-Fi tower fans both exist.,,,,
246,ask,shades,smart blinds,adminModel,multi,AppOnlyAdmin|CloudPortalAdmin|LocalWebAdmin|NoAdminInterface|unsure,AppOnlyAdmin,author-prior,UNMEASURED,,,,0,"IN: consumer smart blinds, shades, curtains, shutters and their motors/controllers. OUT: commercial/industrial window and facade systems.",AppOnlyAdmin,,,Author-prior kept.,,,,
247,ask,shades,smart blinds,alsoDeployedIn,multi,Commercial|Industrial|Prosumer|Residential|none|unsure,Commercial,author-prior,UNMEASURED,,,,0,"IN: consumer smart blinds, shades, curtains, shutters and their motors/controllers. OUT: commercial/industrial window and facade systems.",Commercial,,,Author-prior kept; judged.,,,,
248,ask,shades,smart blinds,credentialModel,multi,AccountBound|CertificateBound|DefaultPassword|ForcedCredentialSetup|NoCredential|unsure,AccountBound|NoCredential,author-prior,UNMEASURED,,,,0,"IN: consumer smart blinds, shades, curtains, shutters and their motors/controllers. OUT: commercial/industrial window and facade systems.",AccountBound|NoCredential,,,Author-prior kept; judged.,,,,
249,ask,shades,smart blinds,pairingModel,multi,AccountLinked|BleProvisioned|MeshJoin|QrPaired|SoftApPaired|WpsPaired|unsure,BleProvisioned|MeshJoin,author-prior,UNMEASURED,,,,0,"IN: consumer smart blinds, shades, curtains, shutters and their motors/controllers. OUT: commercial/industrial window and facade systems.",MeshJoin|BleProvisioned,,,Author-prior kept; judged.,,,,
250,ask,shades,smart blinds,patchResponsibility,multi,InstallerPatched|Unmaintained|UserPatched|VendorPatched|unsure,UserPatched,author-prior,UNMEASURED,,,,0,"IN: consumer smart blinds, shades, curtains, shutters and their motors/controllers. OUT: commercial/industrial window and facade systems.",UserPatched,,,Author-prior kept; judged.,,,,
251,ask,shades,smart blinds,topology,multi,DirectIP|HubMediated|MeshLeaf|unsure,HubMediated|MeshLeaf,author-prior,UNMEASURED,,,,0,"IN: consumer smart blinds, shades, curtains, shutters and their motors/controllers. OUT: commercial/industrial window and facade systems.",MeshLeaf|HubMediated,,,Author-prior kept; judged.,,,,
252,ask,sleeptracker,sleep tracker,adminModel,multi,AppOnlyAdmin|CloudPortalAdmin|LocalWebAdmin|NoAdminInterface|unsure,AppOnlyAdmin,author-prior,UNMEASURED,,,,0,"IN: bedside / non-wearable sleep monitors. OUT: wrist wearables and fitness trackers (Fitbit, Apple Watch, Garmin).",AppOnlyAdmin,,,Author-prior kept.,,,,
253,ask,sleeptracker,sleep tracker,alsoDeployedIn,multi,Commercial|Industrial|Prosumer|Residential|none|unsure,none,author-prior,UNMEASURED,,,,0,"IN: bedside / non-wearable sleep monitors. OUT: wrist wearables and fitness trackers (Fitbit, Apple Watch, Garmin).",none,,,"Author-prior kept; judged. Note Emfit's contactless trackers are also sold into care and clinical settings, which would make this Commercial - but that is the research/clinical product line, not the consumer one this category scopes.",,,,
254,ask,sleeptracker,sleep tracker,credentialModel,multi,AccountBound|CertificateBound|DefaultPassword|ForcedCredentialSetup|NoCredential|unsure,AccountBound,author-prior,UNMEASURED,,,,0,"IN: bedside / non-wearable sleep monitors. OUT: wrist wearables and fitness trackers (Fitbit, Apple Watch, Garmin).",AccountBound,https://www.withings.com/en-eu/products/sleep-analyzer,,Author-prior kept.,,,,
255,ask,sleeptracker,sleep tracker,pairingModel,multi,AccountLinked|BleProvisioned|MeshJoin|QrPaired|SoftApPaired|WpsPaired|unsure,AccountLinked|BleProvisioned,author-prior,UNMEASURED,,,,0,"IN: bedside / non-wearable sleep monitors. OUT: wrist wearables and fitness trackers (Fitbit, Apple Watch, Garmin).",AccountLinked|BleProvisioned,,,Author-prior kept; judged.,,,,
256,ask,sleeptracker,sleep tracker,patchResponsibility,multi,InstallerPatched|Unmaintained|UserPatched|VendorPatched|unsure,VendorPatched,author-prior,UNMEASURED,,,,0,"IN: bedside / non-wearable sleep monitors. OUT: wrist wearables and fitness trackers (Fitbit, Apple Watch, Garmin).",VendorPatched,,,Author-prior kept; judged.,,,,
257,ask,sleeptracker,sleep tracker,topology,multi,DirectIP|HubMediated|MeshLeaf|unsure,DirectIP,author-prior,UNMEASURED,,,,0,"IN: bedside / non-wearable sleep monitors. OUT: wrist wearables and fitness trackers (Fitbit, Apple Watch, Garmin).",DirectIP,,,Author-prior kept; judged.,,,,
258,ask,cameras,security camera,cloudDependence,single,CloudOptional|CloudRequired|LocalOnly|unsure,CloudOptional,phase-a-cve-weighted,summary-defensible,0.935,0.4455,grouping-only,881,"IN: consumer IP/Wi-Fi/battery security cameras and home DVR/NVR. OUT: enterprise NVR/VMS/SAN and cloud gateways (Hikvision Hybrid SAN, Dahua DSS, Pelco professional, wireless bridges). Video doorbells belong to doorbell; baby monitors to babymonitor.",CloudOptional,"Reolink local web interface operates on the LAN independently of the Reolink app/cloud, https://support.reolink.com/articles/34817575507481-How-to-Manually-Update-Firmware-for-Reolink-Devices/",,"Agrees with Phase A. Local RTSP/ONVIF/web control is standard across the wired half of the category; cloud (Hik-Connect, Reolink Cloud) adds remote access and is the common default, which is precisely the CloudOptional definition.",CloudOptional,,,Accepted 2026-08-17 by Aarav Verma after review of the column-1 verdict and its cited source(s).
259,ask,cameras,security camera,dataSensitivity,single,AvStreamData|BiometricData|NoData|TelemetryData|unsure,AvStreamData,phase-a-cve-weighted,summary-defensible,0.978,0.5946,grouping-only,881,"IN: consumer IP/Wi-Fi/battery security cameras and home DVR/NVR. OUT: enterprise NVR/VMS/SAN and cloud gateways (Hikvision Hybrid SAN, Dahua DSS, Pelco professional, wireless bridges). Video doorbells belong to doorbell; baby monitors to babymonitor.",AvStreamData,,,"True by category definition (consumer IP cameras and home DVR/NVR relay live and recorded video). Looked for a source and did not cite one: no vendor page states anything a reader does not already know from the category name, and a decorative citation is worth less than an honest blank.",AvStreamData,,,Accepted 2026-08-17 by Aarav Verma after review of the column-1 verdict and its cited source(s).
260,ask,cameras,security camera,formFactor,single,Fixed|Portable|Worn|unsure,Fixed,phase-a-cve-weighted,summary-defensible,1.000,0.4892,grouping-only,881,"IN: consumer IP/Wi-Fi/battery security cameras and home DVR/NVR. OUT: enterprise NVR/VMS/SAN and cloud gateways (Hikvision Hybrid SAN, Dahua DSS, Pelco professional, wireless bridges). Video doorbells belong to doorbell; baby monitors to babymonitor.",Fixed,,,"Agrees with Phase A. Judged, not sourced: mounted cameras and rack/shelf DVRs are both sited once. Battery cams are repositionable but not moved during normal use.",Fixed,,,Accepted 2026-08-17 by Aarav Verma after review of the column-1 verdict and its cited source(s).
261,ask,hub,smart home hub,cloudDependence,single,CloudOptional|CloudRequired|LocalOnly|unsure,CloudRequired,phase-a-cve-weighted,grouping-only,0.676,0.4455,grouping-only,247,"IN: IoT hubs, bridges, and Matter/Thread/Zigbee/Z-Wave controllers (SmartThings, Hubitat, Hue Bridge). OUT: plain routers, modems, ONT, and unmanaged switches — transport, not home control.",CloudRequired,"SmartThings routes most automation logic through the vendor cloud, whereas Hubitat executes locally, https://blog.sharptools.io/smartthings-vs-hubitat-vs-home-assistant/ ; Insteon shut down its cloud on 14 Apr 2022 and hubs became inoperable because the system was not designed to run locally, https://www.theregister.com/2022/04/19/insteon_cloud_shutdown/ ; https://hackaday.com/2022/04/25/insteon-abruptly-shuts-down-users-left-smart-home-less/",,"Keeps the Phase-A value, but the source I found documents a genuinely split category rather than supporting the summary: SmartThings and the Tuya/eWeLink gateway family are cloud-required, Hubitat and Hue Bridge are not. I did not deviate because nothing I found shows the local-capable hubs dominate the CVE-bearing population. Reviewer 2 may reasonably prefer CloudOptional.  RE-SOURCED 2026-08-17: the original citation covered ~0% of this category's confirmed-Yes CVE population; added the corpus-dominant vendor (Insteon 45%), sourced from the vulnerability research that produced its CVEs.",CloudRequired,,,Accepted 2026-08-17 by Aarav Verma after review of the column-1 verdict and its cited source(s).
262,ask,hub,smart home hub,dataSensitivity,single,AvStreamData|BiometricData|NoData|TelemetryData|unsure,TelemetryData,phase-a-cve-weighted,summary-defensible,1.000,0.5946,grouping-only,247,"IN: IoT hubs, bridges, and Matter/Thread/Zigbee/Z-Wave controllers (SmartThings, Hubitat, Hue Bridge). OUT: plain routers, modems, ONT, and unmanaged switches — transport, not home control.",TelemetryData,,,"Agrees with Phase A. Judged: a hub holds device state and event history for the whole home, which is occupancy inference - the TelemetryData case - rather than content.",TelemetryData,,,Accepted 2026-08-17 by Aarav Verma after review of the column-1 verdict and its cited source(s).
263,ask,hub,smart home hub,formFactor,single,Fixed|Portable|Worn|unsure,Fixed,phase-a-cve-weighted,summary-defensible,1.000,0.4892,grouping-only,247,"IN: IoT hubs, bridges, and Matter/Thread/Zigbee/Z-Wave controllers (SmartThings, Hubitat, Hue Bridge). OUT: plain routers, modems, ONT, and unmanaged switches — transport, not home control.",Fixed,,,Agrees with Phase A. Judged: sited once next to the router and left there.,Fixed,,,Accepted 2026-08-17 by Aarav Verma after review of the column-1 verdict and its cited source(s).
264,ask,alarms,home alarm,cloudDependence,single,CloudOptional|CloudRequired|LocalOnly|unsure,CloudRequired,phase-a-cve-weighted,grouping-only,0.630,0.4455,grouping-only,89,"IN: consumer home security/alarm systems and their sensors (eufy/Anker HomeBase, Qolsys, Abode, Nexx). OUT: commercial/industrial alarm, fire, and building-monitoring panels.",CloudRequired,"Ring and SimpliSafe offer little meaningful functionality without a subscription; eufy is the self-monitored exception, https://www.smarthomeexplorer.com/guides/best-diy-security-systems-no-monthly-fee-2026 ; Cisco Talos TALOS-2022-1552 (CVE-2022-27805) - commands are issued through Abode's mobile and web applications, https://talosintelligence.com/vulnerability_reports/TALOS-2022-1552 ; https://techcrunch.com/2022/10/20/abode-security-flaws/",,"Agrees with Phase A. The professionally-monitored half (Qolsys/Alarm.com) is cloud-required by design - the monitoring centre IS the cloud path.  RE-SOURCED 2026-08-17: the original citation covered ~0% of this category's confirmed-Yes CVE population; added the corpus-dominant vendor (Abode 45%), sourced from the vulnerability research that produced its CVEs.",CloudRequired,,,Accepted 2026-08-17 by Aarav Verma after review of the column-1 verdict and its cited source(s).
265,ask,alarms,home alarm,formFactor,single,Fixed|Portable|Worn|unsure,Fixed,phase-a-cve-weighted,summary-defensible,0.926,0.4892,grouping-only,89,"IN: consumer home security/alarm systems and their sensors (eufy/Anker HomeBase, Qolsys, Abode, Nexx). OUT: commercial/industrial alarm, fire, and building-monitoring panels.",Fixed,,,Agrees with Phase A. Judged: panels and sensors are mounted.,Fixed,,,Accepted 2026-08-17 by Aarav Verma after review of the column-1 verdict and its cited source(s).
266,ask,streaming,streaming device,cloudDependence,single,CloudOptional|CloudRequired|LocalOnly|unsure,CloudOptional,phase-a-cve-weighted,summary-defensible,0.977,0.4455,grouping-only,76,"IN: streaming TVs, sticks, and boxes (Google/Android TV, Fire TV, Apple TV, Roku) — qualify as home-control surfaces via criterion 4(b). OUT: game consoles, VR/AR headsets, pure media apps, and tvOS CVEs (scope ruling 2026-07: excluded for volume — see judgment_store.csv `Excluded` column and docs/plans/PLAN_scope_exclusion.md).",CloudOptional,,,"Agrees with Phase A. Judged: the device boots and plays local media without the vendor cloud, but the account-linked storefront is the common default - the CloudOptional definition exactly. Note the tension with the criterion 4(b) home-control role, which IS cloud-mediated.",CloudOptional,,,Accepted 2026-08-17 by Aarav Verma after review of the column-1 verdict and its cited source(s).
267,ask,streaming,streaming device,dataSensitivity,single,AvStreamData|BiometricData|NoData|TelemetryData|unsure,TelemetryData,phase-a-cve-weighted,summary-defensible,1.000,0.5946,grouping-only,76,"IN: streaming TVs, sticks, and boxes (Google/Android TV, Fire TV, Apple TV, Roku) — qualify as home-control surfaces via criterion 4(b). OUT: game consoles, VR/AR headsets, pure media apps, and tvOS CVEs (scope ruling 2026-07: excluded for volume — see judgment_store.csv `Excluded` column and docs/plans/PLAN_scope_exclusion.md).",TelemetryData,,,"Agrees with Phase A. Judged: viewing history and presence, not content of the home.",TelemetryData,,,Accepted 2026-08-17 by Aarav Verma after review of the column-1 verdict and its cited source(s).
268,ask,streaming,streaming device,formFactor,single,Fixed|Portable|Worn|unsure,Fixed,phase-a-cve-weighted,summary-defensible,1.000,0.4892,grouping-only,76,"IN: streaming TVs, sticks, and boxes (Google/Android TV, Fire TV, Apple TV, Roku) — qualify as home-control surfaces via criterion 4(b). OUT: game consoles, VR/AR headsets, pure media apps, and tvOS CVEs (scope ruling 2026-07: excluded for volume — see judgment_store.csv `Excluded` column and docs/plans/PLAN_scope_exclusion.md).",Fixed,,,Agrees with Phase A. Judged: plugged into a TV and left there.,Fixed,,,Accepted 2026-08-17 by Aarav Verma after review of the column-1 verdict and its cited source(s).
269,ask,ev-charging,EV home charger,cloudDependence,single,CloudOptional|CloudRequired|LocalOnly|unsure,CloudOptional,phase-a-cve-weighted,summary-defensible,0.824,0.4455,grouping-only,71,"IN: home EVSE/wallbox for a private garage or driveway. OUT: commercial/public/fleet chargers (Iocharger, Circontrol, Raption, eCharge) and the vehicle itself.",CloudOptional,"Easee HOME local interface is intended for local operation of the charger when no internet is available, https://device.report/manual/6897542 ; SEC Consult - authentication bypass in the Schneider Electric EVlink administration web interface, https://sec-consult.com/vulnerability-lab/advisory/authentication-bypass-remote-code-execution-in-schneider-electric-evlink-charging-stations/",,"Agrees with Phase A. Smart-tariff scheduling is cloud-mediated but charging works without it.  COVERAGE 2026-08-18: original citation covered 0% of this category; added Schneider Electric (30%), the corpus-dominant vendor - the documented local web admin means local control works without the vendor cloud. Verdict unchanged.",CloudOptional,,,Accepted 2026-08-17 by Aarav Verma after review of the column-1 verdict and its cited source(s).
270,ask,ev-charging,EV home charger,dataSensitivity,single,AvStreamData|BiometricData|NoData|TelemetryData|unsure,TelemetryData,phase-a-cve-weighted,summary-defensible,1.000,0.5946,grouping-only,71,"IN: home EVSE/wallbox for a private garage or driveway. OUT: commercial/public/fleet chargers (Iocharger, Circontrol, Raption, eCharge) and the vehicle itself.",TelemetryData,,,Agrees with Phase A. Judged: charging sessions are a direct occupancy and travel-pattern trace.,TelemetryData,,,Accepted 2026-08-17 by Aarav Verma after review of the column-1 verdict and its cited source(s).
271,ask,ev-charging,EV home charger,formFactor,single,Fixed|Portable|Worn|unsure,Fixed,phase-a-cve-weighted,summary-defensible,1.000,0.4892,grouping-only,71,"IN: home EVSE/wallbox for a private garage or driveway. OUT: commercial/public/fleet chargers (Iocharger, Circontrol, Raption, eCharge) and the vehicle itself.",Fixed,,,Agrees with Phase A. Judged: wall-mounted and wired in.,Fixed,,,Accepted 2026-08-17 by Aarav Verma after review of the column-1 verdict and its cited source(s).
272,ask,doorbell,video doorbell,cloudDependence,single,CloudOptional|CloudRequired|LocalOnly|unsure,CloudOptional,phase-a-cve-weighted,grouping-only,0.764,0.4455,grouping-only,45,"IN: video/smart doorbells (Ring, Reolink, Foscam VD, Akuvox). OUT: standalone cameras (classify under cameras) and baby monitors (under babymonitor).",CloudOptional,,,"KEPT the Phase-A value but I think it is the weakest cell in this category: Ring is inert without its cloud, and only the ONVIF/SIP doorphone minority works locally. Reviewer 2 should consider CloudRequired.",,,,
273,ask,doorbell,video doorbell,dataSensitivity,single,AvStreamData|BiometricData|NoData|TelemetryData|unsure,AvStreamData,phase-a-cve-weighted,summary-defensible,0.855,0.5946,grouping-only,45,"IN: video/smart doorbells (Ring, Reolink, Foscam VD, Akuvox). OUT: standalone cameras (classify under cameras) and baby monitors (under babymonitor).",AvStreamData,https://ring.com/support/articles/il7n0/How-Firmware-Works-in-Ring-Devices,,Agrees with Phase A.,,,,
274,ask,doorbell,video doorbell,formFactor,single,Fixed|Portable|Worn|unsure,Fixed,phase-a-cve-weighted,summary-defensible,1.000,0.4892,grouping-only,45,"IN: video/smart doorbells (Ring, Reolink, Foscam VD, Akuvox). OUT: standalone cameras (classify under cameras) and baby monitors (under babymonitor).",Fixed,,,Agrees with Phase A. Judged: mounted at the door.,,,,
275,ask,home-power,home energy system,cloudDependence,single,CloudOptional|CloudRequired|LocalOnly|unsure,CloudRequired,author-prior,UNMEASURED,,0.4455,grouping-only,45,"IN: residential solar inverters, home batteries, and smart meters (SMA, Victron Venus, Enphase, Tesla Powerwall). OUT: utility-scale/commercial PV and grid equipment.",CloudOptional,"Enphase Envoy/IQ Gateway is administered and read locally over the LAN, https://support.enphase.com/s/article/How-do-I-access-the-Envoy-S-or-IQ-Envoy-s-local-web-interface",,"DEVIATES from the author-prior (CloudRequired). Local web and Modbus/TCP access are documented and are how installers commission these systems; the vendor portal (VRM, Enlighten) adds remote monitoring. That is the CloudOptional definition.",,,,
276,ask,home-power,home energy system,dataSensitivity,single,AvStreamData|BiometricData|NoData|TelemetryData|unsure,TelemetryData,author-prior,UNMEASURED,,0.5946,grouping-only,45,"IN: residential solar inverters, home batteries, and smart meters (SMA, Victron Venus, Enphase, Tesla Powerwall). OUT: utility-scale/commercial PV and grid equipment.",TelemetryData,,,Author-prior kept; judged. Half-hourly generation and consumption is among the strongest occupancy inference signals in the whole device set.,,,,
277,ask,home-power,home energy system,formFactor,single,Fixed|Portable|Worn|unsure,Fixed,author-prior,UNMEASURED,,0.4892,grouping-only,45,"IN: residential solar inverters, home batteries, and smart meters (SMA, Victron Venus, Enphase, Tesla Powerwall). OUT: utility-scale/commercial PV and grid equipment.",Fixed,,,Author-prior kept; judged: wall-mounted and wired in.,,,,
278,ask,smartspeakers,smart speaker,dataSensitivity,single,AvStreamData|BiometricData|NoData|TelemetryData|unsure,AvStreamData,phase-a-cve-weighted,summary-defensible,0.951,0.5946,grouping-only,38,"IN: consumer smart speakers, smart displays, and smart soundbars (Echo, Nest, HomePod) — qualify as home-control surfaces via criterion 4(b). OUT: plain Bluetooth speakers, headphones, and AV receivers with no assistant/home-control role.",AvStreamData,https://www.amazon.com/gp/help/customer/display.html?nodeId=GMZQWNQRVENX4GTQ,,Agrees with Phase A. Voice capture inside the home is squarely the AvStreamData case.,,,,
279,ask,smartspeakers,smart speaker,formFactor,single,Fixed|Portable|Worn|unsure,Fixed,phase-a-cve-weighted,summary-defensible,0.975,0.4892,grouping-only,38,"IN: consumer smart speakers, smart displays, and smart soundbars (Echo, Nest, HomePod) — qualify as home-control surfaces via criterion 4(b). OUT: plain Bluetooth speakers, headphones, and AV receivers with no assistant/home-control role.",Fixed,,,"Agrees with Phase A. Judged - though portable battery models (Echo Input/Move, Nest Audio on a battery base) make this the least stable cell in the category.",,,,
280,ask,smartplugs,smart plug,cloudDependence,single,CloudOptional|CloudRequired|LocalOnly|unsure,CloudRequired,phase-a-cve-weighted,grouping-only,0.625,0.4455,grouping-only,37,"IN: consumer smart plugs, outlets, and power strips. OUT: enterprise/data-center PDUs and industrial power management.",CloudRequired,,,"Agrees with Phase A. Judged. Local control exists on some plugs via Matter or local LAN protocols, but the app path is cloud-mediated by default across the category.",,,,
281,ask,smartplugs,smart plug,dataSensitivity,single,AvStreamData|BiometricData|NoData|TelemetryData|unsure,TelemetryData,phase-a-cve-weighted,summary-defensible,1.000,0.5946,grouping-only,37,"IN: consumer smart plugs, outlets, and power strips. OUT: enterprise/data-center PDUs and industrial power management.",TelemetryData,,,"Agrees with Phase A. Judged: on/off and energy traces are a direct occupancy signal - the textbook TelemetryData case, and the reason NoData is wrong here.",,,,
282,ask,smartplugs,smart plug,formFactor,single,Fixed|Portable|Worn|unsure,Fixed,phase-a-cve-weighted,summary-defensible,1.000,0.4892,grouping-only,37,"IN: consumer smart plugs, outlets, and power strips. OUT: enterprise/data-center PDUs and industrial power management.",Fixed,,,"Agrees with Phase A - though arguably wrong in spirit: a plug is trivially moved between sockets. The vocabulary's Portable means 'moved around the home during normal use', which a plug is not, so Fixed stands.",,,,
283,ask,doorlock,smart lock,dataSensitivity,single,AvStreamData|BiometricData|NoData|TelemetryData|unsure,TelemetryData,phase-a-cve-weighted,grouping-only,0.737,0.5946,grouping-only,36,"IN: residential smart locks and garage-door openers (Yale, August, Tinxy, SGUDA, Genie Aladdin, Zigbee lock stacks). OUT: commercial/enterprise access-control panels and building door controllers.",TelemetryData,,,"Agrees with Phase A. Judged: lock/unlock history is an unusually precise occupancy log. Fingerprint models would be BiometricData, but they are a minority of this category.",,,,
284,ask,doorlock,smart lock,formFactor,single,Fixed|Portable|Worn|unsure,Fixed,phase-a-cve-weighted,summary-defensible,0.950,0.4892,grouping-only,36,"IN: residential smart locks and garage-door openers (Yale, August, Tinxy, SGUDA, Genie Aladdin, Zigbee lock stacks). OUT: commercial/enterprise access-control panels and building door controllers.",Fixed,,,Agrees with Phase A. Judged.,,,,
285,ask,pet,smart pet device,cloudDependence,single,CloudOptional|CloudRequired|LocalOnly|unsure,CloudRequired,author-prior,UNMEASURED,,0.4455,grouping-only,35,"IN: consumer smart pet feeders, pet cameras, and litter boxes. OUT: commercial/veterinary/livestock equipment.",CloudRequired,"https://petcube.com/support/article/camera-android-setup/ ; Somerset Recon, Hacking the Furbo - RTSP service and an on-device webserver, root code execution, treat dispensing driven from the command line, https://www.somersetrecon.com/blog/2021/hacking-the-furbo-part-1 ; Lethal Bit, remote hacking of the Furbo dog camera (CVE-2020-24918 RTSP buffer overflow, CVE-2021-32452 webserver command injection), https://blog.lethalbit.com/remote-hacking-of-furbo-dog-camera/",,"Author-prior kept. Setup requires creating a vendor account before the device functions.  RE-SOURCED 2026-08-17: the original citation covered ~0% of this category's confirmed-Yes CVE population; added the corpus-dominant vendor (Furbo 51%), sourced from the vulnerability research that produced its CVEs.",,,,
286,ask,pet,smart pet device,dataSensitivity,single,AvStreamData|BiometricData|NoData|TelemetryData|unsure,AvStreamData,author-prior,UNMEASURED,,0.5946,grouping-only,35,"IN: consumer smart pet feeders, pet cameras, and litter boxes. OUT: commercial/veterinary/livestock equipment.",AvStreamData,"https://petcube.com/support/camera/user-guide/ ; Somerset Recon, Hacking the Furbo - RTSP service and an on-device webserver, root code execution, treat dispensing driven from the command line, https://www.somersetrecon.com/blog/2021/hacking-the-furbo-part-1 ; Lethal Bit, remote hacking of the Furbo dog camera (CVE-2020-24918 RTSP buffer overflow, CVE-2021-32452 webserver command injection), https://blog.lethalbit.com/remote-hacking-of-furbo-dog-camera/",,"Author-prior kept. Interior-of-home video, streamed while the owner is away by design.  RE-SOURCED 2026-08-17: the original citation covered ~0% of this category's confirmed-Yes CVE population; added the corpus-dominant vendor (Furbo 51%), sourced from the vulnerability research that produced its CVEs.",,,,
287,ask,pet,smart pet device,formFactor,single,Fixed|Portable|Worn|unsure,Fixed,author-prior,UNMEASURED,,0.4892,grouping-only,35,"IN: consumer smart pet feeders, pet cameras, and litter boxes. OUT: commercial/veterinary/livestock equipment.",Fixed,,,Author-prior kept; judged.,,,,
288,ask,lighting,smart lighting,cloudDependence,single,CloudOptional|CloudRequired|LocalOnly|unsure,CloudOptional,phase-a-cve-weighted,grouping-only,0.636,0.4455,grouping-only,33,"IN: consumer smart bulbs, light/dimmer/wall switches, and LED controllers (Hue, LIFX). OUT: phone 'Smart Switch' data-migration software, network switches, and apps/plugins that merely reference lighting.",CloudOptional,https://www.philips-hue.com/en-gb/support/legal/end-of-support-policy,,Agrees with Phase A. Hue operates fully on the local bridge; the cloud adds remote access and voice.,,,,
289,ask,lighting,smart lighting,dataSensitivity,single,AvStreamData|BiometricData|NoData|TelemetryData|unsure,TelemetryData,phase-a-cve-weighted,summary-defensible,1.000,0.5946,grouping-only,33,"IN: consumer smart bulbs, light/dimmer/wall switches, and LED controllers (Hue, LIFX). OUT: phone 'Smart Switch' data-migration software, network switches, and apps/plugins that merely reference lighting.",TelemetryData,,,Agrees with Phase A. Judged: light state is an occupancy trace.,,,,
290,ask,lighting,smart lighting,formFactor,single,Fixed|Portable|Worn|unsure,Fixed,phase-a-cve-weighted,grouping-only,0.727,0.4892,grouping-only,33,"IN: consumer smart bulbs, light/dimmer/wall switches, and LED controllers (Hue, LIFX). OUT: phone 'Smart Switch' data-migration software, network switches, and apps/plugins that merely reference lighting.",Fixed,,,Agrees with Phase A. Judged: fitted into a socket or a wall box.,,,,
291,ask,robotvacuum,robot vacuum,cloudDependence,single,CloudOptional|CloudRequired|LocalOnly|unsure,CloudRequired,author-prior,UNMEASURED,,0.4455,grouping-only,27,IN: consumer robot vacuums and mops. OUT: industrial/commercial cleaning robots.,CloudRequired,,,Author-prior kept; judged.,,,,
292,ask,robotvacuum,robot vacuum,dataSensitivity,single,AvStreamData|BiometricData|NoData|TelemetryData|unsure,AvStreamData,author-prior,UNMEASURED,,0.5946,grouping-only,27,IN: consumer robot vacuums and mops. OUT: industrial/commercial cleaning robots.,AvStreamData,"https://www.tomsguide.com/reviews/roborock-s6-maxv-robot-vacuum ; Dennis Giese & braelynn, DEF CON 32 - Ecovacs DEEBOT models are Linux-based devices with cameras and microphones; the vendor 'medusa' daemon handles cloud communication, OTA updates, control and mapping, https://dontvacuum.me/talks/DEFCON32/DEFCON32_reveng_hacking_ecovacs_robots.pdf",,"Author-prior kept. Worth noting the vocabulary has no value for the floor-plan map, which is arguably the more sensitive artefact this category produces and is not audio/video at all.  RE-SOURCED 2026-08-17: the original citation covered ~0% of this category's confirmed-Yes CVE population; added the corpus-dominant vendor (Ecovacs 44%), sourced from the vulnerability research that produced its CVEs.",,,,
293,ask,robotvacuum,robot vacuum,formFactor,single,Fixed|Portable|Worn|unsure,Portable,author-prior,UNMEASURED,,0.4892,grouping-only,27,IN: consumer robot vacuums and mops. OUT: industrial/commercial cleaning robots.,Portable,,,"Author-prior kept; judged. One of only two Portable categories on the sheet (with garden), which makes it a useful minority cell rather than a rename of cameras.",,,,
294,ask,garden,smart garden,cloudDependence,single,CloudOptional|CloudRequired|LocalOnly|unsure,CloudRequired,author-prior,UNMEASURED,,0.4455,grouping-only,19,"IN: consumer irrigation controllers and robot mowers (RainMachine, Rachio, ECOVACS/Yarbo mowers). OUT: commercial/agricultural irrigation and turf equipment.",CloudOptional,"RainMachine is cloud-independent - all irrigation, scheduling and weather features are built into the device, https://support.rainmachine.com/hc/en-us/articles/7116888557719-Local-Network-Access",,"DEVIATES from the author-prior (CloudRequired) on explicit vendor documentation. The same source notes Rachio is the cloud-centred contrast, so the category is split - but the local-first design is documented and the prior was not.",,,,
295,ask,garden,smart garden,dataSensitivity,single,AvStreamData|BiometricData|NoData|TelemetryData|unsure,TelemetryData,author-prior,UNMEASURED,,0.5946,grouping-only,19,"IN: consumer irrigation controllers and robot mowers (RainMachine, Rachio, ECOVACS/Yarbo mowers). OUT: commercial/agricultural irrigation and turf equipment.",TelemetryData,,,Author-prior kept; judged. Watering schedules leak occupancy and absence.,,,,
296,ask,garden,smart garden,formFactor,single,Fixed|Portable|Worn|unsure,Portable,author-prior,UNMEASURED,,0.4892,grouping-only,19,"IN: consumer irrigation controllers and robot mowers (RainMachine, Rachio, ECOVACS/Yarbo mowers). OUT: commercial/agricultural irrigation and turf equipment.",Portable,,,"Author-prior kept, but flagged as probably wrong for half the category: a robot mower moves, a wall-mounted irrigation controller does not. Fixed would be the better summary if the irrigation half dominates the CVE mass, which it appears to. Reviewer 2 should settle this.",,,,
297,ask,babymonitor,baby monitor,cloudDependence,single,CloudOptional|CloudRequired|LocalOnly|unsure,CloudOptional,author-prior,UNMEASURED,,0.4455,grouping-only,18,IN: dedicated consumer baby monitors. OUT: generic IP cameras not sold as baby monitors (classify under cameras) and any enterprise surveillance gear.,CloudOptional,,,"Author-prior kept, but weakly - Nanit and Owlet are account-gated at setup, which points to CloudRequired. Only the local-RTSP monitors support CloudOptional.",,,,
298,ask,babymonitor,baby monitor,dataSensitivity,single,AvStreamData|BiometricData|NoData|TelemetryData|unsure,AvStreamData,author-prior,UNMEASURED,,0.5946,grouping-only,18,IN: dedicated consumer baby monitors. OUT: generic IP cameras not sold as baby monitors (classify under cameras) and any enterprise surveillance gear.,AvStreamData,https://www.nanit.com/,,"Author-prior kept. Note Nanit also derives breathing data, which is BiometricData under this vocabulary - the single-valued facet cannot express that this category carries both, and AV is the more voluminous.",,,,
299,ask,babymonitor,baby monitor,formFactor,single,Fixed|Portable|Worn|unsure,Fixed,author-prior,UNMEASURED,,0.4892,grouping-only,18,IN: dedicated consumer baby monitors. OUT: generic IP cameras not sold as baby monitors (classify under cameras) and any enterprise surveillance gear.,Fixed,,,Author-prior kept; judged.,,,,
300,ask,thermostat,smart thermostat,cloudDependence,single,CloudOptional|CloudRequired|LocalOnly|unsure,CloudOptional,author-prior,UNMEASURED,,0.4455,grouping-only,18,IN: residential smart thermostats. OUT: commercial building-management/HVAC controllers and industrial climate systems.,CloudOptional,,,Author-prior kept; judged. The thermostat keeps running its schedule with the internet down; remote and learning features are cloud.,,,,
301,ask,thermostat,smart thermostat,dataSensitivity,single,AvStreamData|BiometricData|NoData|TelemetryData|unsure,TelemetryData,author-prior,UNMEASURED,,0.5946,grouping-only,18,IN: residential smart thermostats. OUT: commercial building-management/HVAC controllers and industrial climate systems.,TelemetryData,,,Author-prior kept; judged. Setback schedules and the built-in occupancy sensor are a direct home/away signal.,,,,
302,ask,thermostat,smart thermostat,formFactor,single,Fixed|Portable|Worn|unsure,Fixed,author-prior,UNMEASURED,,0.4892,grouping-only,18,IN: residential smart thermostats. OUT: commercial building-management/HVAC controllers and industrial climate systems.,Fixed,,,Author-prior kept; judged.,,,,
303,ask,airconditioner,smart air conditioner,cloudDependence,single,CloudOptional|CloudRequired|LocalOnly|unsure,CloudRequired,author-prior,UNMEASURED,,0.4455,grouping-only,5,IN: consumer smart/Wi-Fi air conditioners and mini-splits with app control. OUT: commercial rooftop units and industrial HVAC.,CloudRequired,,,Author-prior kept; judged. The Wi-Fi dongle's only documented control path is the vendor app via the vendor cloud - the third-party ESPHome replacements exist precisely because there is no local API.,,,,
304,ask,airconditioner,smart air conditioner,dataSensitivity,single,AvStreamData|BiometricData|NoData|TelemetryData|unsure,TelemetryData,author-prior,UNMEASURED,,0.5946,grouping-only,5,IN: consumer smart/Wi-Fi air conditioners and mini-splits with app control. OUT: commercial rooftop units and industrial HVAC.,TelemetryData,,,Author-prior kept; judged.,,,,
305,ask,airconditioner,smart air conditioner,formFactor,single,Fixed|Portable|Worn|unsure,Fixed,author-prior,UNMEASURED,,0.4892,grouping-only,5,IN: consumer smart/Wi-Fi air conditioners and mini-splits with app control. OUT: commercial rooftop units and industrial HVAC.,Fixed,,,Author-prior kept; judged.,,,,
306,ask,sensors,home sensor,cloudDependence,single,CloudOptional|CloudRequired|LocalOnly|unsure,CloudOptional,author-prior,UNMEASURED,,0.4455,grouping-only,4,"IN: consumer home sensors — motion, contact, leak, temperature, air-quality, presence. OUT: industrial/enterprise sensors and PLC/SCADA field devices.",CloudOptional,,,"Author-prior kept; judged. The sensor talks to its hub; whether that is cloud-bound is the hub's property, not the sensor's.",,,,
307,ask,sensors,home sensor,dataSensitivity,single,AvStreamData|BiometricData|NoData|TelemetryData|unsure,TelemetryData,author-prior,UNMEASURED,,0.5946,grouping-only,4,"IN: consumer home sensors — motion, contact, leak, temperature, air-quality, presence. OUT: industrial/enterprise sensors and PLC/SCADA field devices.",TelemetryData,,,Author-prior kept; judged. A contact/motion sensor is the purest occupancy-inference device in the set.,,,,
308,ask,sensors,home sensor,formFactor,single,Fixed|Portable|Worn|unsure,Fixed,author-prior,UNMEASURED,,0.4892,grouping-only,4,"IN: consumer home sensors — motion, contact, leak, temperature, air-quality, presence. OUT: industrial/enterprise sensors and PLC/SCADA field devices.",Fixed,,,Author-prior kept; judged.,,,,
309,ask,appliances,smart appliance,cloudDependence,single,CloudOptional|CloudRequired|LocalOnly|unsure,CloudRequired,author-prior,UNMEASURED,,0.4455,grouping-only,3,"IN: consumer smart kitchen/laundry appliances — oven, range, cooker, microwave, dishwasher, washer, dryer, water heater. OUT: commercial/industrial appliances.",CloudRequired,"A Home Connect account is required to register the appliance and use app control, https://www.home-connect.com/global/help-support/faq",,Author-prior confirmed.,,,,
310,ask,appliances,smart appliance,dataSensitivity,single,AvStreamData|BiometricData|NoData|TelemetryData|unsure,TelemetryData,author-prior,UNMEASURED,,0.5946,grouping-only,3,"IN: consumer smart kitchen/laundry appliances — oven, range, cooker, microwave, dishwasher, washer, dryer, water heater. OUT: commercial/industrial appliances.",TelemetryData,,,Author-prior kept; judged.,,,,
311,ask,appliances,smart appliance,formFactor,single,Fixed|Portable|Worn|unsure,Fixed,author-prior,UNMEASURED,,0.4892,grouping-only,3,"IN: consumer smart kitchen/laundry appliances — oven, range, cooker, microwave, dishwasher, washer, dryer, water heater. OUT: commercial/industrial appliances.",Fixed,,,Author-prior kept; judged.,,,,
312,ask,fridge,smart refrigerator,cloudDependence,single,CloudOptional|CloudRequired|LocalOnly|unsure,CloudRequired,author-prior,UNMEASURED,,0.4455,grouping-only,3,IN: consumer smart refrigerators. OUT: commercial/industrial refrigeration.,CloudRequired,,,Author-prior kept; judged.,,,,
313,ask,fridge,smart refrigerator,dataSensitivity,single,AvStreamData|BiometricData|NoData|TelemetryData|unsure,TelemetryData,author-prior,UNMEASURED,,0.5946,grouping-only,3,IN: consumer smart refrigerators. OUT: commercial/industrial refrigeration.,TelemetryData,,,"Author-prior kept; judged. Note the screen fridges also hold family calendars and photos, which this vocabulary has no value for.",,,,
314,ask,fridge,smart refrigerator,formFactor,single,Fixed|Portable|Worn|unsure,Fixed,author-prior,UNMEASURED,,0.4892,grouping-only,3,IN: consumer smart refrigerators. OUT: commercial/industrial refrigeration.,Fixed,,,Author-prior kept; judged.,,,,
315,ask,airpurifier,air purifier,cloudDependence,single,CloudOptional|CloudRequired|LocalOnly|unsure,CloudRequired,author-prior,UNMEASURED,,0.4455,grouping-only,2,IN: consumer smart air purifiers. OUT: commercial/industrial air-handling and filtration systems.,CloudRequired,https://www.dyson.com/app-refresh,,"Author-prior kept; judged. On-unit controls survive without the cloud, but the connected feature set does not.",,,,
316,ask,airpurifier,air purifier,dataSensitivity,single,AvStreamData|BiometricData|NoData|TelemetryData|unsure,TelemetryData,author-prior,UNMEASURED,,0.5946,grouping-only,2,IN: consumer smart air purifiers. OUT: commercial/industrial air-handling and filtration systems.,TelemetryData,,,"Author-prior kept; judged. Air-quality history tracks cooking, cleaning and occupancy.",,,,
317,ask,airpurifier,air purifier,formFactor,single,Fixed|Portable|Worn|unsure,Fixed,author-prior,UNMEASURED,,0.4892,grouping-only,2,IN: consumer smart air purifiers. OUT: commercial/industrial air-handling and filtration systems.,Portable,,,"DEVIATES from the author-prior (Fixed). A tower purifier is moved between rooms during normal use, which is the Portable definition; nothing mounts it.",,,,
318,ask,fans,smart fan,cloudDependence,single,CloudOptional|CloudRequired|LocalOnly|unsure,CloudOptional,author-prior,UNMEASURED,,0.4455,grouping-only,1,"IN: consumer smart/connected fans (ceiling, tower, pedestal). OUT: industrial/commercial ventilation and exhaust systems.",CloudOptional,,,Author-prior kept; judged.,,,,
319,ask,fans,smart fan,dataSensitivity,single,AvStreamData|BiometricData|NoData|TelemetryData|unsure,NoData,author-prior,UNMEASURED,,0.5946,grouping-only,1,"IN: consumer smart/connected fans (ceiling, tower, pedestal). OUT: industrial/commercial ventilation and exhaust systems.",NoData,,,"Author-prior kept, and it is the only NoData cell on the sheet, which makes it worth scrutiny. It is hard to defend under the vocabulary's own wording: NoData is strictly the complement of TelemetryData, and fan on/off history supports occupancy inference just as plug state does. Flagged for reviewer 2 - I did not override it because the category has 1 CVE and nothing rides on it, but I believe TelemetryData is correct.",,,,
320,ask,fans,smart fan,formFactor,single,Fixed|Portable|Worn|unsure,Fixed,author-prior,UNMEASURED,,0.4892,grouping-only,1,"IN: consumer smart/connected fans (ceiling, tower, pedestal). OUT: industrial/commercial ventilation and exhaust systems.",Portable,,,"DEVIATES from the author-prior (Fixed). Tower and pedestal fans are moved between rooms; ceiling fans are not. Split category, and Portable is the better summary of the connected ones. Settle alongside airpurifier/formFactor, which has the identical shape.",,,,
321,ask,shades,smart blinds,cloudDependence,single,CloudOptional|CloudRequired|LocalOnly|unsure,CloudOptional,author-prior,UNMEASURED,,0.4455,grouping-only,0,"IN: consumer smart blinds, shades, curtains, shutters and their motors/controllers. OUT: commercial/industrial window and facade systems.",CloudOptional,,,Author-prior kept; judged.,,,,
322,ask,shades,smart blinds,dataSensitivity,single,AvStreamData|BiometricData|NoData|TelemetryData|unsure,TelemetryData,author-prior,UNMEASURED,,0.5946,grouping-only,0,"IN: consumer smart blinds, shades, curtains, shutters and their motors/controllers. OUT: commercial/industrial window and facade systems.",TelemetryData,,,Author-prior kept; judged.,,,,
323,ask,shades,smart blinds,formFactor,single,Fixed|Portable|Worn|unsure,Fixed,author-prior,UNMEASURED,,0.4892,grouping-only,0,"IN: consumer smart blinds, shades, curtains, shutters and their motors/controllers. OUT: commercial/industrial window and facade systems.",Fixed,,,Author-prior kept; judged.,,,,
324,ask,sleeptracker,sleep tracker,cloudDependence,single,CloudOptional|CloudRequired|LocalOnly|unsure,CloudRequired,author-prior,UNMEASURED,,0.4455,grouping-only,0,"IN: bedside / non-wearable sleep monitors. OUT: wrist wearables and fitness trackers (Fitbit, Apple Watch, Garmin).",CloudRequired,"Withings Sleep Analyzer stores data in a Withings account, https://www.withings.com/en-eu/products/sleep-analyzer",,Author-prior confirmed.,,,,
325,ask,sleeptracker,sleep tracker,dataSensitivity,single,AvStreamData|BiometricData|NoData|TelemetryData|unsure,BiometricData,author-prior,UNMEASURED,,0.5946,grouping-only,0,"IN: bedside / non-wearable sleep monitors. OUT: wrist wearables and fitness trackers (Fitbit, Apple Watch, Garmin).",BiometricData,"Withings Sleep Analyzer measures heart rate and breathing and detects apnoea episodes, https://www.withings.com/en-eu/products/sleep-analyzer",,"Author-prior confirmed - the only BiometricData cell on the sheet, and well sourced. Physiological signals are named explicitly in the value definition.",,,,
326,ask,sleeptracker,sleep tracker,formFactor,single,Fixed|Portable|Worn|unsure,Fixed,author-prior,UNMEASURED,,0.4892,grouping-only,0,"IN: bedside / non-wearable sleep monitors. OUT: wrist wearables and fitness trackers (Fitbit, Apple Watch, Garmin).",Fixed,,,"Author-prior kept; judged. The scope note excludes wearables, so Worn is correctly not in play - which is the whole reason this category exists separately.",,,,
327,ask,cameras,security camera,actuatesPhysical,single,true|false|unsure,false,phase-a-cve-weighted,summary-defensible,0.978,0.7372,CITABLE,881,"IN: consumer IP/Wi-Fi/battery security cameras and home DVR/NVR. OUT: enterprise NVR/VMS/SAN and cloud gateways (Hikvision Hybrid SAN, Dahua DSS, Pelco professional, wireless bridges). Video doorbells belong to doorbell; baby monitors to babymonitor.",false,,,"Agrees with Phase A. Follows the project's existing ruling that PTZ movement is not actuation - the camera repositions itself, it changes nothing in the home.",false,,,Accepted 2026-08-17 by Aarav Verma after review of the column-1 verdict and its cited source(s).
328,ask,cameras,security camera,actuationConsequence,single,ComfortActuation|NoActuation|PropertyActuation|SafetyActuation|unsure,NoActuation,phase-a-cve-weighted,summary-defensible,0.978,0.7553,CITABLE,881,"IN: consumer IP/Wi-Fi/battery security cameras and home DVR/NVR. OUT: enterprise NVR/VMS/SAN and cloud gateways (Hikvision Hybrid SAN, Dahua DSS, Pelco professional, wireless bridges). Video doorbells belong to doorbell; baby monitors to babymonitor.",NoActuation,,,"Forced by actuatesPhysical=false; the vocabulary states the two are one judgment, not independent evidence.",NoActuation,,,Accepted 2026-08-17 by Aarav Verma after review of the column-1 verdict and its cited source(s).
329,ask,cameras,security camera,placement,single,Either|Indoor|Outdoor|unsure,Indoor,phase-a-cve-weighted,grouping-only,0.624,0.7011,CITABLE,881,"IN: consumer IP/Wi-Fi/battery security cameras and home DVR/NVR. OUT: enterprise NVR/VMS/SAN and cloud gateways (Hikvision Hybrid SAN, Dahua DSS, Pelco professional, wireless bridges). Video doorbells belong to doorbell; baby monitors to babymonitor.",Either,,,"DEVIATES from the Phase-A modal value (Indoor). Not a disagreement about the data: the vocabulary defines Either as the value for a category where product lines exist for both sitings and the category contains both, which is a definitional test rather than a majority test, and consumer cameras plainly satisfy it (indoor pan/tilt and DVR/NVR indoors, Argus/bullet/turret outdoors). Reviewer 2 should treat this as the cell most likely to need reconciliation.",Either,,,Accepted 2026-08-17 by Aarav Verma after review of the column-1 verdict and its cited source(s).
330,ask,hub,smart home hub,actuatesPhysical,single,true|false|unsure,false,phase-a-cve-weighted,summary-defensible,1.000,0.7372,CITABLE,247,"IN: IoT hubs, bridges, and Matter/Thread/Zigbee/Z-Wave controllers (SmartThings, Hubitat, Hue Bridge). OUT: plain routers, modems, ONT, and unmanaged switches — transport, not home control.",false,,,"Agrees with Phase A. The hub commands other devices but has no actuator of its own - this follows the project's existing own-actuator rule, and is the rule's most important case.",false,,,Accepted 2026-08-17 by Aarav Verma after review of the column-1 verdict and its cited source(s).
331,ask,hub,smart home hub,actuationConsequence,single,ComfortActuation|NoActuation|PropertyActuation|SafetyActuation|unsure,NoActuation,phase-a-cve-weighted,summary-defensible,1.000,0.7553,CITABLE,247,"IN: IoT hubs, bridges, and Matter/Thread/Zigbee/Z-Wave controllers (SmartThings, Hubitat, Hue Bridge). OUT: plain routers, modems, ONT, and unmanaged switches — transport, not home control.",NoActuation,,,"Forced by actuatesPhysical=false. Worth flagging as a limitation of the vocabulary rather than an error: a compromised hub can open every lock in the house, and this facet cannot say so.",NoActuation,,,Accepted 2026-08-17 by Aarav Verma after review of the column-1 verdict and its cited source(s).
332,ask,hub,smart home hub,consumerAvailability,single,InstallerChannel|MixedChannel|RetailConsumer|unsure,RetailConsumer,phase-a-cve-weighted,summary-defensible,0.918,0.7202,CITABLE,247,"IN: IoT hubs, bridges, and Matter/Thread/Zigbee/Z-Wave controllers (SmartThings, Hubitat, Hue Bridge). OUT: plain routers, modems, ONT, and unmanaged switches — transport, not home control.",RetailConsumer,,,"Agrees with Phase A. Judged: SmartThings, Hubitat and Hue Bridge are bought off the shelf and set up by the owner. The scope note's exclusion of routers and ONT keeps the ISP-supplied gateways - the one genuinely non-retail route into a home - out of this category.",RetailConsumer,,,Accepted 2026-08-17 by Aarav Verma after review of the column-1 verdict and its cited source(s).
333,ask,hub,smart home hub,placement,single,Either|Indoor|Outdoor|unsure,Indoor,phase-a-cve-weighted,summary-defensible,1.000,0.7011,CITABLE,247,"IN: IoT hubs, bridges, and Matter/Thread/Zigbee/Z-Wave controllers (SmartThings, Hubitat, Hue Bridge). OUT: plain routers, modems, ONT, and unmanaged switches — transport, not home control.",Indoor,,,"Agrees with Phase A. Judged: hubs are indoor equipment; no outdoor product line exists, so Either does not apply the way it does for cameras.",Indoor,,,Accepted 2026-08-17 by Aarav Verma after review of the column-1 verdict and its cited source(s).
334,ask,alarms,home alarm,actuatesPhysical,single,true|false|unsure,true,phase-a-cve-weighted,summary-defensible,0.862,0.7372,CITABLE,89,"IN: consumer home security/alarm systems and their sensors (eufy/Anker HomeBase, Qolsys, Abode, Nexx). OUT: commercial/industrial alarm, fire, and building-monitoring panels.",true,"eufy alarm kits include a siren in the base station, https://www.safewise.com/home-security-systems/eufy/",,Agrees with Phase A. Follows the project's existing ruling that a siren counts as the panel's own actuator (it is not a speaker rendering media).,true,,,Accepted 2026-08-17 by Aarav Verma after review of the column-1 verdict and its cited source(s).
335,ask,alarms,home alarm,actuationConsequence,single,ComfortActuation|NoActuation|PropertyActuation|SafetyActuation|unsure,PropertyActuation,phase-a-cve-weighted,summary-defensible,0.862,0.7553,CITABLE,89,"IN: consumer home security/alarm systems and their sensors (eufy/Anker HomeBase, Qolsys, Abode, Nexx). OUT: commercial/industrial alarm, fire, and building-monitoring panels.",PropertyActuation,,,"Agrees with Phase A. Judged: suppressing or falsely triggering an alarm bears on the physical security of the home, but commands no heat, current or force that could injure an occupant.",PropertyActuation,,,Accepted 2026-08-17 by Aarav Verma after review of the column-1 verdict and its cited source(s).
336,ask,alarms,home alarm,consumerAvailability,single,InstallerChannel|MixedChannel|RetailConsumer|unsure,RetailConsumer,phase-a-cve-weighted,grouping-only,0.766,0.7202,CITABLE,89,"IN: consumer home security/alarm systems and their sensors (eufy/Anker HomeBase, Qolsys, Abode, Nexx). OUT: commercial/industrial alarm, fire, and building-monitoring panels.",RetailConsumer,"eufy 5-piece alarm kit is a self-installed retail product taking under 30 minutes, https://www.safewise.com/home-security-systems/eufy/ ; Ring Alarm is sold as DIY with no drilling or hardwiring, https://blog.ring.com/home-security/best-diy-products-2026/ ; Abode iota All-In-One Security Kit is a DIY self-installed home security kit, https://techcrunch.com/2022/10/20/abode-security-flaws/",,"Agrees with Phase A. Genuinely mixed underneath - Qolsys IQ panels reach homes through Alarm.com dealers - but the CVE-bearing brands in this category's scope note (eufy/Anker HomeBase, Abode, Nexx) are retail DIY.  RE-SOURCED 2026-08-17: the original citation covered ~0% of this category's confirmed-Yes CVE population; added the corpus-dominant vendor (Abode 45%), sourced from the vulnerability research that produced its CVEs.",RetailConsumer,,,Accepted 2026-08-17 by Aarav Verma after review of the column-1 verdict and its cited source(s).
337,ask,alarms,home alarm,placement,single,Either|Indoor|Outdoor|unsure,Indoor,phase-a-cve-weighted,summary-defensible,0.989,0.7011,CITABLE,89,"IN: consumer home security/alarm systems and their sensors (eufy/Anker HomeBase, Qolsys, Abode, Nexx). OUT: commercial/industrial alarm, fire, and building-monitoring panels.",Indoor,,,"Agrees with Phase A. Judged: the panel and base station are indoors; outdoor sirens exist but are accessories, not the category.",Indoor,,,Accepted 2026-08-17 by Aarav Verma after review of the column-1 verdict and its cited source(s).
338,ask,streaming,streaming device,actuatesPhysical,single,true|false|unsure,false,phase-a-cve-weighted,summary-defensible,1.000,0.7372,CITABLE,76,"IN: streaming TVs, sticks, and boxes (Google/Android TV, Fire TV, Apple TV, Roku) — qualify as home-control surfaces via criterion 4(b). OUT: game consoles, VR/AR headsets, pure media apps, and tvOS CVEs (scope ruling 2026-07: excluded for volume — see judgment_store.csv `Excluded` column and docs/plans/PLAN_scope_exclusion.md).",false,,,Agrees with Phase A. Judged: no actuator of its own.,false,,,Accepted 2026-08-17 by Aarav Verma after review of the column-1 verdict and its cited source(s).
339,ask,streaming,streaming device,actuationConsequence,single,ComfortActuation|NoActuation|PropertyActuation|SafetyActuation|unsure,NoActuation,phase-a-cve-weighted,summary-defensible,1.000,0.7553,CITABLE,76,"IN: streaming TVs, sticks, and boxes (Google/Android TV, Fire TV, Apple TV, Roku) — qualify as home-control surfaces via criterion 4(b). OUT: game consoles, VR/AR headsets, pure media apps, and tvOS CVEs (scope ruling 2026-07: excluded for volume — see judgment_store.csv `Excluded` column and docs/plans/PLAN_scope_exclusion.md).",NoActuation,,,Forced by actuatesPhysical=false.,NoActuation,,,Accepted 2026-08-17 by Aarav Verma after review of the column-1 verdict and its cited source(s).
340,ask,streaming,streaming device,consumerAvailability,single,InstallerChannel|MixedChannel|RetailConsumer|unsure,RetailConsumer,phase-a-cve-weighted,summary-defensible,1.000,0.7202,CITABLE,76,"IN: streaming TVs, sticks, and boxes (Google/Android TV, Fire TV, Apple TV, Roku) — qualify as home-control surfaces via criterion 4(b). OUT: game consoles, VR/AR headsets, pure media apps, and tvOS CVEs (scope ruling 2026-07: excluded for volume — see judgment_store.csv `Excluded` column and docs/plans/PLAN_scope_exclusion.md).",RetailConsumer,,,"Agrees with Phase A. Judged: off-the-shelf, self-installed, no trade channel.",RetailConsumer,,,Accepted 2026-08-17 by Aarav Verma after review of the column-1 verdict and its cited source(s).
341,ask,streaming,streaming device,placement,single,Either|Indoor|Outdoor|unsure,Indoor,phase-a-cve-weighted,summary-defensible,1.000,0.7011,CITABLE,76,"IN: streaming TVs, sticks, and boxes (Google/Android TV, Fire TV, Apple TV, Roku) — qualify as home-control surfaces via criterion 4(b). OUT: game consoles, VR/AR headsets, pure media apps, and tvOS CVEs (scope ruling 2026-07: excluded for volume — see judgment_store.csv `Excluded` column and docs/plans/PLAN_scope_exclusion.md).",Indoor,,,Agrees with Phase A. Judged.,Indoor,,,Accepted 2026-08-17 by Aarav Verma after review of the column-1 verdict and its cited source(s).
342,ask,ev-charging,EV home charger,actuatesPhysical,single,true|false|unsure,true,phase-a-cve-weighted,summary-defensible,1.000,0.7372,CITABLE,71,"IN: home EVSE/wallbox for a private garage or driveway. OUT: commercial/public/fleet chargers (Iocharger, Circontrol, Raption, eCharge) and the vehicle itself.",true,,,Agrees with Phase A. Judged: it switches a high-current circuit - the clearest own-actuator case in the set.,true,,,Accepted 2026-08-17 by Aarav Verma after review of the column-1 verdict and its cited source(s).
343,ask,ev-charging,EV home charger,actuationConsequence,single,ComfortActuation|NoActuation|PropertyActuation|SafetyActuation|unsure,SafetyActuation,phase-a-cve-weighted,summary-defensible,1.000,0.7553,CITABLE,71,"IN: home EVSE/wallbox for a private garage or driveway. OUT: commercial/public/fleet chargers (Iocharger, Circontrol, Raption, eCharge) and the vehicle itself.",SafetyActuation,,,"Agrees with Phase A. Judged: 32A+ mains under software control, with fire risk if commanded wrongly. Together with appliances and home-power this is one of only a few genuine SafetyActuation categories, which makes it a useful MINORITY cell for the dominance rule - it is not a rename of cameras.",SafetyActuation,,,Accepted 2026-08-17 by Aarav Verma after review of the column-1 verdict and its cited source(s).
344,ask,ev-charging,EV home charger,consumerAvailability,single,InstallerChannel|MixedChannel|RetailConsumer|unsure,InstallerChannel,phase-a-cve-weighted,summary-defensible,0.882,0.7202,CITABLE,71,"IN: home EVSE/wallbox for a private garage or driveway. OUT: commercial/public/fleet chargers (Iocharger, Circontrol, Raption, eCharge) and the vehicle itself.",InstallerChannel,"UK OZEV chargepoint grant guidance for installers - the installer must be OZEV-authorised and a qualified electrician, https://www.gov.uk/guidance/electric-vehicle-chargepoint-and-infrastucture-grant-guidance-for-installers ; CISA ICSA-25-023-03 / Schneider SEVD-2024-282-04 - Schneider Charge 1.13.4 'deployed to automatically upgrade all charging stations connected to the Wiser application'; new installations are fixed through the eSetup commissioning application, https://www.cisa.gov/news-events/ics-advisories/icsa-25-023-03",yes,"Agrees with Phase A. Marked category-wide: this is a government scheme condition that applies to home chargepoint installation as a class, not a fact about one product. A dedicated EVSE circuit is also notifiable electrical work in its own right.  RE-SOURCED 2026-08-17: the original citation covered ~0% of this category's confirmed-Yes CVE population; added the corpus-dominant vendor (Schneider 30%), sourced from the vulnerability research that produced its CVEs.",InstallerChannel,,,Accepted 2026-08-17 by Aarav Verma after review of the column-1 verdict and its cited source(s).
345,ask,ev-charging,EV home charger,placement,single,Either|Indoor|Outdoor|unsure,Either,phase-a-cve-weighted,summary-defensible,0.807,0.7011,CITABLE,71,"IN: home EVSE/wallbox for a private garage or driveway. OUT: commercial/public/fleet chargers (Iocharger, Circontrol, Raption, eCharge) and the vehicle itself.",Either,,,"Agrees with Phase A. Garage-internal and driveway-external installations are both standard, which is the Either definition.",Either,,,Accepted 2026-08-17 by Aarav Verma after review of the column-1 verdict and its cited source(s).
346,ask,doorbell,video doorbell,actuatesPhysical,single,true|false|unsure,true,phase-a-cve-weighted,summary-defensible,0.800,0.7372,CITABLE,45,"IN: video/smart doorbells (Ring, Reolink, Foscam VD, Akuvox). OUT: standalone cameras (classify under cameras) and baby monitors (under babymonitor).",true,,,Agrees with Phase A. Judged: door-release relay output is standard on the entry-system half of the category.,,,,
347,ask,doorbell,video doorbell,actuationConsequence,single,ComfortActuation|NoActuation|PropertyActuation|SafetyActuation|unsure,PropertyActuation,phase-a-cve-weighted,summary-defensible,0.800,0.7553,CITABLE,45,"IN: video/smart doorbells (Ring, Reolink, Foscam VD, Akuvox). OUT: standalone cameras (classify under cameras) and baby monitors (under babymonitor).",PropertyActuation,,,Agrees with Phase A. Judged: it can grant physical entry.,,,,
348,ask,doorbell,video doorbell,consumerAvailability,single,InstallerChannel|MixedChannel|RetailConsumer|unsure,InstallerChannel,phase-a-cve-weighted,summary-defensible,0.836,0.7202,CITABLE,45,"IN: video/smart doorbells (Ring, Reolink, Foscam VD, Akuvox). OUT: standalone cameras (classify under cameras) and baby monitors (under babymonitor).",InstallerChannel,,,"Agrees with Phase A - and this is counter-intuitive enough to be worth stating plainly. It reflects the CVE-bearing population (Akuvox and similar SIP entry systems are specified and commissioned by trade installers), not the retail doorbell market a consumer would picture.",,,,
349,ask,doorbell,video doorbell,placement,single,Either|Indoor|Outdoor|unsure,Outdoor,phase-a-cve-weighted,summary-defensible,0.933,0.7011,CITABLE,45,"IN: video/smart doorbells (Ring, Reolink, Foscam VD, Akuvox). OUT: standalone cameras (classify under cameras) and baby monitors (under babymonitor).",Outdoor,,,"Agrees with Phase A. Judged - and unlike cameras this genuinely is a single-value category: the whole point of the device is that it sits outside the weather envelope, physically reachable by anyone at the door.",,,,
350,ask,home-power,home energy system,actuatesPhysical,single,true|false|unsure,true,author-prior,UNMEASURED,,0.7372,CITABLE,45,"IN: residential solar inverters, home batteries, and smart meters (SMA, Victron Venus, Enphase, Tesla Powerwall). OUT: utility-scale/commercial PV and grid equipment.",true,,,Author-prior kept; judged: it commands grid-scale current and battery charge/discharge.,,,,
351,ask,home-power,home energy system,actuationConsequence,single,ComfortActuation|NoActuation|PropertyActuation|SafetyActuation|unsure,SafetyActuation,author-prior,UNMEASURED,,0.7553,CITABLE,45,"IN: residential solar inverters, home batteries, and smart meters (SMA, Victron Venus, Enphase, Tesla Powerwall). OUT: utility-scale/commercial PV and grid equipment.",SafetyActuation,,,"Author-prior kept; judged. With ev-charging and appliances, one of the few genuine SafetyActuation categories - a useful minority cell.",,,,
352,ask,home-power,home energy system,consumerAvailability,single,InstallerChannel|MixedChannel|RetailConsumer|unsure,InstallerChannel,author-prior,UNMEASURED,,0.7202,CITABLE,45,"IN: residential solar inverters, home batteries, and smart meters (SMA, Victron Venus, Enphase, Tesla Powerwall). OUT: utility-scale/commercial PV and grid equipment.",InstallerChannel,"UK grid-connection rules: G98/G99 notification is required for any generation or storage inverter, and MCS certification of the installer is required for Smart Export Guarantee eligibility, https://www.surgepv.com/solar-compliance/uk/guides/battery-storage-compliance",yes,"Author-prior confirmed and marked category-wide: this is a grid-code and certification requirement covering domestic PV and storage as a class, not a per-product fact.",,,,
353,ask,home-power,home energy system,placement,single,Either|Indoor|Outdoor|unsure,Either,author-prior,UNMEASURED,,0.7011,CITABLE,45,"IN: residential solar inverters, home batteries, and smart meters (SMA, Victron Venus, Enphase, Tesla Powerwall). OUT: utility-scale/commercial PV and grid equipment.",Either,,,"Author-prior kept; judged. Inverters are commonly garage/loft-internal, string inverters and meter boxes commonly external.",,,,
354,ask,smartspeakers,smart speaker,actuatesPhysical,single,true|false|unsure,false,phase-a-cve-weighted,summary-defensible,1.000,0.7372,CITABLE,38,"IN: consumer smart speakers, smart displays, and smart soundbars (Echo, Nest, HomePod) — qualify as home-control surfaces via criterion 4(b). OUT: plain Bluetooth speakers, headphones, and AV receivers with no assistant/home-control role.",false,,,"Agrees with Phase A. Judged: follows the project's ruling that a speaker rendering media is not an actuator, and the assistant's control of other devices is not this device's own actuation.",,,,
355,ask,smartspeakers,smart speaker,actuationConsequence,single,ComfortActuation|NoActuation|PropertyActuation|SafetyActuation|unsure,NoActuation,phase-a-cve-weighted,summary-defensible,1.000,0.7553,CITABLE,38,"IN: consumer smart speakers, smart displays, and smart soundbars (Echo, Nest, HomePod) — qualify as home-control surfaces via criterion 4(b). OUT: plain Bluetooth speakers, headphones, and AV receivers with no assistant/home-control role.",NoActuation,,,Forced by actuatesPhysical=false.,,,,
356,ask,smartspeakers,smart speaker,consumerAvailability,single,InstallerChannel|MixedChannel|RetailConsumer|unsure,RetailConsumer,phase-a-cve-weighted,summary-defensible,1.000,0.7202,CITABLE,38,"IN: consumer smart speakers, smart displays, and smart soundbars (Echo, Nest, HomePod) — qualify as home-control surfaces via criterion 4(b). OUT: plain Bluetooth speakers, headphones, and AV receivers with no assistant/home-control role.",RetailConsumer,,,Agrees with Phase A. Judged.,,,,
357,ask,smartspeakers,smart speaker,placement,single,Either|Indoor|Outdoor|unsure,Indoor,phase-a-cve-weighted,summary-defensible,1.000,0.7011,CITABLE,38,"IN: consumer smart speakers, smart displays, and smart soundbars (Echo, Nest, HomePod) — qualify as home-control surfaces via criterion 4(b). OUT: plain Bluetooth speakers, headphones, and AV receivers with no assistant/home-control role.",Indoor,,,Agrees with Phase A. Judged.,,,,
358,ask,smartplugs,smart plug,actuatesPhysical,single,true|false|unsure,true,phase-a-cve-weighted,summary-defensible,1.000,0.7372,CITABLE,37,"IN: consumer smart plugs, outlets, and power strips. OUT: enterprise/data-center PDUs and industrial power management.",true,https://www.tp-link.com/us/support/faq/946/,,Agrees with Phase A. Switching mains to whatever is plugged in is its own actuator.,,,,
359,ask,smartplugs,smart plug,actuationConsequence,single,ComfortActuation|NoActuation|PropertyActuation|SafetyActuation|unsure,ComfortActuation,phase-a-cve-weighted,summary-defensible,0.875,0.7553,CITABLE,37,"IN: consumer smart plugs, outlets, and power strips. OUT: enterprise/data-center PDUs and industrial power management.",ComfortActuation,,,"Agrees with Phase A. Judged, and it is a judgement worth arguing about: switching a lamp is comfort, but a plug also switches heaters and appliances. Kept ComfortActuation because the consequence is bounded by what the owner plugged in, not by the device.",,,,
360,ask,smartplugs,smart plug,consumerAvailability,single,InstallerChannel|MixedChannel|RetailConsumer|unsure,RetailConsumer,phase-a-cve-weighted,summary-defensible,0.938,0.7202,CITABLE,37,"IN: consumer smart plugs, outlets, and power strips. OUT: enterprise/data-center PDUs and industrial power management.",RetailConsumer,https://www.tp-link.com/us/support/faq/946/,,Agrees with Phase A. Self-installed by definition - it plugs into a socket.,,,,
361,ask,smartplugs,smart plug,placement,single,Either|Indoor|Outdoor|unsure,Indoor,phase-a-cve-weighted,summary-defensible,1.000,0.7011,CITABLE,37,"IN: consumer smart plugs, outlets, and power strips. OUT: enterprise/data-center PDUs and industrial power management.",Indoor,,,"Agrees with Phase A. Judged; outdoor-rated plugs exist but are a small accessory line, not a co-equal product line in the Either sense.",,,,
362,ask,doorlock,smart lock,actuatesPhysical,single,true|false|unsure,true,phase-a-cve-weighted,grouping-only,0.760,0.7372,CITABLE,36,"IN: residential smart locks and garage-door openers (Yale, August, Tinxy, SGUDA, Genie Aladdin, Zigbee lock stacks). OUT: commercial/enterprise access-control panels and building door controllers.",true,https://support.shopyalehome.com/updating-lock-firmware-r1bgBjMOE,,Agrees with Phase A. The deadbolt motor is the device's own actuator.,,,,
363,ask,doorlock,smart lock,actuationConsequence,single,ComfortActuation|NoActuation|PropertyActuation|SafetyActuation|unsure,PropertyActuation,phase-a-cve-weighted,grouping-only,0.760,0.7553,CITABLE,36,"IN: residential smart locks and garage-door openers (Yale, August, Tinxy, SGUDA, Genie Aladdin, Zigbee lock stacks). OUT: commercial/enterprise access-control panels and building door controllers.",PropertyActuation,,,Agrees with Phase A. Judged: it grants physical entry to the home - the definitional case for this value.,,,,
364,ask,doorlock,smart lock,consumerAvailability,single,InstallerChannel|MixedChannel|RetailConsumer|unsure,RetailConsumer,phase-a-cve-weighted,summary-defensible,0.900,0.7202,CITABLE,36,"IN: residential smart locks and garage-door openers (Yale, August, Tinxy, SGUDA, Genie Aladdin, Zigbee lock stacks). OUT: commercial/enterprise access-control panels and building door controllers.",RetailConsumer,,,Agrees with Phase A. Judged: retrofit smart locks are sold to fit an existing euro/mortice cylinder without a locksmith.,,,,
365,ask,pet,smart pet device,actuatesPhysical,single,true|false|unsure,true,author-prior,UNMEASURED,,0.7372,CITABLE,35,"IN: consumer smart pet feeders, pet cameras, and litter boxes. OUT: commercial/veterinary/livestock equipment.",true,"Petcube Bites 2 Lite dispenses treats on command, https://petcube.com/bites-2-lite/ ; Somerset Recon, Hacking the Furbo - RTSP service and an on-device webserver, root code execution, treat dispensing driven from the command line, https://www.somersetrecon.com/blog/2021/hacking-the-furbo-part-1 ; Lethal Bit, remote hacking of the Furbo dog camera (CVE-2020-24918 RTSP buffer overflow, CVE-2021-32452 webserver command injection), https://blog.lethalbit.com/remote-hacking-of-furbo-dog-camera/",,"Author-prior confirmed: the dispenser and the litter-box mechanism are the device's own actuators.  RE-SOURCED 2026-08-17: the original citation covered ~0% of this category's confirmed-Yes CVE population; added the corpus-dominant vendor (Furbo 51%), sourced from the vulnerability research that produced its CVEs.",,,,
366,ask,pet,smart pet device,actuationConsequence,single,ComfortActuation|NoActuation|PropertyActuation|SafetyActuation|unsure,PropertyActuation,author-prior,UNMEASURED,,0.7553,CITABLE,35,"IN: consumer smart pet feeders, pet cameras, and litter boxes. OUT: commercial/veterinary/livestock equipment.",PropertyActuation,,,"DEVIATES from the author-prior only in confidence, not value. Dispensing food or running a litter mechanism is closer to comfort than to property or safety; I kept PropertyActuation because a jammed or over-run mechanism can harm an animal, but this is the weakest actuationConsequence call on the sheet and the vocabulary has no value for harm to a pet.",,,,
367,ask,pet,smart pet device,consumerAvailability,single,InstallerChannel|MixedChannel|RetailConsumer|unsure,RetailConsumer,author-prior,UNMEASURED,,0.7202,CITABLE,35,"IN: consumer smart pet feeders, pet cameras, and litter boxes. OUT: commercial/veterinary/livestock equipment.",RetailConsumer,,,Author-prior kept; judged.,,,,
368,ask,pet,smart pet device,placement,single,Either|Indoor|Outdoor|unsure,Indoor,author-prior,UNMEASURED,,0.7011,CITABLE,35,"IN: consumer smart pet feeders, pet cameras, and litter boxes. OUT: commercial/veterinary/livestock equipment.",Indoor,,,Author-prior kept; judged.,,,,
369,ask,lighting,smart lighting,actuatesPhysical,single,true|false|unsure,true,phase-a-cve-weighted,grouping-only,0.727,0.7372,CITABLE,33,"IN: consumer smart bulbs, light/dimmer/wall switches, and LED controllers (Hue, LIFX). OUT: phone 'Smart Switch' data-migration software, network switches, and apps/plugins that merely reference lighting.",true,,,Agrees with Phase A. Judged: it switches the light.,,,,
370,ask,lighting,smart lighting,actuationConsequence,single,ComfortActuation|NoActuation|PropertyActuation|SafetyActuation|unsure,ComfortActuation,phase-a-cve-weighted,grouping-only,0.697,0.7553,CITABLE,33,"IN: consumer smart bulbs, light/dimmer/wall switches, and LED controllers (Hue, LIFX). OUT: phone 'Smart Switch' data-migration software, network switches, and apps/plugins that merely reference lighting.",ComfortActuation,,,"Agrees with Phase A. Judged - the definitional case: reversible, non-damaging, no lasting effect.",,,,
371,ask,lighting,smart lighting,consumerAvailability,single,InstallerChannel|MixedChannel|RetailConsumer|unsure,RetailConsumer,phase-a-cve-weighted,summary-defensible,0.970,0.7202,CITABLE,33,"IN: consumer smart bulbs, light/dimmer/wall switches, and LED controllers (Hue, LIFX). OUT: phone 'Smart Switch' data-migration software, network switches, and apps/plugins that merely reference lighting.",RetailConsumer,,,Agrees with Phase A. Judged.,,,,
372,ask,lighting,smart lighting,placement,single,Either|Indoor|Outdoor|unsure,Indoor,phase-a-cve-weighted,summary-defensible,0.970,0.7011,CITABLE,33,"IN: consumer smart bulbs, light/dimmer/wall switches, and LED controllers (Hue, LIFX). OUT: phone 'Smart Switch' data-migration software, network switches, and apps/plugins that merely reference lighting.",Indoor,,,Agrees with Phase A. Judged; outdoor lighting lines exist but the CVE-bearing mass is indoor bulbs and switches.,,,,
373,ask,robotvacuum,robot vacuum,actuatesPhysical,single,true|false|unsure,true,author-prior,UNMEASURED,,0.7372,CITABLE,27,IN: consumer robot vacuums and mops. OUT: industrial/commercial cleaning robots.,true,,,Author-prior kept; judged: it drives itself around the home.,,,,
374,ask,robotvacuum,robot vacuum,actuationConsequence,single,ComfortActuation|NoActuation|PropertyActuation|SafetyActuation|unsure,ComfortActuation,author-prior,UNMEASURED,,0.7553,CITABLE,27,IN: consumer robot vacuums and mops. OUT: industrial/commercial cleaning robots.,ComfortActuation,,,Author-prior kept; judged.,,,,
375,ask,robotvacuum,robot vacuum,consumerAvailability,single,InstallerChannel|MixedChannel|RetailConsumer|unsure,RetailConsumer,author-prior,UNMEASURED,,0.7202,CITABLE,27,IN: consumer robot vacuums and mops. OUT: industrial/commercial cleaning robots.,RetailConsumer,,,Author-prior kept; judged.,,,,
376,ask,robotvacuum,robot vacuum,placement,single,Either|Indoor|Outdoor|unsure,Indoor,author-prior,UNMEASURED,,0.7011,CITABLE,27,IN: consumer robot vacuums and mops. OUT: industrial/commercial cleaning robots.,Indoor,,,Author-prior kept; judged.,,,,
377,ask,garden,smart garden,actuatesPhysical,single,true|false|unsure,true,author-prior,UNMEASURED,,0.7372,CITABLE,19,"IN: consumer irrigation controllers and robot mowers (RainMachine, Rachio, ECOVACS/Yarbo mowers). OUT: commercial/agricultural irrigation and turf equipment.",true,,,Author-prior kept; judged: it opens water valves and drives cutting blades.,,,,
378,ask,garden,smart garden,actuationConsequence,single,ComfortActuation|NoActuation|PropertyActuation|SafetyActuation|unsure,PropertyActuation,author-prior,UNMEASURED,,0.7553,CITABLE,19,"IN: consumer irrigation controllers and robot mowers (RainMachine, Rachio, ECOVACS/Yarbo mowers). OUT: commercial/agricultural irrigation and turf equipment.",PropertyActuation,,,Author-prior kept; judged: a stuck-open valve floods and damages property - 'starting or stopping the flow of something costly' is the definitional wording.,,,,
379,ask,garden,smart garden,consumerAvailability,single,InstallerChannel|MixedChannel|RetailConsumer|unsure,RetailConsumer,author-prior,UNMEASURED,,0.7202,CITABLE,19,"IN: consumer irrigation controllers and robot mowers (RainMachine, Rachio, ECOVACS/Yarbo mowers). OUT: commercial/agricultural irrigation and turf equipment.",RetailConsumer,,,Author-prior kept; judged.,,,,
380,ask,garden,smart garden,placement,single,Either|Indoor|Outdoor|unsure,Outdoor,author-prior,UNMEASURED,,0.7011,CITABLE,19,"IN: consumer irrigation controllers and robot mowers (RainMachine, Rachio, ECOVACS/Yarbo mowers). OUT: commercial/agricultural irrigation and turf equipment.",Outdoor,,,"Author-prior kept; judged. Note irrigation controllers are commonly mounted inside a garage, so Either is arguable.",,,,
381,ask,babymonitor,baby monitor,actuatesPhysical,single,true|false|unsure,false,author-prior,UNMEASURED,,0.7372,CITABLE,18,IN: dedicated consumer baby monitors. OUT: generic IP cameras not sold as baby monitors (classify under cameras) and any enterprise surveillance gear.,false,,,"Author-prior kept; judged. Nightlight and white noise are outputs, not actuation of the home, on the same reading that makes a speaker non-actuating.",,,,
382,ask,babymonitor,baby monitor,actuationConsequence,single,ComfortActuation|NoActuation|PropertyActuation|SafetyActuation|unsure,NoActuation,author-prior,UNMEASURED,,0.7553,CITABLE,18,IN: dedicated consumer baby monitors. OUT: generic IP cameras not sold as baby monitors (classify under cameras) and any enterprise surveillance gear.,NoActuation,,,Forced by actuatesPhysical=false.,,,,
383,ask,babymonitor,baby monitor,consumerAvailability,single,InstallerChannel|MixedChannel|RetailConsumer|unsure,RetailConsumer,author-prior,UNMEASURED,,0.7202,CITABLE,18,IN: dedicated consumer baby monitors. OUT: generic IP cameras not sold as baby monitors (classify under cameras) and any enterprise surveillance gear.,RetailConsumer,,,Author-prior kept; judged.,,,,
384,ask,babymonitor,baby monitor,placement,single,Either|Indoor|Outdoor|unsure,Indoor,author-prior,UNMEASURED,,0.7011,CITABLE,18,IN: dedicated consumer baby monitors. OUT: generic IP cameras not sold as baby monitors (classify under cameras) and any enterprise surveillance gear.,Indoor,,,Author-prior kept; judged.,,,,
385,ask,thermostat,smart thermostat,actuatesPhysical,single,true|false|unsure,true,author-prior,UNMEASURED,,0.7372,CITABLE,18,IN: residential smart thermostats. OUT: commercial building-management/HVAC controllers and industrial climate systems.,true,,,Author-prior kept; judged: it switches the boiler or the HVAC call-for-heat relay.,,,,
386,ask,thermostat,smart thermostat,actuationConsequence,single,ComfortActuation|NoActuation|PropertyActuation|SafetyActuation|unsure,SafetyActuation,author-prior,UNMEASURED,,0.7553,CITABLE,18,IN: residential smart thermostats. OUT: commercial building-management/HVAC controllers and industrial climate systems.,SafetyActuation,,,"Author-prior kept, and worth defending: the vocabulary reserves SafetyActuation for injury or fire risk. A thermostat commanding heat off in freezing weather is a pipe-burst and hypothermia risk, which is why this sits above ComfortActuation. Reviewer 2 may reasonably argue ComfortActuation; it is a real boundary call, not an oversight.",,,,
387,ask,thermostat,smart thermostat,consumerAvailability,single,InstallerChannel|MixedChannel|RetailConsumer|unsure,RetailConsumer,author-prior,UNMEASURED,,0.7202,CITABLE,18,IN: residential smart thermostats. OUT: commercial building-management/HVAC controllers and industrial climate systems.,RetailConsumer,,,"Author-prior kept; judged - though replacing a heat-only stat with a mains-powered smart one is notifiable electrical work in some jurisdictions, so MixedChannel is arguable.",,,,
388,ask,thermostat,smart thermostat,placement,single,Either|Indoor|Outdoor|unsure,Indoor,author-prior,UNMEASURED,,0.7011,CITABLE,18,IN: residential smart thermostats. OUT: commercial building-management/HVAC controllers and industrial climate systems.,Indoor,,,Author-prior kept; judged.,,,,
389,ask,airconditioner,smart air conditioner,actuatesPhysical,single,true|false|unsure,true,author-prior,UNMEASURED,,0.7372,CITABLE,5,IN: consumer smart/Wi-Fi air conditioners and mini-splits with app control. OUT: commercial rooftop units and industrial HVAC.,true,,,Author-prior kept; judged.,,,,
390,ask,airconditioner,smart air conditioner,actuationConsequence,single,ComfortActuation|NoActuation|PropertyActuation|SafetyActuation|unsure,SafetyActuation,author-prior,UNMEASURED,,0.7553,CITABLE,5,IN: consumer smart/Wi-Fi air conditioners and mini-splits with app control. OUT: commercial rooftop units and industrial HVAC.,SafetyActuation,,,Author-prior kept; judged. Same boundary call as thermostat: heat/cold commanded wrongly is a health risk to vulnerable occupants.,,,,
391,ask,airconditioner,smart air conditioner,consumerAvailability,single,InstallerChannel|MixedChannel|RetailConsumer|unsure,MixedChannel,author-prior,UNMEASURED,,0.7202,CITABLE,5,IN: consumer smart/Wi-Fi air conditioners and mini-splits with app control. OUT: commercial rooftop units and industrial HVAC.,MixedChannel,,,Author-prior kept; judged. Window and portable units are retail; split systems require an F-gas certified installer.,,,,
392,ask,airconditioner,smart air conditioner,placement,single,Either|Indoor|Outdoor|unsure,Indoor,author-prior,UNMEASURED,,0.7011,CITABLE,5,IN: consumer smart/Wi-Fi air conditioners and mini-splits with app control. OUT: commercial rooftop units and industrial HVAC.,Indoor,,,"Author-prior kept; judged - though a split system's condenser is outdoors, so Either is arguable.",,,,
393,ask,sensors,home sensor,actuatesPhysical,single,true|false|unsure,false,author-prior,UNMEASURED,,0.7372,CITABLE,4,"IN: consumer home sensors — motion, contact, leak, temperature, air-quality, presence. OUT: industrial/enterprise sensors and PLC/SCADA field devices.",false,,,Author-prior kept; judged. Definitional - a sensor senses.,,,,
394,ask,sensors,home sensor,actuationConsequence,single,ComfortActuation|NoActuation|PropertyActuation|SafetyActuation|unsure,NoActuation,author-prior,UNMEASURED,,0.7553,CITABLE,4,"IN: consumer home sensors — motion, contact, leak, temperature, air-quality, presence. OUT: industrial/enterprise sensors and PLC/SCADA field devices.",NoActuation,,,Forced by actuatesPhysical=false.,,,,
395,ask,sensors,home sensor,consumerAvailability,single,InstallerChannel|MixedChannel|RetailConsumer|unsure,RetailConsumer,author-prior,UNMEASURED,,0.7202,CITABLE,4,"IN: consumer home sensors — motion, contact, leak, temperature, air-quality, presence. OUT: industrial/enterprise sensors and PLC/SCADA field devices.",RetailConsumer,,,Author-prior kept; judged.,,,,
396,ask,sensors,home sensor,placement,single,Either|Indoor|Outdoor|unsure,Either,author-prior,UNMEASURED,,0.7011,CITABLE,4,"IN: consumer home sensors — motion, contact, leak, temperature, air-quality, presence. OUT: industrial/enterprise sensors and PLC/SCADA field devices.",Either,,,Author-prior kept; judged. Indoor contact/motion sensors and outdoor weather/leak sensors are both standard product lines.,,,,
397,ask,appliances,smart appliance,actuatesPhysical,single,true|false|unsure,true,author-prior,UNMEASURED,,0.7372,CITABLE,3,"IN: consumer smart kitchen/laundry appliances — oven, range, cooker, microwave, dishwasher, washer, dryer, water heater. OUT: commercial/industrial appliances.",true,,,Author-prior kept; judged.,,,,
398,ask,appliances,smart appliance,actuationConsequence,single,ComfortActuation|NoActuation|PropertyActuation|SafetyActuation|unsure,SafetyActuation,author-prior,UNMEASURED,,0.7553,CITABLE,3,"IN: consumer smart kitchen/laundry appliances — oven, range, cooker, microwave, dishwasher, washer, dryer, water heater. OUT: commercial/industrial appliances.",SafetyActuation,,,"Author-prior kept; judged, and the strongest case for this value anywhere on the sheet: an oven, hob or water heater commands enough heat to start a fire.",,,,
399,ask,appliances,smart appliance,consumerAvailability,single,InstallerChannel|MixedChannel|RetailConsumer|unsure,RetailConsumer,author-prior,UNMEASURED,,0.7202,CITABLE,3,"IN: consumer smart kitchen/laundry appliances — oven, range, cooker, microwave, dishwasher, washer, dryer, water heater. OUT: commercial/industrial appliances.",RetailConsumer,,,"Author-prior kept; judged - though built-in ovens and hobs are fitted by a trade installer, so MixedChannel is arguable.",,,,
400,ask,appliances,smart appliance,placement,single,Either|Indoor|Outdoor|unsure,Indoor,author-prior,UNMEASURED,,0.7011,CITABLE,3,"IN: consumer smart kitchen/laundry appliances — oven, range, cooker, microwave, dishwasher, washer, dryer, water heater. OUT: commercial/industrial appliances.",Indoor,,,Author-prior kept; judged.,,,,
401,ask,fridge,smart refrigerator,actuatesPhysical,single,true|false|unsure,true,author-prior,UNMEASURED,,0.7372,CITABLE,3,IN: consumer smart refrigerators. OUT: commercial/industrial refrigeration.,true,,,Author-prior kept; judged: it runs a compressor.,,,,
402,ask,fridge,smart refrigerator,actuationConsequence,single,ComfortActuation|NoActuation|PropertyActuation|SafetyActuation|unsure,PropertyActuation,author-prior,UNMEASURED,,0.7553,CITABLE,3,IN: consumer smart refrigerators. OUT: commercial/industrial refrigeration.,PropertyActuation,,,"Author-prior kept; judged: spoiling a fridge full of food is property damage, not injury.",,,,
403,ask,fridge,smart refrigerator,consumerAvailability,single,InstallerChannel|MixedChannel|RetailConsumer|unsure,RetailConsumer,author-prior,UNMEASURED,,0.7202,CITABLE,3,IN: consumer smart refrigerators. OUT: commercial/industrial refrigeration.,RetailConsumer,,,Author-prior kept; judged.,,,,
404,ask,fridge,smart refrigerator,placement,single,Either|Indoor|Outdoor|unsure,Indoor,author-prior,UNMEASURED,,0.7011,CITABLE,3,IN: consumer smart refrigerators. OUT: commercial/industrial refrigeration.,Indoor,,,Author-prior kept; judged.,,,,
405,ask,airpurifier,air purifier,actuatesPhysical,single,true|false|unsure,false,author-prior,UNMEASURED,,0.7372,CITABLE,2,IN: consumer smart air purifiers. OUT: commercial/industrial air-handling and filtration systems.,false,,,"Author-prior kept, but I think it is wrong and am flagging rather than overriding: a purifier runs a fan, which is a physical change in the home on the same reading that makes a smart plug an actuator. Kept false only for consistency with the fans category prior, which has the identical problem. Reviewer 2 should settle airpurifier and fans together - one of them being true and the other false would be indefensible either way.",,,,
406,ask,airpurifier,air purifier,actuationConsequence,single,ComfortActuation|NoActuation|PropertyActuation|SafetyActuation|unsure,NoActuation,author-prior,UNMEASURED,,0.7553,CITABLE,2,IN: consumer smart air purifiers. OUT: commercial/industrial air-handling and filtration systems.,NoActuation,,,Forced by actuatesPhysical=false; see the note there.,,,,
407,ask,airpurifier,air purifier,consumerAvailability,single,InstallerChannel|MixedChannel|RetailConsumer|unsure,RetailConsumer,author-prior,UNMEASURED,,0.7202,CITABLE,2,IN: consumer smart air purifiers. OUT: commercial/industrial air-handling and filtration systems.,RetailConsumer,,,Author-prior kept; judged.,,,,
408,ask,airpurifier,air purifier,placement,single,Either|Indoor|Outdoor|unsure,Indoor,author-prior,UNMEASURED,,0.7011,CITABLE,2,IN: consumer smart air purifiers. OUT: commercial/industrial air-handling and filtration systems.,Indoor,,,Author-prior kept; judged.,,,,
409,ask,fans,smart fan,actuatesPhysical,single,true|false|unsure,false,author-prior,UNMEASURED,,0.7372,CITABLE,1,"IN: consumer smart/connected fans (ceiling, tower, pedestal). OUT: industrial/commercial ventilation and exhaust systems.",false,,,Author-prior kept but disputed - see airpurifier/actuatesPhysical. A fan that spins on command is acting on the home. Settle the two categories together.,,,,
410,ask,fans,smart fan,actuationConsequence,single,ComfortActuation|NoActuation|PropertyActuation|SafetyActuation|unsure,NoActuation,author-prior,UNMEASURED,,0.7553,CITABLE,1,"IN: consumer smart/connected fans (ceiling, tower, pedestal). OUT: industrial/commercial ventilation and exhaust systems.",NoActuation,,,Forced by actuatesPhysical=false; see the note there.,,,,
411,ask,fans,smart fan,consumerAvailability,single,InstallerChannel|MixedChannel|RetailConsumer|unsure,RetailConsumer,author-prior,UNMEASURED,,0.7202,CITABLE,1,"IN: consumer smart/connected fans (ceiling, tower, pedestal). OUT: industrial/commercial ventilation and exhaust systems.",RetailConsumer,,,Author-prior kept; judged - though a smart ceiling fan is wired in and is arguably MixedChannel.,,,,
412,ask,fans,smart fan,placement,single,Either|Indoor|Outdoor|unsure,Indoor,author-prior,UNMEASURED,,0.7011,CITABLE,1,"IN: consumer smart/connected fans (ceiling, tower, pedestal). OUT: industrial/commercial ventilation and exhaust systems.",Indoor,,,Author-prior kept; judged.,,,,
413,ask,shades,smart blinds,actuatesPhysical,single,true|false|unsure,true,author-prior,UNMEASURED,,0.7372,CITABLE,0,"IN: consumer smart blinds, shades, curtains, shutters and their motors/controllers. OUT: commercial/industrial window and facade systems.",true,,,Author-prior kept; judged: it drives a motor that moves the blind.,,,,
414,ask,shades,smart blinds,actuationConsequence,single,ComfortActuation|NoActuation|PropertyActuation|SafetyActuation|unsure,ComfortActuation,author-prior,UNMEASURED,,0.7553,CITABLE,0,"IN: consumer smart blinds, shades, curtains, shutters and their motors/controllers. OUT: commercial/industrial window and facade systems.",ComfortActuation,,,"Author-prior kept; judged - though an external security shutter is a property-access device, which would be PropertyActuation.",,,,
415,ask,shades,smart blinds,consumerAvailability,single,InstallerChannel|MixedChannel|RetailConsumer|unsure,MixedChannel,author-prior,UNMEASURED,,0.7202,CITABLE,0,"IN: consumer smart blinds, shades, curtains, shutters and their motors/controllers. OUT: commercial/industrial window and facade systems.",MixedChannel,,,"Author-prior kept; judged. Somfy runs a professional installer network for hardwired and whole-home installations, while IKEA and SwitchBot sell the same function at retail - the definitional MixedChannel case.",,,,
416,ask,shades,smart blinds,placement,single,Either|Indoor|Outdoor|unsure,Indoor,author-prior,UNMEASURED,,0.7011,CITABLE,0,"IN: consumer smart blinds, shades, curtains, shutters and their motors/controllers. OUT: commercial/industrial window and facade systems.",Indoor,,,"Author-prior kept; judged. External shutters and awnings exist, so Either is arguable.",,,,
417,ask,sleeptracker,sleep tracker,actuatesPhysical,single,true|false|unsure,false,author-prior,UNMEASURED,,0.7372,CITABLE,0,"IN: bedside / non-wearable sleep monitors. OUT: wrist wearables and fitness trackers (Fitbit, Apple Watch, Garmin).",false,,,Author-prior kept; judged.,,,,
418,ask,sleeptracker,sleep tracker,actuationConsequence,single,ComfortActuation|NoActuation|PropertyActuation|SafetyActuation|unsure,NoActuation,author-prior,UNMEASURED,,0.7553,CITABLE,0,"IN: bedside / non-wearable sleep monitors. OUT: wrist wearables and fitness trackers (Fitbit, Apple Watch, Garmin).",NoActuation,,,Forced by actuatesPhysical=false.,,,,
419,ask,sleeptracker,sleep tracker,consumerAvailability,single,InstallerChannel|MixedChannel|RetailConsumer|unsure,RetailConsumer,author-prior,UNMEASURED,,0.7202,CITABLE,0,"IN: bedside / non-wearable sleep monitors. OUT: wrist wearables and fitness trackers (Fitbit, Apple Watch, Garmin).",RetailConsumer,,,Author-prior kept; judged.,,,,
420,ask,sleeptracker,sleep tracker,placement,single,Either|Indoor|Outdoor|unsure,Indoor,author-prior,UNMEASURED,,0.7011,CITABLE,0,"IN: bedside / non-wearable sleep monitors. OUT: wrist wearables and fitness trackers (Fitbit, Apple Watch, Garmin).",Indoor,,,Author-prior kept; judged.,,,,
421,excluded-validity,cameras,security camera,capturesAV,single,true|false|unsure,true,phase-a-cve-weighted,NOT-USABLE-report-distribution,0.591,0.3858,stays-Estimated,881,"IN: consumer IP/Wi-Fi/battery security cameras and home DVR/NVR. OUT: enterprise NVR/VMS/SAN and cloud gateways (Hikvision Hybrid SAN, Dahua DSS, Pelco professional, wireless bridges). Video doorbells belong to doorbell; baby monitors to babymonitor.",,,,,,,,
422,excluded-validity,alarms,home alarm,capturesAV,single,true|false|unsure,false,phase-a-cve-weighted,NOT-USABLE-report-distribution,0.574,0.3858,stays-Estimated,89,"IN: consumer home security/alarm systems and their sensors (eufy/Anker HomeBase, Qolsys, Abode, Nexx). OUT: commercial/industrial alarm, fire, and building-monitoring panels.",,,,,,,,
423,excluded-validity,alarms,home alarm,firmwareUpdateModel,single,ManualFlash|NoUpdatePath|OtaAutomatic|OtaUserInitiated|unsure,OtaAutomatic,phase-a-cve-weighted,NOT-USABLE-report-distribution,0.516,0.3882,stays-Estimated,89,"IN: consumer home security/alarm systems and their sensors (eufy/Anker HomeBase, Qolsys, Abode, Nexx). OUT: commercial/industrial alarm, fire, and building-monitoring panels.",,,,,,,,
424,excluded-validity,smartspeakers,smart speaker,hasWebAdminUI,single,true|false|unsure,false,phase-a-cve-weighted,NOT-USABLE-report-distribution,0.585,0.3487,stays-Estimated,38,"IN: consumer smart speakers, smart displays, and smart soundbars (Echo, Nest, HomePod) — qualify as home-control surfaces via criterion 4(b). OUT: plain Bluetooth speakers, headphones, and AV receivers with no assistant/home-control role.",,,,,,,,
425,excluded-validity,smartplugs,smart plug,firmwareUpdateModel,single,ManualFlash|NoUpdatePath|OtaAutomatic|OtaUserInitiated|unsure,OtaUserInitiated,phase-a-cve-weighted,NOT-USABLE-report-distribution,0.533,0.3882,stays-Estimated,37,"IN: consumer smart plugs, outlets, and power strips. OUT: enterprise/data-center PDUs and industrial power management.",,,,,,,,
426,excluded-validity,doorlock,smart lock,firmwareUpdateModel,single,ManualFlash|NoUpdatePath|OtaAutomatic|OtaUserInitiated|unsure,OtaAutomatic,phase-a-cve-weighted,NOT-USABLE-report-distribution,0.538,0.3882,stays-Estimated,36,"IN: residential smart locks and garage-door openers (Yale, August, Tinxy, SGUDA, Genie Aladdin, Zigbee lock stacks). OUT: commercial/enterprise access-control panels and building door controllers.",,,,,,,,
427,excluded-validity,lighting,smart lighting,hasWebAdminUI,single,true|false|unsure,true,phase-a-cve-weighted,NOT-USABLE-report-distribution,0.545,0.3487,stays-Estimated,33,"IN: consumer smart bulbs, light/dimmer/wall switches, and LED controllers (Hue, LIFX). OUT: phone 'Smart Switch' data-migration software, network switches, and apps/plugins that merely reference lighting.",,,,,,,,
428,excluded-validity,alarms,home alarm,dataSensitivity,single,AvStreamData|BiometricData|NoData|TelemetryData|unsure,TelemetryData,phase-a-cve-weighted,NOT-USABLE-report-distribution,0.564,0.5946,grouping-only,89,"IN: consumer home security/alarm systems and their sensors (eufy/Anker HomeBase, Qolsys, Abode, Nexx). OUT: commercial/industrial alarm, fire, and building-monitoring panels.",,,,,,,,
429,excluded-validity,smartspeakers,smart speaker,cloudDependence,single,CloudOptional|CloudRequired|LocalOnly|unsure,CloudRequired,phase-a-cve-weighted,NOT-USABLE-report-distribution,0.585,0.4455,grouping-only,38,"IN: consumer smart speakers, smart displays, and smart soundbars (Echo, Nest, HomePod) — qualify as home-control surfaces via criterion 4(b). OUT: plain Bluetooth speakers, headphones, and AV receivers with no assistant/home-control role.",,,,,,,,
430,excluded-validity,doorlock,smart lock,cloudDependence,single,CloudOptional|CloudRequired|LocalOnly|unsure,CloudRequired,phase-a-cve-weighted,NOT-USABLE-report-distribution,0.389,0.4455,grouping-only,36,"IN: residential smart locks and garage-door openers (Yale, August, Tinxy, SGUDA, Genie Aladdin, Zigbee lock stacks). OUT: commercial/enterprise access-control panels and building door controllers.",,,,,,,,
431,excluded-validity,cameras,security camera,consumerAvailability,single,InstallerChannel|MixedChannel|RetailConsumer|unsure,MixedChannel,phase-a-cve-weighted,NOT-USABLE-report-distribution,0.581,0.7202,CITABLE,881,"IN: consumer IP/Wi-Fi/battery security cameras and home DVR/NVR. OUT: enterprise NVR/VMS/SAN and cloud gateways (Hikvision Hybrid SAN, Dahua DSS, Pelco professional, wireless bridges). Video doorbells belong to doorbell; baby monitors to babymonitor.",,,,,,,,
432,excluded-validity,doorlock,smart lock,placement,single,Either|Indoor|Outdoor|unsure,Outdoor,phase-a-cve-weighted,NOT-USABLE-report-distribution,0.529,0.7011,CITABLE,36,"IN: residential smart locks and garage-door openers (Yale, August, Tinxy, SGUDA, Genie Aladdin, Zigbee lock stacks). OUT: commercial/enterprise access-control panels and building door controllers.",,,,,,,,
