priority,slug,label,facet,cardinality,allowed_values,prefill_value,prefill_source,phase_a_verdict,facet_kappa,kappa_band,category_cves,scope_note,Reason,Verdict 1,Source 1,Category-Wide 1,Notes 1,Verdict 2,Source 2,Category-Wide 2,Notes 2
1,cameras,security camera,computeTier,single,AndroidDerived|EmbeddedLinux|McuClass|Rtos|unsure,EmbeddedLinux,phase-a-cve-weighted,summary-defensible,0.3836,stays-Estimated,881,"IN: consumer IP/Wi-Fi/battery security cameras and home DVR/NVR. OUT: enterprise NVR/VMS/SAN and cloud gateways (Hikvision Hybrid SAN, Dahua DSS, Pelco professional, wireless bridges). Video doorbells belong to doorbell; baby monitors to babymonitor.",outstanding-no-verdict,,,,,,,,
2,cameras,security camera,firmwareUpdateModel,single,ManualFlash|NoUpdatePath|OtaAutomatic|OtaUserInitiated|unsure,ManualFlash,phase-a-cve-weighted,summary-defensible,0.3882,stays-Estimated,881,"IN: consumer IP/Wi-Fi/battery security cameras and home DVR/NVR. OUT: enterprise NVR/VMS/SAN and cloud gateways (Hikvision Hybrid SAN, Dahua DSS, Pelco professional, wireless bridges). Video doorbells belong to doorbell; baby monitors to babymonitor.",outstanding-no-verdict,,,,,,,,
3,cameras,security camera,hasWebAdminUI,single,true|false|unsure,true,phase-a-cve-weighted,summary-defensible,0.3487,stays-Estimated,881,"IN: consumer IP/Wi-Fi/battery security cameras and home DVR/NVR. OUT: enterprise NVR/VMS/SAN and cloud gateways (Hikvision Hybrid SAN, Dahua DSS, Pelco professional, wireless bridges). Video doorbells belong to doorbell; baby monitors to babymonitor.",outstanding-no-verdict,,,,,,,,
4,cameras,security camera,supportLifetime,single,DeclaredLifetime|UndeclaredLifetime|unsure,UndeclaredLifetime,phase-a-cve-weighted,summary-defensible,-0.3115,stays-Estimated,881,"IN: consumer IP/Wi-Fi/battery security cameras and home DVR/NVR. OUT: enterprise NVR/VMS/SAN and cloud gateways (Hikvision Hybrid SAN, Dahua DSS, Pelco professional, wireless bridges). Video doorbells belong to doorbell; baby monitors to babymonitor.",outstanding-no-verdict,,,,,,,,
5,hub,smart home hub,capturesAV,single,true|false|unsure,false,phase-a-cve-weighted,summary-defensible,0.3858,stays-Estimated,247,"IN: IoT hubs, bridges, and Matter/Thread/Zigbee/Z-Wave controllers (SmartThings, Hubitat, Hue Bridge). OUT: plain routers, modems, ONT, and unmanaged switches — transport, not home control.",outstanding-no-verdict,,,,,,,,
6,hub,smart home hub,computeTier,single,AndroidDerived|EmbeddedLinux|McuClass|Rtos|unsure,EmbeddedLinux,phase-a-cve-weighted,summary-defensible,0.3836,stays-Estimated,247,"IN: IoT hubs, bridges, and Matter/Thread/Zigbee/Z-Wave controllers (SmartThings, Hubitat, Hue Bridge). OUT: plain routers, modems, ONT, and unmanaged switches — transport, not home control.",outstanding-no-verdict,,,,,,,,
7,hub,smart home hub,firmwareUpdateModel,single,ManualFlash|NoUpdatePath|OtaAutomatic|OtaUserInitiated|unsure,OtaAutomatic,phase-a-cve-weighted,grouping-only,0.3882,stays-Estimated,247,"IN: IoT hubs, bridges, and Matter/Thread/Zigbee/Z-Wave controllers (SmartThings, Hubitat, Hue Bridge). OUT: plain routers, modems, ONT, and unmanaged switches — transport, not home control.",outstanding-no-verdict,,,,,,,,
8,hub,smart home hub,hasWebAdminUI,single,true|false|unsure,true,phase-a-cve-weighted,summary-defensible,0.3487,stays-Estimated,247,"IN: IoT hubs, bridges, and Matter/Thread/Zigbee/Z-Wave controllers (SmartThings, Hubitat, Hue Bridge). OUT: plain routers, modems, ONT, and unmanaged switches — transport, not home control.",outstanding-no-verdict,,,,,,,,
9,hub,smart home hub,supportLifetime,single,DeclaredLifetime|UndeclaredLifetime|unsure,UndeclaredLifetime,phase-a-cve-weighted,summary-defensible,-0.3115,stays-Estimated,247,"IN: IoT hubs, bridges, and Matter/Thread/Zigbee/Z-Wave controllers (SmartThings, Hubitat, Hue Bridge). OUT: plain routers, modems, ONT, and unmanaged switches — transport, not home control.",outstanding-no-verdict,,,,,,,,
10,alarms,home alarm,computeTier,single,AndroidDerived|EmbeddedLinux|McuClass|Rtos|unsure,EmbeddedLinux,phase-a-cve-weighted,grouping-only,0.3836,stays-Estimated,89,"IN: consumer home security/alarm systems and their sensors (eufy/Anker HomeBase, Qolsys, Abode, Nexx). OUT: commercial/industrial alarm, fire, and building-monitoring panels.",outstanding-no-verdict,,,,,,,,
11,alarms,home alarm,hasWebAdminUI,single,true|false|unsure,false,phase-a-cve-weighted,summary-defensible,0.3487,stays-Estimated,89,"IN: consumer home security/alarm systems and their sensors (eufy/Anker HomeBase, Qolsys, Abode, Nexx). OUT: commercial/industrial alarm, fire, and building-monitoring panels.",outstanding-no-verdict,,,,,,,,
12,alarms,home alarm,supportLifetime,single,DeclaredLifetime|UndeclaredLifetime|unsure,UndeclaredLifetime,phase-a-cve-weighted,summary-defensible,-0.3115,stays-Estimated,89,"IN: consumer home security/alarm systems and their sensors (eufy/Anker HomeBase, Qolsys, Abode, Nexx). OUT: commercial/industrial alarm, fire, and building-monitoring panels.",outstanding-no-verdict,,,,,,,,
13,streaming,streaming device,capturesAV,single,true|false|unsure,false,phase-a-cve-weighted,summary-defensible,0.3858,stays-Estimated,76,"IN: streaming TVs, sticks, and boxes (Google/Android TV, Fire TV, Apple TV, Roku) — qualify as home-control surfaces via criterion 4(b). OUT: game consoles, VR/AR headsets, pure media apps, and tvOS CVEs (scope ruling 2026-07: excluded for volume — see judgment_store.csv `Excluded` column and docs/plans/PLAN_scope_exclusion.md).",outstanding-no-verdict,,,,,,,,
14,streaming,streaming device,computeTier,single,AndroidDerived|EmbeddedLinux|McuClass|Rtos|unsure,AndroidDerived,phase-a-cve-weighted,grouping-only,0.3836,stays-Estimated,76,"IN: streaming TVs, sticks, and boxes (Google/Android TV, Fire TV, Apple TV, Roku) — qualify as home-control surfaces via criterion 4(b). OUT: game consoles, VR/AR headsets, pure media apps, and tvOS CVEs (scope ruling 2026-07: excluded for volume — see judgment_store.csv `Excluded` column and docs/plans/PLAN_scope_exclusion.md).",outstanding-no-verdict,,,,,,,,
15,streaming,streaming device,firmwareUpdateModel,single,ManualFlash|NoUpdatePath|OtaAutomatic|OtaUserInitiated|unsure,OtaAutomatic,phase-a-cve-weighted,grouping-only,0.3882,stays-Estimated,76,"IN: streaming TVs, sticks, and boxes (Google/Android TV, Fire TV, Apple TV, Roku) — qualify as home-control surfaces via criterion 4(b). OUT: game consoles, VR/AR headsets, pure media apps, and tvOS CVEs (scope ruling 2026-07: excluded for volume — see judgment_store.csv `Excluded` column and docs/plans/PLAN_scope_exclusion.md).",outstanding-no-verdict,,,,,,,,
16,streaming,streaming device,hasWebAdminUI,single,true|false|unsure,false,phase-a-cve-weighted,summary-defensible,0.3487,stays-Estimated,76,"IN: streaming TVs, sticks, and boxes (Google/Android TV, Fire TV, Apple TV, Roku) — qualify as home-control surfaces via criterion 4(b). OUT: game consoles, VR/AR headsets, pure media apps, and tvOS CVEs (scope ruling 2026-07: excluded for volume — see judgment_store.csv `Excluded` column and docs/plans/PLAN_scope_exclusion.md).",outstanding-no-verdict,,,,,,,,
17,streaming,streaming device,supportLifetime,single,DeclaredLifetime|UndeclaredLifetime|unsure,UndeclaredLifetime,phase-a-cve-weighted,summary-defensible,-0.3115,stays-Estimated,76,"IN: streaming TVs, sticks, and boxes (Google/Android TV, Fire TV, Apple TV, Roku) — qualify as home-control surfaces via criterion 4(b). OUT: game consoles, VR/AR headsets, pure media apps, and tvOS CVEs (scope ruling 2026-07: excluded for volume — see judgment_store.csv `Excluded` column and docs/plans/PLAN_scope_exclusion.md).",outstanding-no-verdict,,,,,,,,
18,ev-charging,EV home charger,capturesAV,single,true|false|unsure,false,phase-a-cve-weighted,summary-defensible,0.3858,stays-Estimated,71,"IN: home EVSE/wallbox for a private garage or driveway. OUT: commercial/public/fleet chargers (Iocharger, Circontrol, Raption, eCharge) and the vehicle itself.",outstanding-no-verdict,,,,,,,,
19,ev-charging,EV home charger,computeTier,single,AndroidDerived|EmbeddedLinux|McuClass|Rtos|unsure,EmbeddedLinux,phase-a-cve-weighted,summary-defensible,0.3836,stays-Estimated,71,"IN: home EVSE/wallbox for a private garage or driveway. OUT: commercial/public/fleet chargers (Iocharger, Circontrol, Raption, eCharge) and the vehicle itself.",outstanding-no-verdict,,,,,,,,
20,ev-charging,EV home charger,firmwareUpdateModel,single,ManualFlash|NoUpdatePath|OtaAutomatic|OtaUserInitiated|unsure,OtaUserInitiated,phase-a-cve-weighted,summary-defensible,0.3882,stays-Estimated,71,"IN: home EVSE/wallbox for a private garage or driveway. OUT: commercial/public/fleet chargers (Iocharger, Circontrol, Raption, eCharge) and the vehicle itself.",outstanding-no-verdict,,,,,,,,
21,ev-charging,EV home charger,hasWebAdminUI,single,true|false|unsure,true,phase-a-cve-weighted,grouping-only,0.3487,stays-Estimated,71,"IN: home EVSE/wallbox for a private garage or driveway. OUT: commercial/public/fleet chargers (Iocharger, Circontrol, Raption, eCharge) and the vehicle itself.",outstanding-no-verdict,,,,,,,,
22,ev-charging,EV home charger,supportLifetime,single,DeclaredLifetime|UndeclaredLifetime|unsure,DeclaredLifetime,phase-a-cve-weighted,grouping-only,-0.3115,stays-Estimated,71,"IN: home EVSE/wallbox for a private garage or driveway. OUT: commercial/public/fleet chargers (Iocharger, Circontrol, Raption, eCharge) and the vehicle itself.",outstanding-no-verdict,,,,,,,,
23,doorbell,video doorbell,capturesAV,single,true|false|unsure,true,phase-a-cve-weighted,summary-defensible,0.3858,stays-Estimated,45,"IN: video/smart doorbells (Ring, Reolink, Foscam VD, Akuvox). OUT: standalone cameras (classify under cameras) and baby monitors (under babymonitor).",outstanding-no-verdict,,,,,,,,
24,doorbell,video doorbell,computeTier,single,AndroidDerived|EmbeddedLinux|McuClass|Rtos|unsure,EmbeddedLinux,phase-a-cve-weighted,summary-defensible,0.3836,stays-Estimated,45,"IN: video/smart doorbells (Ring, Reolink, Foscam VD, Akuvox). OUT: standalone cameras (classify under cameras) and baby monitors (under babymonitor).",outstanding-no-verdict,,,,,,,,
25,doorbell,video doorbell,firmwareUpdateModel,single,ManualFlash|NoUpdatePath|OtaAutomatic|OtaUserInitiated|unsure,ManualFlash,phase-a-cve-weighted,summary-defensible,0.3882,stays-Estimated,45,"IN: video/smart doorbells (Ring, Reolink, Foscam VD, Akuvox). OUT: standalone cameras (classify under cameras) and baby monitors (under babymonitor).",outstanding-no-verdict,,,,,,,,
26,doorbell,video doorbell,hasWebAdminUI,single,true|false|unsure,true,phase-a-cve-weighted,grouping-only,0.3487,stays-Estimated,45,"IN: video/smart doorbells (Ring, Reolink, Foscam VD, Akuvox). OUT: standalone cameras (classify under cameras) and baby monitors (under babymonitor).",outstanding-no-verdict,,,,,,,,
27,doorbell,video doorbell,supportLifetime,single,DeclaredLifetime|UndeclaredLifetime|unsure,UndeclaredLifetime,phase-a-cve-weighted,summary-defensible,-0.3115,stays-Estimated,45,"IN: video/smart doorbells (Ring, Reolink, Foscam VD, Akuvox). OUT: standalone cameras (classify under cameras) and baby monitors (under babymonitor).",outstanding-no-verdict,,,,,,,,
28,home-power,home energy system,capturesAV,single,true|false|unsure,false,author-prior,UNMEASURED,0.3858,stays-Estimated,45,"IN: residential solar inverters, home batteries, and smart meters (SMA, Victron Venus, Enphase, Tesla Powerwall). OUT: utility-scale/commercial PV and grid equipment.",outstanding-no-verdict,,,,,,,,
29,home-power,home energy system,computeTier,single,AndroidDerived|EmbeddedLinux|McuClass|Rtos|unsure,EmbeddedLinux,author-prior,UNMEASURED,0.3836,stays-Estimated,45,"IN: residential solar inverters, home batteries, and smart meters (SMA, Victron Venus, Enphase, Tesla Powerwall). OUT: utility-scale/commercial PV and grid equipment.",outstanding-no-verdict,,,,,,,,
30,home-power,home energy system,firmwareUpdateModel,single,ManualFlash|NoUpdatePath|OtaAutomatic|OtaUserInitiated|unsure,OtaAutomatic,author-prior,UNMEASURED,0.3882,stays-Estimated,45,"IN: residential solar inverters, home batteries, and smart meters (SMA, Victron Venus, Enphase, Tesla Powerwall). OUT: utility-scale/commercial PV and grid equipment.",outstanding-no-verdict,,,,,,,,
31,home-power,home energy system,hasWebAdminUI,single,true|false|unsure,true,author-prior,UNMEASURED,0.3487,stays-Estimated,45,"IN: residential solar inverters, home batteries, and smart meters (SMA, Victron Venus, Enphase, Tesla Powerwall). OUT: utility-scale/commercial PV and grid equipment.",outstanding-no-verdict,,,,,,,,
32,home-power,home energy system,supportLifetime,single,DeclaredLifetime|UndeclaredLifetime|unsure,UndeclaredLifetime,author-prior,UNMEASURED,-0.3115,stays-Estimated,45,"IN: residential solar inverters, home batteries, and smart meters (SMA, Victron Venus, Enphase, Tesla Powerwall). OUT: utility-scale/commercial PV and grid equipment.",outstanding-no-verdict,,,,,,,,
33,smartspeakers,smart speaker,capturesAV,single,true|false|unsure,true,phase-a-cve-weighted,summary-defensible,0.3858,stays-Estimated,38,"IN: consumer smart speakers, smart displays, and smart soundbars (Echo, Nest, HomePod) — qualify as home-control surfaces via criterion 4(b). OUT: plain Bluetooth speakers, headphones, and AV receivers with no assistant/home-control role.",outstanding-no-verdict,,,,,,,,
34,smartspeakers,smart speaker,computeTier,single,AndroidDerived|EmbeddedLinux|McuClass|Rtos|unsure,EmbeddedLinux,phase-a-cve-weighted,summary-defensible,0.3836,stays-Estimated,38,"IN: consumer smart speakers, smart displays, and smart soundbars (Echo, Nest, HomePod) — qualify as home-control surfaces via criterion 4(b). OUT: plain Bluetooth speakers, headphones, and AV receivers with no assistant/home-control role.",outstanding-no-verdict,,,,,,,,
35,smartspeakers,smart speaker,firmwareUpdateModel,single,ManualFlash|NoUpdatePath|OtaAutomatic|OtaUserInitiated|unsure,OtaAutomatic,phase-a-cve-weighted,summary-defensible,0.3882,stays-Estimated,38,"IN: consumer smart speakers, smart displays, and smart soundbars (Echo, Nest, HomePod) — qualify as home-control surfaces via criterion 4(b). OUT: plain Bluetooth speakers, headphones, and AV receivers with no assistant/home-control role.",outstanding-no-verdict,,,,,,,,
36,smartspeakers,smart speaker,supportLifetime,single,DeclaredLifetime|UndeclaredLifetime|unsure,UndeclaredLifetime,phase-a-cve-weighted,grouping-only,-0.3115,stays-Estimated,38,"IN: consumer smart speakers, smart displays, and smart soundbars (Echo, Nest, HomePod) — qualify as home-control surfaces via criterion 4(b). OUT: plain Bluetooth speakers, headphones, and AV receivers with no assistant/home-control role.",outstanding-no-verdict,,,,,,,,
37,smartplugs,smart plug,capturesAV,single,true|false|unsure,false,phase-a-cve-weighted,summary-defensible,0.3858,stays-Estimated,37,"IN: consumer smart plugs, outlets, and power strips. OUT: enterprise/data-center PDUs and industrial power management.",outstanding-no-verdict,,,,,,,,
38,smartplugs,smart plug,computeTier,single,AndroidDerived|EmbeddedLinux|McuClass|Rtos|unsure,EmbeddedLinux,phase-a-cve-weighted,grouping-only,0.3836,stays-Estimated,37,"IN: consumer smart plugs, outlets, and power strips. OUT: enterprise/data-center PDUs and industrial power management.",outstanding-no-verdict,,,,,,,,
39,smartplugs,smart plug,hasWebAdminUI,single,true|false|unsure,false,phase-a-cve-weighted,summary-defensible,0.3487,stays-Estimated,37,"IN: consumer smart plugs, outlets, and power strips. OUT: enterprise/data-center PDUs and industrial power management.",outstanding-no-verdict,,,,,,,,
40,smartplugs,smart plug,supportLifetime,single,DeclaredLifetime|UndeclaredLifetime|unsure,UndeclaredLifetime,phase-a-cve-weighted,summary-defensible,-0.3115,stays-Estimated,37,"IN: consumer smart plugs, outlets, and power strips. OUT: enterprise/data-center PDUs and industrial power management.",outstanding-no-verdict,,,,,,,,
41,doorlock,smart lock,capturesAV,single,true|false|unsure,false,phase-a-cve-weighted,summary-defensible,0.3858,stays-Estimated,36,"IN: residential smart locks and garage-door openers (Yale, August, Tinxy, SGUDA, Genie Aladdin, Zigbee lock stacks). OUT: commercial/enterprise access-control panels and building door controllers.",outstanding-no-verdict,,,,,,,,
42,doorlock,smart lock,computeTier,single,AndroidDerived|EmbeddedLinux|McuClass|Rtos|unsure,McuClass,phase-a-cve-weighted,summary-defensible,0.3836,stays-Estimated,36,"IN: residential smart locks and garage-door openers (Yale, August, Tinxy, SGUDA, Genie Aladdin, Zigbee lock stacks). OUT: commercial/enterprise access-control panels and building door controllers.",outstanding-no-verdict,,,,,,,,
43,doorlock,smart lock,hasWebAdminUI,single,true|false|unsure,false,phase-a-cve-weighted,summary-defensible,0.3487,stays-Estimated,36,"IN: residential smart locks and garage-door openers (Yale, August, Tinxy, SGUDA, Genie Aladdin, Zigbee lock stacks). OUT: commercial/enterprise access-control panels and building door controllers.",outstanding-no-verdict,,,,,,,,
44,doorlock,smart lock,supportLifetime,single,DeclaredLifetime|UndeclaredLifetime|unsure,UndeclaredLifetime,phase-a-cve-weighted,summary-defensible,-0.3115,stays-Estimated,36,"IN: residential smart locks and garage-door openers (Yale, August, Tinxy, SGUDA, Genie Aladdin, Zigbee lock stacks). OUT: commercial/enterprise access-control panels and building door controllers.",outstanding-no-verdict,,,,,,,,
45,pet,smart pet device,capturesAV,single,true|false|unsure,true,author-prior,UNMEASURED,0.3858,stays-Estimated,35,"IN: consumer smart pet feeders, pet cameras, and litter boxes. OUT: commercial/veterinary/livestock equipment.",outstanding-no-verdict,,,,,,,,
46,pet,smart pet device,computeTier,single,AndroidDerived|EmbeddedLinux|McuClass|Rtos|unsure,EmbeddedLinux,author-prior,UNMEASURED,0.3836,stays-Estimated,35,"IN: consumer smart pet feeders, pet cameras, and litter boxes. OUT: commercial/veterinary/livestock equipment.",outstanding-no-verdict,,,,,,,,
47,pet,smart pet device,firmwareUpdateModel,single,ManualFlash|NoUpdatePath|OtaAutomatic|OtaUserInitiated|unsure,OtaAutomatic,author-prior,UNMEASURED,0.3882,stays-Estimated,35,"IN: consumer smart pet feeders, pet cameras, and litter boxes. OUT: commercial/veterinary/livestock equipment.",outstanding-no-verdict,,,,,,,,
48,pet,smart pet device,hasWebAdminUI,single,true|false|unsure,false,author-prior,UNMEASURED,0.3487,stays-Estimated,35,"IN: consumer smart pet feeders, pet cameras, and litter boxes. OUT: commercial/veterinary/livestock equipment.",outstanding-no-verdict,,,,,,,,
49,pet,smart pet device,supportLifetime,single,DeclaredLifetime|UndeclaredLifetime|unsure,UndeclaredLifetime,author-prior,UNMEASURED,-0.3115,stays-Estimated,35,"IN: consumer smart pet feeders, pet cameras, and litter boxes. OUT: commercial/veterinary/livestock equipment.",outstanding-no-verdict,,,,,,,,
50,lighting,smart lighting,capturesAV,single,true|false|unsure,false,phase-a-cve-weighted,summary-defensible,0.3858,stays-Estimated,33,"IN: consumer smart bulbs, light/dimmer/wall switches, and LED controllers (Hue, LIFX). OUT: phone 'Smart Switch' data-migration software, network switches, and apps/plugins that merely reference lighting.",outstanding-no-verdict,,,,,,,,
51,lighting,smart lighting,computeTier,single,AndroidDerived|EmbeddedLinux|McuClass|Rtos|unsure,McuClass,phase-a-cve-weighted,summary-defensible,0.3836,stays-Estimated,33,"IN: consumer smart bulbs, light/dimmer/wall switches, and LED controllers (Hue, LIFX). OUT: phone 'Smart Switch' data-migration software, network switches, and apps/plugins that merely reference lighting.",outstanding-no-verdict,,,,,,,,
52,lighting,smart lighting,firmwareUpdateModel,single,ManualFlash|NoUpdatePath|OtaAutomatic|OtaUserInitiated|unsure,OtaUserInitiated,phase-a-cve-weighted,summary-defensible,0.3882,stays-Estimated,33,"IN: consumer smart bulbs, light/dimmer/wall switches, and LED controllers (Hue, LIFX). OUT: phone 'Smart Switch' data-migration software, network switches, and apps/plugins that merely reference lighting.",outstanding-no-verdict,,,,,,,,
53,lighting,smart lighting,supportLifetime,single,DeclaredLifetime|UndeclaredLifetime|unsure,UndeclaredLifetime,phase-a-cve-weighted,summary-defensible,-0.3115,stays-Estimated,33,"IN: consumer smart bulbs, light/dimmer/wall switches, and LED controllers (Hue, LIFX). OUT: phone 'Smart Switch' data-migration software, network switches, and apps/plugins that merely reference lighting.",outstanding-no-verdict,,,,,,,,
54,robotvacuum,robot vacuum,capturesAV,single,true|false|unsure,true,author-prior,UNMEASURED,0.3858,stays-Estimated,27,IN: consumer robot vacuums and mops. OUT: industrial/commercial cleaning robots.,outstanding-no-verdict,,,,,,,,
55,robotvacuum,robot vacuum,computeTier,single,AndroidDerived|EmbeddedLinux|McuClass|Rtos|unsure,EmbeddedLinux,author-prior,UNMEASURED,0.3836,stays-Estimated,27,IN: consumer robot vacuums and mops. OUT: industrial/commercial cleaning robots.,outstanding-no-verdict,,,,,,,,
56,robotvacuum,robot vacuum,firmwareUpdateModel,single,ManualFlash|NoUpdatePath|OtaAutomatic|OtaUserInitiated|unsure,OtaAutomatic,author-prior,UNMEASURED,0.3882,stays-Estimated,27,IN: consumer robot vacuums and mops. OUT: industrial/commercial cleaning robots.,outstanding-no-verdict,,,,,,,,
57,robotvacuum,robot vacuum,hasWebAdminUI,single,true|false|unsure,false,author-prior,UNMEASURED,0.3487,stays-Estimated,27,IN: consumer robot vacuums and mops. OUT: industrial/commercial cleaning robots.,outstanding-no-verdict,,,,,,,,
58,robotvacuum,robot vacuum,supportLifetime,single,DeclaredLifetime|UndeclaredLifetime|unsure,UndeclaredLifetime,author-prior,UNMEASURED,-0.3115,stays-Estimated,27,IN: consumer robot vacuums and mops. OUT: industrial/commercial cleaning robots.,outstanding-no-verdict,,,,,,,,
59,garden,smart garden,capturesAV,single,true|false|unsure,false,author-prior,UNMEASURED,0.3858,stays-Estimated,19,"IN: consumer irrigation controllers and robot mowers (RainMachine, Rachio, ECOVACS/Yarbo mowers). OUT: commercial/agricultural irrigation and turf equipment.",outstanding-no-verdict,,,,,,,,
60,garden,smart garden,computeTier,single,AndroidDerived|EmbeddedLinux|McuClass|Rtos|unsure,EmbeddedLinux,author-prior,UNMEASURED,0.3836,stays-Estimated,19,"IN: consumer irrigation controllers and robot mowers (RainMachine, Rachio, ECOVACS/Yarbo mowers). OUT: commercial/agricultural irrigation and turf equipment.",outstanding-no-verdict,,,,,,,,
61,garden,smart garden,firmwareUpdateModel,single,ManualFlash|NoUpdatePath|OtaAutomatic|OtaUserInitiated|unsure,OtaAutomatic,author-prior,UNMEASURED,0.3882,stays-Estimated,19,"IN: consumer irrigation controllers and robot mowers (RainMachine, Rachio, ECOVACS/Yarbo mowers). OUT: commercial/agricultural irrigation and turf equipment.",outstanding-no-verdict,,,,,,,,
62,garden,smart garden,hasWebAdminUI,single,true|false|unsure,true,author-prior,UNMEASURED,0.3487,stays-Estimated,19,"IN: consumer irrigation controllers and robot mowers (RainMachine, Rachio, ECOVACS/Yarbo mowers). OUT: commercial/agricultural irrigation and turf equipment.",outstanding-no-verdict,,,,,,,,
63,garden,smart garden,supportLifetime,single,DeclaredLifetime|UndeclaredLifetime|unsure,UndeclaredLifetime,author-prior,UNMEASURED,-0.3115,stays-Estimated,19,"IN: consumer irrigation controllers and robot mowers (RainMachine, Rachio, ECOVACS/Yarbo mowers). OUT: commercial/agricultural irrigation and turf equipment.",outstanding-no-verdict,,,,,,,,
64,babymonitor,baby monitor,capturesAV,single,true|false|unsure,true,author-prior,UNMEASURED,0.3858,stays-Estimated,18,IN: dedicated consumer baby monitors. OUT: generic IP cameras not sold as baby monitors (classify under cameras) and any enterprise surveillance gear.,outstanding-no-verdict,,,,,,,,
65,babymonitor,baby monitor,computeTier,single,AndroidDerived|EmbeddedLinux|McuClass|Rtos|unsure,EmbeddedLinux,author-prior,UNMEASURED,0.3836,stays-Estimated,18,IN: dedicated consumer baby monitors. OUT: generic IP cameras not sold as baby monitors (classify under cameras) and any enterprise surveillance gear.,outstanding-no-verdict,,,,,,,,
66,babymonitor,baby monitor,firmwareUpdateModel,single,ManualFlash|NoUpdatePath|OtaAutomatic|OtaUserInitiated|unsure,OtaUserInitiated,author-prior,UNMEASURED,0.3882,stays-Estimated,18,IN: dedicated consumer baby monitors. OUT: generic IP cameras not sold as baby monitors (classify under cameras) and any enterprise surveillance gear.,outstanding-no-verdict,,,,,,,,
67,babymonitor,baby monitor,hasWebAdminUI,single,true|false|unsure,true,author-prior,UNMEASURED,0.3487,stays-Estimated,18,IN: dedicated consumer baby monitors. OUT: generic IP cameras not sold as baby monitors (classify under cameras) and any enterprise surveillance gear.,outstanding-no-verdict,,,,,,,,
68,babymonitor,baby monitor,supportLifetime,single,DeclaredLifetime|UndeclaredLifetime|unsure,UndeclaredLifetime,author-prior,UNMEASURED,-0.3115,stays-Estimated,18,IN: dedicated consumer baby monitors. OUT: generic IP cameras not sold as baby monitors (classify under cameras) and any enterprise surveillance gear.,outstanding-no-verdict,,,,,,,,
69,thermostat,smart thermostat,capturesAV,single,true|false|unsure,false,author-prior,UNMEASURED,0.3858,stays-Estimated,18,IN: residential smart thermostats. OUT: commercial building-management/HVAC controllers and industrial climate systems.,outstanding-no-verdict,,,,,,,,
70,thermostat,smart thermostat,computeTier,single,AndroidDerived|EmbeddedLinux|McuClass|Rtos|unsure,EmbeddedLinux,author-prior,UNMEASURED,0.3836,stays-Estimated,18,IN: residential smart thermostats. OUT: commercial building-management/HVAC controllers and industrial climate systems.,outstanding-no-verdict,,,,,,,,
71,thermostat,smart thermostat,firmwareUpdateModel,single,ManualFlash|NoUpdatePath|OtaAutomatic|OtaUserInitiated|unsure,OtaAutomatic,author-prior,UNMEASURED,0.3882,stays-Estimated,18,IN: residential smart thermostats. OUT: commercial building-management/HVAC controllers and industrial climate systems.,outstanding-no-verdict,,,,,,,,
72,thermostat,smart thermostat,hasWebAdminUI,single,true|false|unsure,false,author-prior,UNMEASURED,0.3487,stays-Estimated,18,IN: residential smart thermostats. OUT: commercial building-management/HVAC controllers and industrial climate systems.,outstanding-no-verdict,,,,,,,,
73,thermostat,smart thermostat,supportLifetime,single,DeclaredLifetime|UndeclaredLifetime|unsure,UndeclaredLifetime,author-prior,UNMEASURED,-0.3115,stays-Estimated,18,IN: residential smart thermostats. OUT: commercial building-management/HVAC controllers and industrial climate systems.,outstanding-no-verdict,,,,,,,,
74,airconditioner,smart air conditioner,capturesAV,single,true|false|unsure,false,author-prior,UNMEASURED,0.3858,stays-Estimated,5,IN: consumer smart/Wi-Fi air conditioners and mini-splits with app control. OUT: commercial rooftop units and industrial HVAC.,outstanding-no-verdict,,,,,,,,
75,airconditioner,smart air conditioner,computeTier,single,AndroidDerived|EmbeddedLinux|McuClass|Rtos|unsure,McuClass,author-prior,UNMEASURED,0.3836,stays-Estimated,5,IN: consumer smart/Wi-Fi air conditioners and mini-splits with app control. OUT: commercial rooftop units and industrial HVAC.,outstanding-no-verdict,,,,,,,,
76,airconditioner,smart air conditioner,firmwareUpdateModel,single,ManualFlash|NoUpdatePath|OtaAutomatic|OtaUserInitiated|unsure,OtaUserInitiated,author-prior,UNMEASURED,0.3882,stays-Estimated,5,IN: consumer smart/Wi-Fi air conditioners and mini-splits with app control. OUT: commercial rooftop units and industrial HVAC.,outstanding-no-verdict,,,,,,,,
77,airconditioner,smart air conditioner,hasWebAdminUI,single,true|false|unsure,false,author-prior,UNMEASURED,0.3487,stays-Estimated,5,IN: consumer smart/Wi-Fi air conditioners and mini-splits with app control. OUT: commercial rooftop units and industrial HVAC.,outstanding-no-verdict,,,,,,,,
78,airconditioner,smart air conditioner,supportLifetime,single,DeclaredLifetime|UndeclaredLifetime|unsure,UndeclaredLifetime,author-prior,UNMEASURED,-0.3115,stays-Estimated,5,IN: consumer smart/Wi-Fi air conditioners and mini-splits with app control. OUT: commercial rooftop units and industrial HVAC.,outstanding-no-verdict,,,,,,,,
79,sensors,home sensor,capturesAV,single,true|false|unsure,false,author-prior,UNMEASURED,0.3858,stays-Estimated,4,"IN: consumer home sensors — motion, contact, leak, temperature, air-quality, presence. OUT: industrial/enterprise sensors and PLC/SCADA field devices.",outstanding-no-verdict,,,,,,,,
80,sensors,home sensor,computeTier,single,AndroidDerived|EmbeddedLinux|McuClass|Rtos|unsure,McuClass,author-prior,UNMEASURED,0.3836,stays-Estimated,4,"IN: consumer home sensors — motion, contact, leak, temperature, air-quality, presence. OUT: industrial/enterprise sensors and PLC/SCADA field devices.",outstanding-no-verdict,,,,,,,,
81,sensors,home sensor,firmwareUpdateModel,single,ManualFlash|NoUpdatePath|OtaAutomatic|OtaUserInitiated|unsure,OtaUserInitiated,author-prior,UNMEASURED,0.3882,stays-Estimated,4,"IN: consumer home sensors — motion, contact, leak, temperature, air-quality, presence. OUT: industrial/enterprise sensors and PLC/SCADA field devices.",outstanding-no-verdict,,,,,,,,
82,sensors,home sensor,hasWebAdminUI,single,true|false|unsure,false,author-prior,UNMEASURED,0.3487,stays-Estimated,4,"IN: consumer home sensors — motion, contact, leak, temperature, air-quality, presence. OUT: industrial/enterprise sensors and PLC/SCADA field devices.",outstanding-no-verdict,,,,,,,,
83,sensors,home sensor,supportLifetime,single,DeclaredLifetime|UndeclaredLifetime|unsure,UndeclaredLifetime,author-prior,UNMEASURED,-0.3115,stays-Estimated,4,"IN: consumer home sensors — motion, contact, leak, temperature, air-quality, presence. OUT: industrial/enterprise sensors and PLC/SCADA field devices.",outstanding-no-verdict,,,,,,,,
84,appliances,smart appliance,capturesAV,single,true|false|unsure,false,author-prior,UNMEASURED,0.3858,stays-Estimated,3,"IN: consumer smart kitchen/laundry appliances — oven, range, cooker, microwave, dishwasher, washer, dryer, water heater. OUT: commercial/industrial appliances.",outstanding-no-verdict,,,,,,,,
85,appliances,smart appliance,computeTier,single,AndroidDerived|EmbeddedLinux|McuClass|Rtos|unsure,EmbeddedLinux,author-prior,UNMEASURED,0.3836,stays-Estimated,3,"IN: consumer smart kitchen/laundry appliances — oven, range, cooker, microwave, dishwasher, washer, dryer, water heater. OUT: commercial/industrial appliances.",outstanding-no-verdict,,,,,,,,
86,appliances,smart appliance,firmwareUpdateModel,single,ManualFlash|NoUpdatePath|OtaAutomatic|OtaUserInitiated|unsure,OtaAutomatic,author-prior,UNMEASURED,0.3882,stays-Estimated,3,"IN: consumer smart kitchen/laundry appliances — oven, range, cooker, microwave, dishwasher, washer, dryer, water heater. OUT: commercial/industrial appliances.",outstanding-no-verdict,,,,,,,,
87,appliances,smart appliance,hasWebAdminUI,single,true|false|unsure,false,author-prior,UNMEASURED,0.3487,stays-Estimated,3,"IN: consumer smart kitchen/laundry appliances — oven, range, cooker, microwave, dishwasher, washer, dryer, water heater. OUT: commercial/industrial appliances.",outstanding-no-verdict,,,,,,,,
88,appliances,smart appliance,supportLifetime,single,DeclaredLifetime|UndeclaredLifetime|unsure,UndeclaredLifetime,author-prior,UNMEASURED,-0.3115,stays-Estimated,3,"IN: consumer smart kitchen/laundry appliances — oven, range, cooker, microwave, dishwasher, washer, dryer, water heater. OUT: commercial/industrial appliances.",outstanding-no-verdict,,,,,,,,
89,fridge,smart refrigerator,capturesAV,single,true|false|unsure,false,author-prior,UNMEASURED,0.3858,stays-Estimated,3,IN: consumer smart refrigerators. OUT: commercial/industrial refrigeration.,outstanding-no-verdict,,,,,,,,
90,fridge,smart refrigerator,computeTier,single,AndroidDerived|EmbeddedLinux|McuClass|Rtos|unsure,AndroidDerived,author-prior,UNMEASURED,0.3836,stays-Estimated,3,IN: consumer smart refrigerators. OUT: commercial/industrial refrigeration.,outstanding-no-verdict,,,,,,,,
91,fridge,smart refrigerator,firmwareUpdateModel,single,ManualFlash|NoUpdatePath|OtaAutomatic|OtaUserInitiated|unsure,OtaAutomatic,author-prior,UNMEASURED,0.3882,stays-Estimated,3,IN: consumer smart refrigerators. OUT: commercial/industrial refrigeration.,outstanding-no-verdict,,,,,,,,
92,fridge,smart refrigerator,hasWebAdminUI,single,true|false|unsure,false,author-prior,UNMEASURED,0.3487,stays-Estimated,3,IN: consumer smart refrigerators. OUT: commercial/industrial refrigeration.,outstanding-no-verdict,,,,,,,,
93,fridge,smart refrigerator,supportLifetime,single,DeclaredLifetime|UndeclaredLifetime|unsure,UndeclaredLifetime,author-prior,UNMEASURED,-0.3115,stays-Estimated,3,IN: consumer smart refrigerators. OUT: commercial/industrial refrigeration.,outstanding-no-verdict,,,,,,,,
94,airpurifier,air purifier,capturesAV,single,true|false|unsure,false,author-prior,UNMEASURED,0.3858,stays-Estimated,2,IN: consumer smart air purifiers. OUT: commercial/industrial air-handling and filtration systems.,outstanding-no-verdict,,,,,,,,
95,airpurifier,air purifier,computeTier,single,AndroidDerived|EmbeddedLinux|McuClass|Rtos|unsure,McuClass,author-prior,UNMEASURED,0.3836,stays-Estimated,2,IN: consumer smart air purifiers. OUT: commercial/industrial air-handling and filtration systems.,outstanding-no-verdict,,,,,,,,
96,airpurifier,air purifier,firmwareUpdateModel,single,ManualFlash|NoUpdatePath|OtaAutomatic|OtaUserInitiated|unsure,OtaUserInitiated,author-prior,UNMEASURED,0.3882,stays-Estimated,2,IN: consumer smart air purifiers. OUT: commercial/industrial air-handling and filtration systems.,outstanding-no-verdict,,,,,,,,
97,airpurifier,air purifier,hasWebAdminUI,single,true|false|unsure,false,author-prior,UNMEASURED,0.3487,stays-Estimated,2,IN: consumer smart air purifiers. OUT: commercial/industrial air-handling and filtration systems.,outstanding-no-verdict,,,,,,,,
98,airpurifier,air purifier,supportLifetime,single,DeclaredLifetime|UndeclaredLifetime|unsure,UndeclaredLifetime,author-prior,UNMEASURED,-0.3115,stays-Estimated,2,IN: consumer smart air purifiers. OUT: commercial/industrial air-handling and filtration systems.,outstanding-no-verdict,,,,,,,,
99,fans,smart fan,capturesAV,single,true|false|unsure,false,author-prior,UNMEASURED,0.3858,stays-Estimated,1,"IN: consumer smart/connected fans (ceiling, tower, pedestal). OUT: industrial/commercial ventilation and exhaust systems.",outstanding-no-verdict,,,,,,,,
100,fans,smart fan,computeTier,single,AndroidDerived|EmbeddedLinux|McuClass|Rtos|unsure,McuClass,author-prior,UNMEASURED,0.3836,stays-Estimated,1,"IN: consumer smart/connected fans (ceiling, tower, pedestal). OUT: industrial/commercial ventilation and exhaust systems.",outstanding-no-verdict,,,,,,,,
101,fans,smart fan,firmwareUpdateModel,single,ManualFlash|NoUpdatePath|OtaAutomatic|OtaUserInitiated|unsure,OtaUserInitiated,author-prior,UNMEASURED,0.3882,stays-Estimated,1,"IN: consumer smart/connected fans (ceiling, tower, pedestal). OUT: industrial/commercial ventilation and exhaust systems.",outstanding-no-verdict,,,,,,,,
102,fans,smart fan,hasWebAdminUI,single,true|false|unsure,false,author-prior,UNMEASURED,0.3487,stays-Estimated,1,"IN: consumer smart/connected fans (ceiling, tower, pedestal). OUT: industrial/commercial ventilation and exhaust systems.",outstanding-no-verdict,,,,,,,,
103,fans,smart fan,supportLifetime,single,DeclaredLifetime|UndeclaredLifetime|unsure,UndeclaredLifetime,author-prior,UNMEASURED,-0.3115,stays-Estimated,1,"IN: consumer smart/connected fans (ceiling, tower, pedestal). OUT: industrial/commercial ventilation and exhaust systems.",outstanding-no-verdict,,,,,,,,
104,shades,smart blinds,capturesAV,single,true|false|unsure,false,author-prior,UNMEASURED,0.3858,stays-Estimated,0,"IN: consumer smart blinds, shades, curtains, shutters and their motors/controllers. OUT: commercial/industrial window and facade systems.",outstanding-no-verdict,,,,,,,,
105,shades,smart blinds,computeTier,single,AndroidDerived|EmbeddedLinux|McuClass|Rtos|unsure,McuClass,author-prior,UNMEASURED,0.3836,stays-Estimated,0,"IN: consumer smart blinds, shades, curtains, shutters and their motors/controllers. OUT: commercial/industrial window and facade systems.",outstanding-no-verdict,,,,,,,,
106,shades,smart blinds,firmwareUpdateModel,single,ManualFlash|NoUpdatePath|OtaAutomatic|OtaUserInitiated|unsure,OtaUserInitiated,author-prior,UNMEASURED,0.3882,stays-Estimated,0,"IN: consumer smart blinds, shades, curtains, shutters and their motors/controllers. OUT: commercial/industrial window and facade systems.",outstanding-no-verdict,,,,,,,,
107,shades,smart blinds,hasWebAdminUI,single,true|false|unsure,false,author-prior,UNMEASURED,0.3487,stays-Estimated,0,"IN: consumer smart blinds, shades, curtains, shutters and their motors/controllers. OUT: commercial/industrial window and facade systems.",outstanding-no-verdict,,,,,,,,
108,shades,smart blinds,supportLifetime,single,DeclaredLifetime|UndeclaredLifetime|unsure,UndeclaredLifetime,author-prior,UNMEASURED,-0.3115,stays-Estimated,0,"IN: consumer smart blinds, shades, curtains, shutters and their motors/controllers. OUT: commercial/industrial window and facade systems.",outstanding-no-verdict,,,,,,,,
109,sleeptracker,sleep tracker,capturesAV,single,true|false|unsure,false,author-prior,UNMEASURED,0.3858,stays-Estimated,0,"IN: bedside / non-wearable sleep monitors. OUT: wrist wearables and fitness trackers (Fitbit, Apple Watch, Garmin).",outstanding-no-verdict,,,,,,,,
110,sleeptracker,sleep tracker,computeTier,single,AndroidDerived|EmbeddedLinux|McuClass|Rtos|unsure,McuClass,author-prior,UNMEASURED,0.3836,stays-Estimated,0,"IN: bedside / non-wearable sleep monitors. OUT: wrist wearables and fitness trackers (Fitbit, Apple Watch, Garmin).",outstanding-no-verdict,,,,,,,,
111,sleeptracker,sleep tracker,firmwareUpdateModel,single,ManualFlash|NoUpdatePath|OtaAutomatic|OtaUserInitiated|unsure,OtaAutomatic,author-prior,UNMEASURED,0.3882,stays-Estimated,0,"IN: bedside / non-wearable sleep monitors. OUT: wrist wearables and fitness trackers (Fitbit, Apple Watch, Garmin).",outstanding-no-verdict,,,,,,,,
112,sleeptracker,sleep tracker,hasWebAdminUI,single,true|false|unsure,false,author-prior,UNMEASURED,0.3487,stays-Estimated,0,"IN: bedside / non-wearable sleep monitors. OUT: wrist wearables and fitness trackers (Fitbit, Apple Watch, Garmin).",outstanding-no-verdict,,,,,,,,
113,sleeptracker,sleep tracker,supportLifetime,single,DeclaredLifetime|UndeclaredLifetime|unsure,UndeclaredLifetime,author-prior,UNMEASURED,-0.3115,stays-Estimated,0,"IN: bedside / non-wearable sleep monitors. OUT: wrist wearables and fitness trackers (Fitbit, Apple Watch, Garmin).",outstanding-no-verdict,,,,,,,,
114,cameras,security camera,adminModel,multi,AppOnlyAdmin|CloudPortalAdmin|LocalWebAdmin|NoAdminInterface|unsure,AppOnlyAdmin|CloudPortalAdmin|LocalWebAdmin,author-prior,UNMEASURED,,,881,"IN: consumer IP/Wi-Fi/battery security cameras and home DVR/NVR. OUT: enterprise NVR/VMS/SAN and cloud gateways (Hikvision Hybrid SAN, Dahua DSS, Pelco professional, wireless bridges). Video doorbells belong to doorbell; baby monitors to babymonitor.",outstanding-no-verdict,,,,,,,,
115,cameras,security camera,alsoDeployedIn,multi,Commercial|Industrial|Prosumer|Residential|none|unsure,Commercial|Prosumer,author-prior,UNMEASURED,,,881,"IN: consumer IP/Wi-Fi/battery security cameras and home DVR/NVR. OUT: enterprise NVR/VMS/SAN and cloud gateways (Hikvision Hybrid SAN, Dahua DSS, Pelco professional, wireless bridges). Video doorbells belong to doorbell; baby monitors to babymonitor.",outstanding-no-verdict,,,,,,,,
116,cameras,security camera,credentialModel,multi,AccountBound|CertificateBound|DefaultPassword|ForcedCredentialSetup|NoCredential|unsure,AccountBound|DefaultPassword,author-prior,UNMEASURED,,,881,"IN: consumer IP/Wi-Fi/battery security cameras and home DVR/NVR. OUT: enterprise NVR/VMS/SAN and cloud gateways (Hikvision Hybrid SAN, Dahua DSS, Pelco professional, wireless bridges). Video doorbells belong to doorbell; baby monitors to babymonitor.",outstanding-no-verdict,,,,,,,,
117,cameras,security camera,pairingModel,multi,AccountLinked|BleProvisioned|MeshJoin|QrPaired|SoftApPaired|WpsPaired|unsure,AccountLinked|QrPaired|WpsPaired,author-prior,UNMEASURED,,,881,"IN: consumer IP/Wi-Fi/battery security cameras and home DVR/NVR. OUT: enterprise NVR/VMS/SAN and cloud gateways (Hikvision Hybrid SAN, Dahua DSS, Pelco professional, wireless bridges). Video doorbells belong to doorbell; baby monitors to babymonitor.",outstanding-no-verdict,,,,,,,,
118,cameras,security camera,patchResponsibility,multi,InstallerPatched|Unmaintained|UserPatched|VendorPatched|unsure,UserPatched,author-prior,UNMEASURED,,,881,"IN: consumer IP/Wi-Fi/battery security cameras and home DVR/NVR. OUT: enterprise NVR/VMS/SAN and cloud gateways (Hikvision Hybrid SAN, Dahua DSS, Pelco professional, wireless bridges). Video doorbells belong to doorbell; baby monitors to babymonitor.",outstanding-no-verdict,,,,,,,,
119,cameras,security camera,topology,multi,DirectIP|HubMediated|MeshLeaf|unsure,DirectIP,author-prior,UNMEASURED,,,881,"IN: consumer IP/Wi-Fi/battery security cameras and home DVR/NVR. OUT: enterprise NVR/VMS/SAN and cloud gateways (Hikvision Hybrid SAN, Dahua DSS, Pelco professional, wireless bridges). Video doorbells belong to doorbell; baby monitors to babymonitor.",outstanding-no-verdict,,,,,,,,
120,hub,smart home hub,adminModel,multi,AppOnlyAdmin|CloudPortalAdmin|LocalWebAdmin|NoAdminInterface|unsure,AppOnlyAdmin|CloudPortalAdmin|LocalWebAdmin,author-prior,UNMEASURED,,,247,"IN: IoT hubs, bridges, and Matter/Thread/Zigbee/Z-Wave controllers (SmartThings, Hubitat, Hue Bridge). OUT: plain routers, modems, ONT, and unmanaged switches — transport, not home control.",outstanding-no-verdict,,,,,,,,
121,hub,smart home hub,alsoDeployedIn,multi,Commercial|Industrial|Prosumer|Residential|none|unsure,Prosumer,author-prior,UNMEASURED,,,247,"IN: IoT hubs, bridges, and Matter/Thread/Zigbee/Z-Wave controllers (SmartThings, Hubitat, Hue Bridge). OUT: plain routers, modems, ONT, and unmanaged switches — transport, not home control.",outstanding-no-verdict,,,,,,,,
122,hub,smart home hub,credentialModel,multi,AccountBound|CertificateBound|DefaultPassword|ForcedCredentialSetup|NoCredential|unsure,AccountBound|DefaultPassword,author-prior,UNMEASURED,,,247,"IN: IoT hubs, bridges, and Matter/Thread/Zigbee/Z-Wave controllers (SmartThings, Hubitat, Hue Bridge). OUT: plain routers, modems, ONT, and unmanaged switches — transport, not home control.",outstanding-no-verdict,,,,,,,,
123,hub,smart home hub,pairingModel,multi,AccountLinked|BleProvisioned|MeshJoin|QrPaired|SoftApPaired|WpsPaired|unsure,AccountLinked|MeshJoin|QrPaired|WpsPaired,author-prior,UNMEASURED,,,247,"IN: IoT hubs, bridges, and Matter/Thread/Zigbee/Z-Wave controllers (SmartThings, Hubitat, Hue Bridge). OUT: plain routers, modems, ONT, and unmanaged switches — transport, not home control.",outstanding-no-verdict,,,,,,,,
124,hub,smart home hub,patchResponsibility,multi,InstallerPatched|Unmaintained|UserPatched|VendorPatched|unsure,UserPatched|VendorPatched,author-prior,UNMEASURED,,,247,"IN: IoT hubs, bridges, and Matter/Thread/Zigbee/Z-Wave controllers (SmartThings, Hubitat, Hue Bridge). OUT: plain routers, modems, ONT, and unmanaged switches — transport, not home control.",outstanding-no-verdict,,,,,,,,
125,hub,smart home hub,topology,multi,DirectIP|HubMediated|MeshLeaf|unsure,DirectIP|HubMediated,author-prior,UNMEASURED,,,247,"IN: IoT hubs, bridges, and Matter/Thread/Zigbee/Z-Wave controllers (SmartThings, Hubitat, Hue Bridge). OUT: plain routers, modems, ONT, and unmanaged switches — transport, not home control.",outstanding-no-verdict,,,,,,,,
126,alarms,home alarm,adminModel,multi,AppOnlyAdmin|CloudPortalAdmin|LocalWebAdmin|NoAdminInterface|unsure,AppOnlyAdmin|CloudPortalAdmin|LocalWebAdmin,author-prior,UNMEASURED,,,89,"IN: consumer home security/alarm systems and their sensors (eufy/Anker HomeBase, Qolsys, Abode, Nexx). OUT: commercial/industrial alarm, fire, and building-monitoring panels.",outstanding-no-verdict,,,,,,,,
127,alarms,home alarm,alsoDeployedIn,multi,Commercial|Industrial|Prosumer|Residential|none|unsure,Commercial,author-prior,UNMEASURED,,,89,"IN: consumer home security/alarm systems and their sensors (eufy/Anker HomeBase, Qolsys, Abode, Nexx). OUT: commercial/industrial alarm, fire, and building-monitoring panels.",outstanding-no-verdict,,,,,,,,
128,alarms,home alarm,credentialModel,multi,AccountBound|CertificateBound|DefaultPassword|ForcedCredentialSetup|NoCredential|unsure,AccountBound|DefaultPassword,author-prior,UNMEASURED,,,89,"IN: consumer home security/alarm systems and their sensors (eufy/Anker HomeBase, Qolsys, Abode, Nexx). OUT: commercial/industrial alarm, fire, and building-monitoring panels.",outstanding-no-verdict,,,,,,,,
129,alarms,home alarm,pairingModel,multi,AccountLinked|BleProvisioned|MeshJoin|QrPaired|SoftApPaired|WpsPaired|unsure,AccountLinked|MeshJoin,author-prior,UNMEASURED,,,89,"IN: consumer home security/alarm systems and their sensors (eufy/Anker HomeBase, Qolsys, Abode, Nexx). OUT: commercial/industrial alarm, fire, and building-monitoring panels.",outstanding-no-verdict,,,,,,,,
130,alarms,home alarm,patchResponsibility,multi,InstallerPatched|Unmaintained|UserPatched|VendorPatched|unsure,InstallerPatched|VendorPatched,author-prior,UNMEASURED,,,89,"IN: consumer home security/alarm systems and their sensors (eufy/Anker HomeBase, Qolsys, Abode, Nexx). OUT: commercial/industrial alarm, fire, and building-monitoring panels.",outstanding-no-verdict,,,,,,,,
131,alarms,home alarm,topology,multi,DirectIP|HubMediated|MeshLeaf|unsure,DirectIP|HubMediated,author-prior,UNMEASURED,,,89,"IN: consumer home security/alarm systems and their sensors (eufy/Anker HomeBase, Qolsys, Abode, Nexx). OUT: commercial/industrial alarm, fire, and building-monitoring panels.",outstanding-no-verdict,,,,,,,,
132,streaming,streaming device,adminModel,multi,AppOnlyAdmin|CloudPortalAdmin|LocalWebAdmin|NoAdminInterface|unsure,AppOnlyAdmin|CloudPortalAdmin,author-prior,UNMEASURED,,,76,"IN: streaming TVs, sticks, and boxes (Google/Android TV, Fire TV, Apple TV, Roku) — qualify as home-control surfaces via criterion 4(b). OUT: game consoles, VR/AR headsets, pure media apps, and tvOS CVEs (scope ruling 2026-07: excluded for volume — see judgment_store.csv `Excluded` column and docs/plans/PLAN_scope_exclusion.md).",outstanding-no-verdict,,,,,,,,
133,streaming,streaming device,alsoDeployedIn,multi,Commercial|Industrial|Prosumer|Residential|none|unsure,none,author-prior,UNMEASURED,,,76,"IN: streaming TVs, sticks, and boxes (Google/Android TV, Fire TV, Apple TV, Roku) — qualify as home-control surfaces via criterion 4(b). OUT: game consoles, VR/AR headsets, pure media apps, and tvOS CVEs (scope ruling 2026-07: excluded for volume — see judgment_store.csv `Excluded` column and docs/plans/PLAN_scope_exclusion.md).",outstanding-no-verdict,,,,,,,,
134,streaming,streaming device,credentialModel,multi,AccountBound|CertificateBound|DefaultPassword|ForcedCredentialSetup|NoCredential|unsure,AccountBound,author-prior,UNMEASURED,,,76,"IN: streaming TVs, sticks, and boxes (Google/Android TV, Fire TV, Apple TV, Roku) — qualify as home-control surfaces via criterion 4(b). OUT: game consoles, VR/AR headsets, pure media apps, and tvOS CVEs (scope ruling 2026-07: excluded for volume — see judgment_store.csv `Excluded` column and docs/plans/PLAN_scope_exclusion.md).",outstanding-no-verdict,,,,,,,,
135,streaming,streaming device,pairingModel,multi,AccountLinked|BleProvisioned|MeshJoin|QrPaired|SoftApPaired|WpsPaired|unsure,AccountLinked|QrPaired,author-prior,UNMEASURED,,,76,"IN: streaming TVs, sticks, and boxes (Google/Android TV, Fire TV, Apple TV, Roku) — qualify as home-control surfaces via criterion 4(b). OUT: game consoles, VR/AR headsets, pure media apps, and tvOS CVEs (scope ruling 2026-07: excluded for volume — see judgment_store.csv `Excluded` column and docs/plans/PLAN_scope_exclusion.md).",outstanding-no-verdict,,,,,,,,
136,streaming,streaming device,patchResponsibility,multi,InstallerPatched|Unmaintained|UserPatched|VendorPatched|unsure,VendorPatched,author-prior,UNMEASURED,,,76,"IN: streaming TVs, sticks, and boxes (Google/Android TV, Fire TV, Apple TV, Roku) — qualify as home-control surfaces via criterion 4(b). OUT: game consoles, VR/AR headsets, pure media apps, and tvOS CVEs (scope ruling 2026-07: excluded for volume — see judgment_store.csv `Excluded` column and docs/plans/PLAN_scope_exclusion.md).",outstanding-no-verdict,,,,,,,,
137,streaming,streaming device,topology,multi,DirectIP|HubMediated|MeshLeaf|unsure,DirectIP,author-prior,UNMEASURED,,,76,"IN: streaming TVs, sticks, and boxes (Google/Android TV, Fire TV, Apple TV, Roku) — qualify as home-control surfaces via criterion 4(b). OUT: game consoles, VR/AR headsets, pure media apps, and tvOS CVEs (scope ruling 2026-07: excluded for volume — see judgment_store.csv `Excluded` column and docs/plans/PLAN_scope_exclusion.md).",outstanding-no-verdict,,,,,,,,
138,ev-charging,EV home charger,adminModel,multi,AppOnlyAdmin|CloudPortalAdmin|LocalWebAdmin|NoAdminInterface|unsure,AppOnlyAdmin|CloudPortalAdmin|LocalWebAdmin,author-prior,UNMEASURED,,,71,"IN: home EVSE/wallbox for a private garage or driveway. OUT: commercial/public/fleet chargers (Iocharger, Circontrol, Raption, eCharge) and the vehicle itself.",outstanding-no-verdict,,,,,,,,
139,ev-charging,EV home charger,alsoDeployedIn,multi,Commercial|Industrial|Prosumer|Residential|none|unsure,Commercial,author-prior,UNMEASURED,,,71,"IN: home EVSE/wallbox for a private garage or driveway. OUT: commercial/public/fleet chargers (Iocharger, Circontrol, Raption, eCharge) and the vehicle itself.",outstanding-no-verdict,,,,,,,,
140,ev-charging,EV home charger,credentialModel,multi,AccountBound|CertificateBound|DefaultPassword|ForcedCredentialSetup|NoCredential|unsure,AccountBound|DefaultPassword,author-prior,UNMEASURED,,,71,"IN: home EVSE/wallbox for a private garage or driveway. OUT: commercial/public/fleet chargers (Iocharger, Circontrol, Raption, eCharge) and the vehicle itself.",outstanding-no-verdict,,,,,,,,
141,ev-charging,EV home charger,pairingModel,multi,AccountLinked|BleProvisioned|MeshJoin|QrPaired|SoftApPaired|WpsPaired|unsure,AccountLinked|WpsPaired,author-prior,UNMEASURED,,,71,"IN: home EVSE/wallbox for a private garage or driveway. OUT: commercial/public/fleet chargers (Iocharger, Circontrol, Raption, eCharge) and the vehicle itself.",outstanding-no-verdict,,,,,,,,
142,ev-charging,EV home charger,patchResponsibility,multi,InstallerPatched|Unmaintained|UserPatched|VendorPatched|unsure,InstallerPatched|VendorPatched,author-prior,UNMEASURED,,,71,"IN: home EVSE/wallbox for a private garage or driveway. OUT: commercial/public/fleet chargers (Iocharger, Circontrol, Raption, eCharge) and the vehicle itself.",outstanding-no-verdict,,,,,,,,
143,ev-charging,EV home charger,topology,multi,DirectIP|HubMediated|MeshLeaf|unsure,DirectIP,author-prior,UNMEASURED,,,71,"IN: home EVSE/wallbox for a private garage or driveway. OUT: commercial/public/fleet chargers (Iocharger, Circontrol, Raption, eCharge) and the vehicle itself.",outstanding-no-verdict,,,,,,,,
144,doorbell,video doorbell,adminModel,multi,AppOnlyAdmin|CloudPortalAdmin|LocalWebAdmin|NoAdminInterface|unsure,AppOnlyAdmin|LocalWebAdmin,author-prior,UNMEASURED,,,45,"IN: video/smart doorbells (Ring, Reolink, Foscam VD, Akuvox). OUT: standalone cameras (classify under cameras) and baby monitors (under babymonitor).",outstanding-no-verdict,,,,,,,,
145,doorbell,video doorbell,alsoDeployedIn,multi,Commercial|Industrial|Prosumer|Residential|none|unsure,Commercial,author-prior,UNMEASURED,,,45,"IN: video/smart doorbells (Ring, Reolink, Foscam VD, Akuvox). OUT: standalone cameras (classify under cameras) and baby monitors (under babymonitor).",outstanding-no-verdict,,,,,,,,
146,doorbell,video doorbell,credentialModel,multi,AccountBound|CertificateBound|DefaultPassword|ForcedCredentialSetup|NoCredential|unsure,AccountBound|DefaultPassword,author-prior,UNMEASURED,,,45,"IN: video/smart doorbells (Ring, Reolink, Foscam VD, Akuvox). OUT: standalone cameras (classify under cameras) and baby monitors (under babymonitor).",outstanding-no-verdict,,,,,,,,
147,doorbell,video doorbell,pairingModel,multi,AccountLinked|BleProvisioned|MeshJoin|QrPaired|SoftApPaired|WpsPaired|unsure,AccountLinked|QrPaired|WpsPaired,author-prior,UNMEASURED,,,45,"IN: video/smart doorbells (Ring, Reolink, Foscam VD, Akuvox). OUT: standalone cameras (classify under cameras) and baby monitors (under babymonitor).",outstanding-no-verdict,,,,,,,,
148,doorbell,video doorbell,patchResponsibility,multi,InstallerPatched|Unmaintained|UserPatched|VendorPatched|unsure,VendorPatched,author-prior,UNMEASURED,,,45,"IN: video/smart doorbells (Ring, Reolink, Foscam VD, Akuvox). OUT: standalone cameras (classify under cameras) and baby monitors (under babymonitor).",outstanding-no-verdict,,,,,,,,
149,doorbell,video doorbell,topology,multi,DirectIP|HubMediated|MeshLeaf|unsure,DirectIP,author-prior,UNMEASURED,,,45,"IN: video/smart doorbells (Ring, Reolink, Foscam VD, Akuvox). OUT: standalone cameras (classify under cameras) and baby monitors (under babymonitor).",outstanding-no-verdict,,,,,,,,
150,home-power,home energy system,adminModel,multi,AppOnlyAdmin|CloudPortalAdmin|LocalWebAdmin|NoAdminInterface|unsure,CloudPortalAdmin|LocalWebAdmin,author-prior,UNMEASURED,,,45,"IN: residential solar inverters, home batteries, and smart meters (SMA, Victron Venus, Enphase, Tesla Powerwall). OUT: utility-scale/commercial PV and grid equipment.",outstanding-no-verdict,,,,,,,,
151,home-power,home energy system,alsoDeployedIn,multi,Commercial|Industrial|Prosumer|Residential|none|unsure,Commercial|Industrial,author-prior,UNMEASURED,,,45,"IN: residential solar inverters, home batteries, and smart meters (SMA, Victron Venus, Enphase, Tesla Powerwall). OUT: utility-scale/commercial PV and grid equipment.",outstanding-no-verdict,,,,,,,,
152,home-power,home energy system,credentialModel,multi,AccountBound|CertificateBound|DefaultPassword|ForcedCredentialSetup|NoCredential|unsure,DefaultPassword,author-prior,UNMEASURED,,,45,"IN: residential solar inverters, home batteries, and smart meters (SMA, Victron Venus, Enphase, Tesla Powerwall). OUT: utility-scale/commercial PV and grid equipment.",outstanding-no-verdict,,,,,,,,
153,home-power,home energy system,pairingModel,multi,AccountLinked|BleProvisioned|MeshJoin|QrPaired|SoftApPaired|WpsPaired|unsure,AccountLinked|WpsPaired,author-prior,UNMEASURED,,,45,"IN: residential solar inverters, home batteries, and smart meters (SMA, Victron Venus, Enphase, Tesla Powerwall). OUT: utility-scale/commercial PV and grid equipment.",outstanding-no-verdict,,,,,,,,
154,home-power,home energy system,patchResponsibility,multi,InstallerPatched|Unmaintained|UserPatched|VendorPatched|unsure,InstallerPatched|VendorPatched,author-prior,UNMEASURED,,,45,"IN: residential solar inverters, home batteries, and smart meters (SMA, Victron Venus, Enphase, Tesla Powerwall). OUT: utility-scale/commercial PV and grid equipment.",outstanding-no-verdict,,,,,,,,
155,home-power,home energy system,topology,multi,DirectIP|HubMediated|MeshLeaf|unsure,DirectIP,author-prior,UNMEASURED,,,45,"IN: residential solar inverters, home batteries, and smart meters (SMA, Victron Venus, Enphase, Tesla Powerwall). OUT: utility-scale/commercial PV and grid equipment.",outstanding-no-verdict,,,,,,,,
156,smartspeakers,smart speaker,adminModel,multi,AppOnlyAdmin|CloudPortalAdmin|LocalWebAdmin|NoAdminInterface|unsure,AppOnlyAdmin|CloudPortalAdmin,author-prior,UNMEASURED,,,38,"IN: consumer smart speakers, smart displays, and smart soundbars (Echo, Nest, HomePod) — qualify as home-control surfaces via criterion 4(b). OUT: plain Bluetooth speakers, headphones, and AV receivers with no assistant/home-control role.",outstanding-no-verdict,,,,,,,,
157,smartspeakers,smart speaker,alsoDeployedIn,multi,Commercial|Industrial|Prosumer|Residential|none|unsure,none,author-prior,UNMEASURED,,,38,"IN: consumer smart speakers, smart displays, and smart soundbars (Echo, Nest, HomePod) — qualify as home-control surfaces via criterion 4(b). OUT: plain Bluetooth speakers, headphones, and AV receivers with no assistant/home-control role.",outstanding-no-verdict,,,,,,,,
158,smartspeakers,smart speaker,credentialModel,multi,AccountBound|CertificateBound|DefaultPassword|ForcedCredentialSetup|NoCredential|unsure,AccountBound,author-prior,UNMEASURED,,,38,"IN: consumer smart speakers, smart displays, and smart soundbars (Echo, Nest, HomePod) — qualify as home-control surfaces via criterion 4(b). OUT: plain Bluetooth speakers, headphones, and AV receivers with no assistant/home-control role.",outstanding-no-verdict,,,,,,,,
159,smartspeakers,smart speaker,pairingModel,multi,AccountLinked|BleProvisioned|MeshJoin|QrPaired|SoftApPaired|WpsPaired|unsure,AccountLinked|BleProvisioned,author-prior,UNMEASURED,,,38,"IN: consumer smart speakers, smart displays, and smart soundbars (Echo, Nest, HomePod) — qualify as home-control surfaces via criterion 4(b). OUT: plain Bluetooth speakers, headphones, and AV receivers with no assistant/home-control role.",outstanding-no-verdict,,,,,,,,
160,smartspeakers,smart speaker,patchResponsibility,multi,InstallerPatched|Unmaintained|UserPatched|VendorPatched|unsure,VendorPatched,author-prior,UNMEASURED,,,38,"IN: consumer smart speakers, smart displays, and smart soundbars (Echo, Nest, HomePod) — qualify as home-control surfaces via criterion 4(b). OUT: plain Bluetooth speakers, headphones, and AV receivers with no assistant/home-control role.",outstanding-no-verdict,,,,,,,,
161,smartspeakers,smart speaker,topology,multi,DirectIP|HubMediated|MeshLeaf|unsure,DirectIP,author-prior,UNMEASURED,,,38,"IN: consumer smart speakers, smart displays, and smart soundbars (Echo, Nest, HomePod) — qualify as home-control surfaces via criterion 4(b). OUT: plain Bluetooth speakers, headphones, and AV receivers with no assistant/home-control role.",outstanding-no-verdict,,,,,,,,
162,smartplugs,smart plug,adminModel,multi,AppOnlyAdmin|CloudPortalAdmin|LocalWebAdmin|NoAdminInterface|unsure,AppOnlyAdmin,author-prior,UNMEASURED,,,37,"IN: consumer smart plugs, outlets, and power strips. OUT: enterprise/data-center PDUs and industrial power management.",outstanding-no-verdict,,,,,,,,
163,smartplugs,smart plug,alsoDeployedIn,multi,Commercial|Industrial|Prosumer|Residential|none|unsure,none,author-prior,UNMEASURED,,,37,"IN: consumer smart plugs, outlets, and power strips. OUT: enterprise/data-center PDUs and industrial power management.",outstanding-no-verdict,,,,,,,,
164,smartplugs,smart plug,credentialModel,multi,AccountBound|CertificateBound|DefaultPassword|ForcedCredentialSetup|NoCredential|unsure,AccountBound|NoCredential,author-prior,UNMEASURED,,,37,"IN: consumer smart plugs, outlets, and power strips. OUT: enterprise/data-center PDUs and industrial power management.",outstanding-no-verdict,,,,,,,,
165,smartplugs,smart plug,pairingModel,multi,AccountLinked|BleProvisioned|MeshJoin|QrPaired|SoftApPaired|WpsPaired|unsure,AccountLinked|MeshJoin|WpsPaired,author-prior,UNMEASURED,,,37,"IN: consumer smart plugs, outlets, and power strips. OUT: enterprise/data-center PDUs and industrial power management.",outstanding-no-verdict,,,,,,,,
166,smartplugs,smart plug,patchResponsibility,multi,InstallerPatched|Unmaintained|UserPatched|VendorPatched|unsure,UserPatched,author-prior,UNMEASURED,,,37,"IN: consumer smart plugs, outlets, and power strips. OUT: enterprise/data-center PDUs and industrial power management.",outstanding-no-verdict,,,,,,,,
167,smartplugs,smart plug,topology,multi,DirectIP|HubMediated|MeshLeaf|unsure,DirectIP|MeshLeaf,author-prior,UNMEASURED,,,37,"IN: consumer smart plugs, outlets, and power strips. OUT: enterprise/data-center PDUs and industrial power management.",outstanding-no-verdict,,,,,,,,
168,doorlock,smart lock,adminModel,multi,AppOnlyAdmin|CloudPortalAdmin|LocalWebAdmin|NoAdminInterface|unsure,AppOnlyAdmin,author-prior,UNMEASURED,,,36,"IN: residential smart locks and garage-door openers (Yale, August, Tinxy, SGUDA, Genie Aladdin, Zigbee lock stacks). OUT: commercial/enterprise access-control panels and building door controllers.",outstanding-no-verdict,,,,,,,,
169,doorlock,smart lock,alsoDeployedIn,multi,Commercial|Industrial|Prosumer|Residential|none|unsure,none,author-prior,UNMEASURED,,,36,"IN: residential smart locks and garage-door openers (Yale, August, Tinxy, SGUDA, Genie Aladdin, Zigbee lock stacks). OUT: commercial/enterprise access-control panels and building door controllers.",outstanding-no-verdict,,,,,,,,
170,doorlock,smart lock,credentialModel,multi,AccountBound|CertificateBound|DefaultPassword|ForcedCredentialSetup|NoCredential|unsure,AccountBound|NoCredential,author-prior,UNMEASURED,,,36,"IN: residential smart locks and garage-door openers (Yale, August, Tinxy, SGUDA, Genie Aladdin, Zigbee lock stacks). OUT: commercial/enterprise access-control panels and building door controllers.",outstanding-no-verdict,,,,,,,,
171,doorlock,smart lock,pairingModel,multi,AccountLinked|BleProvisioned|MeshJoin|QrPaired|SoftApPaired|WpsPaired|unsure,AccountLinked|BleProvisioned|MeshJoin,author-prior,UNMEASURED,,,36,"IN: residential smart locks and garage-door openers (Yale, August, Tinxy, SGUDA, Genie Aladdin, Zigbee lock stacks). OUT: commercial/enterprise access-control panels and building door controllers.",outstanding-no-verdict,,,,,,,,
172,doorlock,smart lock,patchResponsibility,multi,InstallerPatched|Unmaintained|UserPatched|VendorPatched|unsure,UserPatched,author-prior,UNMEASURED,,,36,"IN: residential smart locks and garage-door openers (Yale, August, Tinxy, SGUDA, Genie Aladdin, Zigbee lock stacks). OUT: commercial/enterprise access-control panels and building door controllers.",outstanding-no-verdict,,,,,,,,
173,doorlock,smart lock,topology,multi,DirectIP|HubMediated|MeshLeaf|unsure,HubMediated|MeshLeaf,author-prior,UNMEASURED,,,36,"IN: residential smart locks and garage-door openers (Yale, August, Tinxy, SGUDA, Genie Aladdin, Zigbee lock stacks). OUT: commercial/enterprise access-control panels and building door controllers.",outstanding-no-verdict,,,,,,,,
174,pet,smart pet device,adminModel,multi,AppOnlyAdmin|CloudPortalAdmin|LocalWebAdmin|NoAdminInterface|unsure,AppOnlyAdmin,author-prior,UNMEASURED,,,35,"IN: consumer smart pet feeders, pet cameras, and litter boxes. OUT: commercial/veterinary/livestock equipment.",outstanding-no-verdict,,,,,,,,
175,pet,smart pet device,alsoDeployedIn,multi,Commercial|Industrial|Prosumer|Residential|none|unsure,none,author-prior,UNMEASURED,,,35,"IN: consumer smart pet feeders, pet cameras, and litter boxes. OUT: commercial/veterinary/livestock equipment.",outstanding-no-verdict,,,,,,,,
176,pet,smart pet device,credentialModel,multi,AccountBound|CertificateBound|DefaultPassword|ForcedCredentialSetup|NoCredential|unsure,AccountBound,author-prior,UNMEASURED,,,35,"IN: consumer smart pet feeders, pet cameras, and litter boxes. OUT: commercial/veterinary/livestock equipment.",outstanding-no-verdict,,,,,,,,
177,pet,smart pet device,pairingModel,multi,AccountLinked|BleProvisioned|MeshJoin|QrPaired|SoftApPaired|WpsPaired|unsure,AccountLinked|WpsPaired,author-prior,UNMEASURED,,,35,"IN: consumer smart pet feeders, pet cameras, and litter boxes. OUT: commercial/veterinary/livestock equipment.",outstanding-no-verdict,,,,,,,,
178,pet,smart pet device,patchResponsibility,multi,InstallerPatched|Unmaintained|UserPatched|VendorPatched|unsure,VendorPatched,author-prior,UNMEASURED,,,35,"IN: consumer smart pet feeders, pet cameras, and litter boxes. OUT: commercial/veterinary/livestock equipment.",outstanding-no-verdict,,,,,,,,
179,pet,smart pet device,topology,multi,DirectIP|HubMediated|MeshLeaf|unsure,DirectIP,author-prior,UNMEASURED,,,35,"IN: consumer smart pet feeders, pet cameras, and litter boxes. OUT: commercial/veterinary/livestock equipment.",outstanding-no-verdict,,,,,,,,
180,lighting,smart lighting,adminModel,multi,AppOnlyAdmin|CloudPortalAdmin|LocalWebAdmin|NoAdminInterface|unsure,AppOnlyAdmin,author-prior,UNMEASURED,,,33,"IN: consumer smart bulbs, light/dimmer/wall switches, and LED controllers (Hue, LIFX). OUT: phone 'Smart Switch' data-migration software, network switches, and apps/plugins that merely reference lighting.",outstanding-no-verdict,,,,,,,,
181,lighting,smart lighting,alsoDeployedIn,multi,Commercial|Industrial|Prosumer|Residential|none|unsure,none,author-prior,UNMEASURED,,,33,"IN: consumer smart bulbs, light/dimmer/wall switches, and LED controllers (Hue, LIFX). OUT: phone 'Smart Switch' data-migration software, network switches, and apps/plugins that merely reference lighting.",outstanding-no-verdict,,,,,,,,
182,lighting,smart lighting,credentialModel,multi,AccountBound|CertificateBound|DefaultPassword|ForcedCredentialSetup|NoCredential|unsure,AccountBound|NoCredential,author-prior,UNMEASURED,,,33,"IN: consumer smart bulbs, light/dimmer/wall switches, and LED controllers (Hue, LIFX). OUT: phone 'Smart Switch' data-migration software, network switches, and apps/plugins that merely reference lighting.",outstanding-no-verdict,,,,,,,,
183,lighting,smart lighting,pairingModel,multi,AccountLinked|BleProvisioned|MeshJoin|QrPaired|SoftApPaired|WpsPaired|unsure,BleProvisioned|MeshJoin|WpsPaired,author-prior,UNMEASURED,,,33,"IN: consumer smart bulbs, light/dimmer/wall switches, and LED controllers (Hue, LIFX). OUT: phone 'Smart Switch' data-migration software, network switches, and apps/plugins that merely reference lighting.",outstanding-no-verdict,,,,,,,,
184,lighting,smart lighting,patchResponsibility,multi,InstallerPatched|Unmaintained|UserPatched|VendorPatched|unsure,UserPatched,author-prior,UNMEASURED,,,33,"IN: consumer smart bulbs, light/dimmer/wall switches, and LED controllers (Hue, LIFX). OUT: phone 'Smart Switch' data-migration software, network switches, and apps/plugins that merely reference lighting.",outstanding-no-verdict,,,,,,,,
185,lighting,smart lighting,topology,multi,DirectIP|HubMediated|MeshLeaf|unsure,DirectIP|HubMediated|MeshLeaf,author-prior,UNMEASURED,,,33,"IN: consumer smart bulbs, light/dimmer/wall switches, and LED controllers (Hue, LIFX). OUT: phone 'Smart Switch' data-migration software, network switches, and apps/plugins that merely reference lighting.",outstanding-no-verdict,,,,,,,,
186,robotvacuum,robot vacuum,adminModel,multi,AppOnlyAdmin|CloudPortalAdmin|LocalWebAdmin|NoAdminInterface|unsure,AppOnlyAdmin,author-prior,UNMEASURED,,,27,IN: consumer robot vacuums and mops. OUT: industrial/commercial cleaning robots.,outstanding-no-verdict,,,,,,,,
187,robotvacuum,robot vacuum,alsoDeployedIn,multi,Commercial|Industrial|Prosumer|Residential|none|unsure,none,author-prior,UNMEASURED,,,27,IN: consumer robot vacuums and mops. OUT: industrial/commercial cleaning robots.,outstanding-no-verdict,,,,,,,,
188,robotvacuum,robot vacuum,credentialModel,multi,AccountBound|CertificateBound|DefaultPassword|ForcedCredentialSetup|NoCredential|unsure,AccountBound,author-prior,UNMEASURED,,,27,IN: consumer robot vacuums and mops. OUT: industrial/commercial cleaning robots.,outstanding-no-verdict,,,,,,,,
189,robotvacuum,robot vacuum,pairingModel,multi,AccountLinked|BleProvisioned|MeshJoin|QrPaired|SoftApPaired|WpsPaired|unsure,AccountLinked|WpsPaired,author-prior,UNMEASURED,,,27,IN: consumer robot vacuums and mops. OUT: industrial/commercial cleaning robots.,outstanding-no-verdict,,,,,,,,
190,robotvacuum,robot vacuum,patchResponsibility,multi,InstallerPatched|Unmaintained|UserPatched|VendorPatched|unsure,VendorPatched,author-prior,UNMEASURED,,,27,IN: consumer robot vacuums and mops. OUT: industrial/commercial cleaning robots.,outstanding-no-verdict,,,,,,,,
191,robotvacuum,robot vacuum,topology,multi,DirectIP|HubMediated|MeshLeaf|unsure,DirectIP,author-prior,UNMEASURED,,,27,IN: consumer robot vacuums and mops. OUT: industrial/commercial cleaning robots.,outstanding-no-verdict,,,,,,,,
192,garden,smart garden,adminModel,multi,AppOnlyAdmin|CloudPortalAdmin|LocalWebAdmin|NoAdminInterface|unsure,AppOnlyAdmin|LocalWebAdmin,author-prior,UNMEASURED,,,19,"IN: consumer irrigation controllers and robot mowers (RainMachine, Rachio, ECOVACS/Yarbo mowers). OUT: commercial/agricultural irrigation and turf equipment.",outstanding-no-verdict,,,,,,,,
193,garden,smart garden,alsoDeployedIn,multi,Commercial|Industrial|Prosumer|Residential|none|unsure,Commercial,author-prior,UNMEASURED,,,19,"IN: consumer irrigation controllers and robot mowers (RainMachine, Rachio, ECOVACS/Yarbo mowers). OUT: commercial/agricultural irrigation and turf equipment.",outstanding-no-verdict,,,,,,,,
194,garden,smart garden,credentialModel,multi,AccountBound|CertificateBound|DefaultPassword|ForcedCredentialSetup|NoCredential|unsure,AccountBound|DefaultPassword,author-prior,UNMEASURED,,,19,"IN: consumer irrigation controllers and robot mowers (RainMachine, Rachio, ECOVACS/Yarbo mowers). OUT: commercial/agricultural irrigation and turf equipment.",outstanding-no-verdict,,,,,,,,
195,garden,smart garden,pairingModel,multi,AccountLinked|BleProvisioned|MeshJoin|QrPaired|SoftApPaired|WpsPaired|unsure,AccountLinked|BleProvisioned|WpsPaired,author-prior,UNMEASURED,,,19,"IN: consumer irrigation controllers and robot mowers (RainMachine, Rachio, ECOVACS/Yarbo mowers). OUT: commercial/agricultural irrigation and turf equipment.",outstanding-no-verdict,,,,,,,,
196,garden,smart garden,patchResponsibility,multi,InstallerPatched|Unmaintained|UserPatched|VendorPatched|unsure,VendorPatched,author-prior,UNMEASURED,,,19,"IN: consumer irrigation controllers and robot mowers (RainMachine, Rachio, ECOVACS/Yarbo mowers). OUT: commercial/agricultural irrigation and turf equipment.",outstanding-no-verdict,,,,,,,,
197,garden,smart garden,topology,multi,DirectIP|HubMediated|MeshLeaf|unsure,DirectIP,author-prior,UNMEASURED,,,19,"IN: consumer irrigation controllers and robot mowers (RainMachine, Rachio, ECOVACS/Yarbo mowers). OUT: commercial/agricultural irrigation and turf equipment.",outstanding-no-verdict,,,,,,,,
198,babymonitor,baby monitor,adminModel,multi,AppOnlyAdmin|CloudPortalAdmin|LocalWebAdmin|NoAdminInterface|unsure,AppOnlyAdmin|LocalWebAdmin,author-prior,UNMEASURED,,,18,IN: dedicated consumer baby monitors. OUT: generic IP cameras not sold as baby monitors (classify under cameras) and any enterprise surveillance gear.,outstanding-no-verdict,,,,,,,,
199,babymonitor,baby monitor,alsoDeployedIn,multi,Commercial|Industrial|Prosumer|Residential|none|unsure,none,author-prior,UNMEASURED,,,18,IN: dedicated consumer baby monitors. OUT: generic IP cameras not sold as baby monitors (classify under cameras) and any enterprise surveillance gear.,outstanding-no-verdict,,,,,,,,
200,babymonitor,baby monitor,credentialModel,multi,AccountBound|CertificateBound|DefaultPassword|ForcedCredentialSetup|NoCredential|unsure,AccountBound|DefaultPassword,author-prior,UNMEASURED,,,18,IN: dedicated consumer baby monitors. OUT: generic IP cameras not sold as baby monitors (classify under cameras) and any enterprise surveillance gear.,outstanding-no-verdict,,,,,,,,
201,babymonitor,baby monitor,pairingModel,multi,AccountLinked|BleProvisioned|MeshJoin|QrPaired|SoftApPaired|WpsPaired|unsure,AccountLinked|QrPaired|WpsPaired,author-prior,UNMEASURED,,,18,IN: dedicated consumer baby monitors. OUT: generic IP cameras not sold as baby monitors (classify under cameras) and any enterprise surveillance gear.,outstanding-no-verdict,,,,,,,,
202,babymonitor,baby monitor,patchResponsibility,multi,InstallerPatched|Unmaintained|UserPatched|VendorPatched|unsure,UserPatched,author-prior,UNMEASURED,,,18,IN: dedicated consumer baby monitors. OUT: generic IP cameras not sold as baby monitors (classify under cameras) and any enterprise surveillance gear.,outstanding-no-verdict,,,,,,,,
203,babymonitor,baby monitor,topology,multi,DirectIP|HubMediated|MeshLeaf|unsure,DirectIP,author-prior,UNMEASURED,,,18,IN: dedicated consumer baby monitors. OUT: generic IP cameras not sold as baby monitors (classify under cameras) and any enterprise surveillance gear.,outstanding-no-verdict,,,,,,,,
204,thermostat,smart thermostat,adminModel,multi,AppOnlyAdmin|CloudPortalAdmin|LocalWebAdmin|NoAdminInterface|unsure,AppOnlyAdmin,author-prior,UNMEASURED,,,18,IN: residential smart thermostats. OUT: commercial building-management/HVAC controllers and industrial climate systems.,outstanding-no-verdict,,,,,,,,
205,thermostat,smart thermostat,alsoDeployedIn,multi,Commercial|Industrial|Prosumer|Residential|none|unsure,Commercial,author-prior,UNMEASURED,,,18,IN: residential smart thermostats. OUT: commercial building-management/HVAC controllers and industrial climate systems.,outstanding-no-verdict,,,,,,,,
206,thermostat,smart thermostat,credentialModel,multi,AccountBound|CertificateBound|DefaultPassword|ForcedCredentialSetup|NoCredential|unsure,AccountBound,author-prior,UNMEASURED,,,18,IN: residential smart thermostats. OUT: commercial building-management/HVAC controllers and industrial climate systems.,outstanding-no-verdict,,,,,,,,
207,thermostat,smart thermostat,pairingModel,multi,AccountLinked|BleProvisioned|MeshJoin|QrPaired|SoftApPaired|WpsPaired|unsure,AccountLinked|MeshJoin|WpsPaired,author-prior,UNMEASURED,,,18,IN: residential smart thermostats. OUT: commercial building-management/HVAC controllers and industrial climate systems.,outstanding-no-verdict,,,,,,,,
208,thermostat,smart thermostat,patchResponsibility,multi,InstallerPatched|Unmaintained|UserPatched|VendorPatched|unsure,VendorPatched,author-prior,UNMEASURED,,,18,IN: residential smart thermostats. OUT: commercial building-management/HVAC controllers and industrial climate systems.,outstanding-no-verdict,,,,,,,,
209,thermostat,smart thermostat,topology,multi,DirectIP|HubMediated|MeshLeaf|unsure,DirectIP|MeshLeaf,author-prior,UNMEASURED,,,18,IN: residential smart thermostats. OUT: commercial building-management/HVAC controllers and industrial climate systems.,outstanding-no-verdict,,,,,,,,
210,airconditioner,smart air conditioner,adminModel,multi,AppOnlyAdmin|CloudPortalAdmin|LocalWebAdmin|NoAdminInterface|unsure,AppOnlyAdmin,author-prior,UNMEASURED,,,5,IN: consumer smart/Wi-Fi air conditioners and mini-splits with app control. OUT: commercial rooftop units and industrial HVAC.,outstanding-no-verdict,,,,,,,,
211,airconditioner,smart air conditioner,alsoDeployedIn,multi,Commercial|Industrial|Prosumer|Residential|none|unsure,Commercial,author-prior,UNMEASURED,,,5,IN: consumer smart/Wi-Fi air conditioners and mini-splits with app control. OUT: commercial rooftop units and industrial HVAC.,outstanding-no-verdict,,,,,,,,
212,airconditioner,smart air conditioner,credentialModel,multi,AccountBound|CertificateBound|DefaultPassword|ForcedCredentialSetup|NoCredential|unsure,AccountBound|DefaultPassword,author-prior,UNMEASURED,,,5,IN: consumer smart/Wi-Fi air conditioners and mini-splits with app control. OUT: commercial rooftop units and industrial HVAC.,outstanding-no-verdict,,,,,,,,
213,airconditioner,smart air conditioner,pairingModel,multi,AccountLinked|BleProvisioned|MeshJoin|QrPaired|SoftApPaired|WpsPaired|unsure,AccountLinked|WpsPaired,author-prior,UNMEASURED,,,5,IN: consumer smart/Wi-Fi air conditioners and mini-splits with app control. OUT: commercial rooftop units and industrial HVAC.,outstanding-no-verdict,,,,,,,,
214,airconditioner,smart air conditioner,patchResponsibility,multi,InstallerPatched|Unmaintained|UserPatched|VendorPatched|unsure,InstallerPatched|UserPatched,author-prior,UNMEASURED,,,5,IN: consumer smart/Wi-Fi air conditioners and mini-splits with app control. OUT: commercial rooftop units and industrial HVAC.,outstanding-no-verdict,,,,,,,,
215,airconditioner,smart air conditioner,topology,multi,DirectIP|HubMediated|MeshLeaf|unsure,DirectIP,author-prior,UNMEASURED,,,5,IN: consumer smart/Wi-Fi air conditioners and mini-splits with app control. OUT: commercial rooftop units and industrial HVAC.,outstanding-no-verdict,,,,,,,,
216,sensors,home sensor,adminModel,multi,AppOnlyAdmin|CloudPortalAdmin|LocalWebAdmin|NoAdminInterface|unsure,AppOnlyAdmin|NoAdminInterface,author-prior,UNMEASURED,,,4,"IN: consumer home sensors — motion, contact, leak, temperature, air-quality, presence. OUT: industrial/enterprise sensors and PLC/SCADA field devices.",outstanding-no-verdict,,,,,,,,
217,sensors,home sensor,alsoDeployedIn,multi,Commercial|Industrial|Prosumer|Residential|none|unsure,none,author-prior,UNMEASURED,,,4,"IN: consumer home sensors — motion, contact, leak, temperature, air-quality, presence. OUT: industrial/enterprise sensors and PLC/SCADA field devices.",outstanding-no-verdict,,,,,,,,
218,sensors,home sensor,credentialModel,multi,AccountBound|CertificateBound|DefaultPassword|ForcedCredentialSetup|NoCredential|unsure,NoCredential,author-prior,UNMEASURED,,,4,"IN: consumer home sensors — motion, contact, leak, temperature, air-quality, presence. OUT: industrial/enterprise sensors and PLC/SCADA field devices.",outstanding-no-verdict,,,,,,,,
219,sensors,home sensor,pairingModel,multi,AccountLinked|BleProvisioned|MeshJoin|QrPaired|SoftApPaired|WpsPaired|unsure,BleProvisioned|MeshJoin,author-prior,UNMEASURED,,,4,"IN: consumer home sensors — motion, contact, leak, temperature, air-quality, presence. OUT: industrial/enterprise sensors and PLC/SCADA field devices.",outstanding-no-verdict,,,,,,,,
220,sensors,home sensor,patchResponsibility,multi,InstallerPatched|Unmaintained|UserPatched|VendorPatched|unsure,UserPatched,author-prior,UNMEASURED,,,4,"IN: consumer home sensors — motion, contact, leak, temperature, air-quality, presence. OUT: industrial/enterprise sensors and PLC/SCADA field devices.",outstanding-no-verdict,,,,,,,,
221,sensors,home sensor,topology,multi,DirectIP|HubMediated|MeshLeaf|unsure,HubMediated|MeshLeaf,author-prior,UNMEASURED,,,4,"IN: consumer home sensors — motion, contact, leak, temperature, air-quality, presence. OUT: industrial/enterprise sensors and PLC/SCADA field devices.",outstanding-no-verdict,,,,,,,,
222,appliances,smart appliance,adminModel,multi,AppOnlyAdmin|CloudPortalAdmin|LocalWebAdmin|NoAdminInterface|unsure,AppOnlyAdmin,author-prior,UNMEASURED,,,3,"IN: consumer smart kitchen/laundry appliances — oven, range, cooker, microwave, dishwasher, washer, dryer, water heater. OUT: commercial/industrial appliances.",outstanding-no-verdict,,,,,,,,
223,appliances,smart appliance,alsoDeployedIn,multi,Commercial|Industrial|Prosumer|Residential|none|unsure,none,author-prior,UNMEASURED,,,3,"IN: consumer smart kitchen/laundry appliances — oven, range, cooker, microwave, dishwasher, washer, dryer, water heater. OUT: commercial/industrial appliances.",outstanding-no-verdict,,,,,,,,
224,appliances,smart appliance,credentialModel,multi,AccountBound|CertificateBound|DefaultPassword|ForcedCredentialSetup|NoCredential|unsure,AccountBound,author-prior,UNMEASURED,,,3,"IN: consumer smart kitchen/laundry appliances — oven, range, cooker, microwave, dishwasher, washer, dryer, water heater. OUT: commercial/industrial appliances.",outstanding-no-verdict,,,,,,,,
225,appliances,smart appliance,pairingModel,multi,AccountLinked|BleProvisioned|MeshJoin|QrPaired|SoftApPaired|WpsPaired|unsure,AccountLinked|WpsPaired,author-prior,UNMEASURED,,,3,"IN: consumer smart kitchen/laundry appliances — oven, range, cooker, microwave, dishwasher, washer, dryer, water heater. OUT: commercial/industrial appliances.",outstanding-no-verdict,,,,,,,,
226,appliances,smart appliance,patchResponsibility,multi,InstallerPatched|Unmaintained|UserPatched|VendorPatched|unsure,VendorPatched,author-prior,UNMEASURED,,,3,"IN: consumer smart kitchen/laundry appliances — oven, range, cooker, microwave, dishwasher, washer, dryer, water heater. OUT: commercial/industrial appliances.",outstanding-no-verdict,,,,,,,,
227,appliances,smart appliance,topology,multi,DirectIP|HubMediated|MeshLeaf|unsure,DirectIP,author-prior,UNMEASURED,,,3,"IN: consumer smart kitchen/laundry appliances — oven, range, cooker, microwave, dishwasher, washer, dryer, water heater. OUT: commercial/industrial appliances.",outstanding-no-verdict,,,,,,,,
228,fridge,smart refrigerator,adminModel,multi,AppOnlyAdmin|CloudPortalAdmin|LocalWebAdmin|NoAdminInterface|unsure,AppOnlyAdmin,author-prior,UNMEASURED,,,3,IN: consumer smart refrigerators. OUT: commercial/industrial refrigeration.,outstanding-no-verdict,,,,,,,,
229,fridge,smart refrigerator,alsoDeployedIn,multi,Commercial|Industrial|Prosumer|Residential|none|unsure,none,author-prior,UNMEASURED,,,3,IN: consumer smart refrigerators. OUT: commercial/industrial refrigeration.,outstanding-no-verdict,,,,,,,,
230,fridge,smart refrigerator,credentialModel,multi,AccountBound|CertificateBound|DefaultPassword|ForcedCredentialSetup|NoCredential|unsure,AccountBound,author-prior,UNMEASURED,,,3,IN: consumer smart refrigerators. OUT: commercial/industrial refrigeration.,outstanding-no-verdict,,,,,,,,
231,fridge,smart refrigerator,pairingModel,multi,AccountLinked|BleProvisioned|MeshJoin|QrPaired|SoftApPaired|WpsPaired|unsure,AccountLinked|WpsPaired,author-prior,UNMEASURED,,,3,IN: consumer smart refrigerators. OUT: commercial/industrial refrigeration.,outstanding-no-verdict,,,,,,,,
232,fridge,smart refrigerator,patchResponsibility,multi,InstallerPatched|Unmaintained|UserPatched|VendorPatched|unsure,VendorPatched,author-prior,UNMEASURED,,,3,IN: consumer smart refrigerators. OUT: commercial/industrial refrigeration.,outstanding-no-verdict,,,,,,,,
233,fridge,smart refrigerator,topology,multi,DirectIP|HubMediated|MeshLeaf|unsure,DirectIP,author-prior,UNMEASURED,,,3,IN: consumer smart refrigerators. OUT: commercial/industrial refrigeration.,outstanding-no-verdict,,,,,,,,
234,airpurifier,air purifier,adminModel,multi,AppOnlyAdmin|CloudPortalAdmin|LocalWebAdmin|NoAdminInterface|unsure,AppOnlyAdmin,author-prior,UNMEASURED,,,2,IN: consumer smart air purifiers. OUT: commercial/industrial air-handling and filtration systems.,outstanding-no-verdict,,,,,,,,
235,airpurifier,air purifier,alsoDeployedIn,multi,Commercial|Industrial|Prosumer|Residential|none|unsure,none,author-prior,UNMEASURED,,,2,IN: consumer smart air purifiers. OUT: commercial/industrial air-handling and filtration systems.,outstanding-no-verdict,,,,,,,,
236,airpurifier,air purifier,credentialModel,multi,AccountBound|CertificateBound|DefaultPassword|ForcedCredentialSetup|NoCredential|unsure,AccountBound,author-prior,UNMEASURED,,,2,IN: consumer smart air purifiers. OUT: commercial/industrial air-handling and filtration systems.,outstanding-no-verdict,,,,,,,,
237,airpurifier,air purifier,pairingModel,multi,AccountLinked|BleProvisioned|MeshJoin|QrPaired|SoftApPaired|WpsPaired|unsure,AccountLinked|WpsPaired,author-prior,UNMEASURED,,,2,IN: consumer smart air purifiers. OUT: commercial/industrial air-handling and filtration systems.,outstanding-no-verdict,,,,,,,,
238,airpurifier,air purifier,patchResponsibility,multi,InstallerPatched|Unmaintained|UserPatched|VendorPatched|unsure,UserPatched,author-prior,UNMEASURED,,,2,IN: consumer smart air purifiers. OUT: commercial/industrial air-handling and filtration systems.,outstanding-no-verdict,,,,,,,,
239,airpurifier,air purifier,topology,multi,DirectIP|HubMediated|MeshLeaf|unsure,DirectIP,author-prior,UNMEASURED,,,2,IN: consumer smart air purifiers. OUT: commercial/industrial air-handling and filtration systems.,outstanding-no-verdict,,,,,,,,
240,fans,smart fan,adminModel,multi,AppOnlyAdmin|CloudPortalAdmin|LocalWebAdmin|NoAdminInterface|unsure,AppOnlyAdmin,author-prior,UNMEASURED,,,1,"IN: consumer smart/connected fans (ceiling, tower, pedestal). OUT: industrial/commercial ventilation and exhaust systems.",outstanding-no-verdict,,,,,,,,
241,fans,smart fan,alsoDeployedIn,multi,Commercial|Industrial|Prosumer|Residential|none|unsure,none,author-prior,UNMEASURED,,,1,"IN: consumer smart/connected fans (ceiling, tower, pedestal). OUT: industrial/commercial ventilation and exhaust systems.",outstanding-no-verdict,,,,,,,,
242,fans,smart fan,credentialModel,multi,AccountBound|CertificateBound|DefaultPassword|ForcedCredentialSetup|NoCredential|unsure,AccountBound,author-prior,UNMEASURED,,,1,"IN: consumer smart/connected fans (ceiling, tower, pedestal). OUT: industrial/commercial ventilation and exhaust systems.",outstanding-no-verdict,,,,,,,,
243,fans,smart fan,pairingModel,multi,AccountLinked|BleProvisioned|MeshJoin|QrPaired|SoftApPaired|WpsPaired|unsure,AccountLinked|WpsPaired,author-prior,UNMEASURED,,,1,"IN: consumer smart/connected fans (ceiling, tower, pedestal). OUT: industrial/commercial ventilation and exhaust systems.",outstanding-no-verdict,,,,,,,,
244,fans,smart fan,patchResponsibility,multi,InstallerPatched|Unmaintained|UserPatched|VendorPatched|unsure,UserPatched,author-prior,UNMEASURED,,,1,"IN: consumer smart/connected fans (ceiling, tower, pedestal). OUT: industrial/commercial ventilation and exhaust systems.",outstanding-no-verdict,,,,,,,,
245,fans,smart fan,topology,multi,DirectIP|HubMediated|MeshLeaf|unsure,DirectIP|MeshLeaf,author-prior,UNMEASURED,,,1,"IN: consumer smart/connected fans (ceiling, tower, pedestal). OUT: industrial/commercial ventilation and exhaust systems.",outstanding-no-verdict,,,,,,,,
246,shades,smart blinds,adminModel,multi,AppOnlyAdmin|CloudPortalAdmin|LocalWebAdmin|NoAdminInterface|unsure,AppOnlyAdmin,author-prior,UNMEASURED,,,0,"IN: consumer smart blinds, shades, curtains, shutters and their motors/controllers. OUT: commercial/industrial window and facade systems.",outstanding-no-verdict,,,,,,,,
247,shades,smart blinds,alsoDeployedIn,multi,Commercial|Industrial|Prosumer|Residential|none|unsure,Commercial,author-prior,UNMEASURED,,,0,"IN: consumer smart blinds, shades, curtains, shutters and their motors/controllers. OUT: commercial/industrial window and facade systems.",outstanding-no-verdict,,,,,,,,
248,shades,smart blinds,credentialModel,multi,AccountBound|CertificateBound|DefaultPassword|ForcedCredentialSetup|NoCredential|unsure,AccountBound|NoCredential,author-prior,UNMEASURED,,,0,"IN: consumer smart blinds, shades, curtains, shutters and their motors/controllers. OUT: commercial/industrial window and facade systems.",outstanding-no-verdict,,,,,,,,
249,shades,smart blinds,pairingModel,multi,AccountLinked|BleProvisioned|MeshJoin|QrPaired|SoftApPaired|WpsPaired|unsure,BleProvisioned|MeshJoin,author-prior,UNMEASURED,,,0,"IN: consumer smart blinds, shades, curtains, shutters and their motors/controllers. OUT: commercial/industrial window and facade systems.",outstanding-no-verdict,,,,,,,,
250,shades,smart blinds,patchResponsibility,multi,InstallerPatched|Unmaintained|UserPatched|VendorPatched|unsure,UserPatched,author-prior,UNMEASURED,,,0,"IN: consumer smart blinds, shades, curtains, shutters and their motors/controllers. OUT: commercial/industrial window and facade systems.",outstanding-no-verdict,,,,,,,,
251,shades,smart blinds,topology,multi,DirectIP|HubMediated|MeshLeaf|unsure,HubMediated|MeshLeaf,author-prior,UNMEASURED,,,0,"IN: consumer smart blinds, shades, curtains, shutters and their motors/controllers. OUT: commercial/industrial window and facade systems.",outstanding-no-verdict,,,,,,,,
252,sleeptracker,sleep tracker,adminModel,multi,AppOnlyAdmin|CloudPortalAdmin|LocalWebAdmin|NoAdminInterface|unsure,AppOnlyAdmin,author-prior,UNMEASURED,,,0,"IN: bedside / non-wearable sleep monitors. OUT: wrist wearables and fitness trackers (Fitbit, Apple Watch, Garmin).",outstanding-no-verdict,,,,,,,,
253,sleeptracker,sleep tracker,alsoDeployedIn,multi,Commercial|Industrial|Prosumer|Residential|none|unsure,none,author-prior,UNMEASURED,,,0,"IN: bedside / non-wearable sleep monitors. OUT: wrist wearables and fitness trackers (Fitbit, Apple Watch, Garmin).",outstanding-no-verdict,,,,,,,,
254,sleeptracker,sleep tracker,credentialModel,multi,AccountBound|CertificateBound|DefaultPassword|ForcedCredentialSetup|NoCredential|unsure,AccountBound,author-prior,UNMEASURED,,,0,"IN: bedside / non-wearable sleep monitors. OUT: wrist wearables and fitness trackers (Fitbit, Apple Watch, Garmin).",outstanding-no-verdict,,,,,,,,
255,sleeptracker,sleep tracker,pairingModel,multi,AccountLinked|BleProvisioned|MeshJoin|QrPaired|SoftApPaired|WpsPaired|unsure,AccountLinked|BleProvisioned,author-prior,UNMEASURED,,,0,"IN: bedside / non-wearable sleep monitors. OUT: wrist wearables and fitness trackers (Fitbit, Apple Watch, Garmin).",outstanding-no-verdict,,,,,,,,
256,sleeptracker,sleep tracker,patchResponsibility,multi,InstallerPatched|Unmaintained|UserPatched|VendorPatched|unsure,VendorPatched,author-prior,UNMEASURED,,,0,"IN: bedside / non-wearable sleep monitors. OUT: wrist wearables and fitness trackers (Fitbit, Apple Watch, Garmin).",outstanding-no-verdict,,,,,,,,
257,sleeptracker,sleep tracker,topology,multi,DirectIP|HubMediated|MeshLeaf|unsure,DirectIP,author-prior,UNMEASURED,,,0,"IN: bedside / non-wearable sleep monitors. OUT: wrist wearables and fitness trackers (Fitbit, Apple Watch, Garmin).",outstanding-no-verdict,,,,,,,,
258,cameras,security camera,cloudDependence,single,CloudOptional|CloudRequired|LocalOnly|unsure,CloudOptional,phase-a-cve-weighted,summary-defensible,0.4455,grouping-only,881,"IN: consumer IP/Wi-Fi/battery security cameras and home DVR/NVR. OUT: enterprise NVR/VMS/SAN and cloud gateways (Hikvision Hybrid SAN, Dahua DSS, Pelco professional, wireless bridges). Video doorbells belong to doorbell; baby monitors to babymonitor.",outstanding-no-verdict,,,,,,,,
259,cameras,security camera,dataSensitivity,single,AvStreamData|BiometricData|NoData|TelemetryData|unsure,AvStreamData,phase-a-cve-weighted,summary-defensible,0.5946,grouping-only,881,"IN: consumer IP/Wi-Fi/battery security cameras and home DVR/NVR. OUT: enterprise NVR/VMS/SAN and cloud gateways (Hikvision Hybrid SAN, Dahua DSS, Pelco professional, wireless bridges). Video doorbells belong to doorbell; baby monitors to babymonitor.",outstanding-no-verdict,,,,,,,,
260,cameras,security camera,formFactor,single,Fixed|Portable|Worn|unsure,Fixed,phase-a-cve-weighted,summary-defensible,0.4892,grouping-only,881,"IN: consumer IP/Wi-Fi/battery security cameras and home DVR/NVR. OUT: enterprise NVR/VMS/SAN and cloud gateways (Hikvision Hybrid SAN, Dahua DSS, Pelco professional, wireless bridges). Video doorbells belong to doorbell; baby monitors to babymonitor.",outstanding-no-verdict,,,,,,,,
261,hub,smart home hub,cloudDependence,single,CloudOptional|CloudRequired|LocalOnly|unsure,CloudRequired,phase-a-cve-weighted,grouping-only,0.4455,grouping-only,247,"IN: IoT hubs, bridges, and Matter/Thread/Zigbee/Z-Wave controllers (SmartThings, Hubitat, Hue Bridge). OUT: plain routers, modems, ONT, and unmanaged switches — transport, not home control.",outstanding-no-verdict,,,,,,,,
262,hub,smart home hub,dataSensitivity,single,AvStreamData|BiometricData|NoData|TelemetryData|unsure,TelemetryData,phase-a-cve-weighted,summary-defensible,0.5946,grouping-only,247,"IN: IoT hubs, bridges, and Matter/Thread/Zigbee/Z-Wave controllers (SmartThings, Hubitat, Hue Bridge). OUT: plain routers, modems, ONT, and unmanaged switches — transport, not home control.",outstanding-no-verdict,,,,,,,,
263,hub,smart home hub,formFactor,single,Fixed|Portable|Worn|unsure,Fixed,phase-a-cve-weighted,summary-defensible,0.4892,grouping-only,247,"IN: IoT hubs, bridges, and Matter/Thread/Zigbee/Z-Wave controllers (SmartThings, Hubitat, Hue Bridge). OUT: plain routers, modems, ONT, and unmanaged switches — transport, not home control.",outstanding-no-verdict,,,,,,,,
264,alarms,home alarm,cloudDependence,single,CloudOptional|CloudRequired|LocalOnly|unsure,CloudRequired,phase-a-cve-weighted,grouping-only,0.4455,grouping-only,89,"IN: consumer home security/alarm systems and their sensors (eufy/Anker HomeBase, Qolsys, Abode, Nexx). OUT: commercial/industrial alarm, fire, and building-monitoring panels.",outstanding-no-verdict,,,,,,,,
265,alarms,home alarm,formFactor,single,Fixed|Portable|Worn|unsure,Fixed,phase-a-cve-weighted,summary-defensible,0.4892,grouping-only,89,"IN: consumer home security/alarm systems and their sensors (eufy/Anker HomeBase, Qolsys, Abode, Nexx). OUT: commercial/industrial alarm, fire, and building-monitoring panels.",outstanding-no-verdict,,,,,,,,
266,streaming,streaming device,cloudDependence,single,CloudOptional|CloudRequired|LocalOnly|unsure,CloudOptional,phase-a-cve-weighted,summary-defensible,0.4455,grouping-only,76,"IN: streaming TVs, sticks, and boxes (Google/Android TV, Fire TV, Apple TV, Roku) — qualify as home-control surfaces via criterion 4(b). OUT: game consoles, VR/AR headsets, pure media apps, and tvOS CVEs (scope ruling 2026-07: excluded for volume — see judgment_store.csv `Excluded` column and docs/plans/PLAN_scope_exclusion.md).",outstanding-no-verdict,,,,,,,,
267,streaming,streaming device,dataSensitivity,single,AvStreamData|BiometricData|NoData|TelemetryData|unsure,TelemetryData,phase-a-cve-weighted,summary-defensible,0.5946,grouping-only,76,"IN: streaming TVs, sticks, and boxes (Google/Android TV, Fire TV, Apple TV, Roku) — qualify as home-control surfaces via criterion 4(b). OUT: game consoles, VR/AR headsets, pure media apps, and tvOS CVEs (scope ruling 2026-07: excluded for volume — see judgment_store.csv `Excluded` column and docs/plans/PLAN_scope_exclusion.md).",outstanding-no-verdict,,,,,,,,
268,streaming,streaming device,formFactor,single,Fixed|Portable|Worn|unsure,Fixed,phase-a-cve-weighted,summary-defensible,0.4892,grouping-only,76,"IN: streaming TVs, sticks, and boxes (Google/Android TV, Fire TV, Apple TV, Roku) — qualify as home-control surfaces via criterion 4(b). OUT: game consoles, VR/AR headsets, pure media apps, and tvOS CVEs (scope ruling 2026-07: excluded for volume — see judgment_store.csv `Excluded` column and docs/plans/PLAN_scope_exclusion.md).",outstanding-no-verdict,,,,,,,,
269,ev-charging,EV home charger,cloudDependence,single,CloudOptional|CloudRequired|LocalOnly|unsure,CloudOptional,phase-a-cve-weighted,summary-defensible,0.4455,grouping-only,71,"IN: home EVSE/wallbox for a private garage or driveway. OUT: commercial/public/fleet chargers (Iocharger, Circontrol, Raption, eCharge) and the vehicle itself.",outstanding-no-verdict,,,,,,,,
270,ev-charging,EV home charger,dataSensitivity,single,AvStreamData|BiometricData|NoData|TelemetryData|unsure,TelemetryData,phase-a-cve-weighted,summary-defensible,0.5946,grouping-only,71,"IN: home EVSE/wallbox for a private garage or driveway. OUT: commercial/public/fleet chargers (Iocharger, Circontrol, Raption, eCharge) and the vehicle itself.",outstanding-no-verdict,,,,,,,,
271,ev-charging,EV home charger,formFactor,single,Fixed|Portable|Worn|unsure,Fixed,phase-a-cve-weighted,summary-defensible,0.4892,grouping-only,71,"IN: home EVSE/wallbox for a private garage or driveway. OUT: commercial/public/fleet chargers (Iocharger, Circontrol, Raption, eCharge) and the vehicle itself.",outstanding-no-verdict,,,,,,,,
272,doorbell,video doorbell,cloudDependence,single,CloudOptional|CloudRequired|LocalOnly|unsure,CloudOptional,phase-a-cve-weighted,grouping-only,0.4455,grouping-only,45,"IN: video/smart doorbells (Ring, Reolink, Foscam VD, Akuvox). OUT: standalone cameras (classify under cameras) and baby monitors (under babymonitor).",outstanding-no-verdict,,,,,,,,
273,doorbell,video doorbell,dataSensitivity,single,AvStreamData|BiometricData|NoData|TelemetryData|unsure,AvStreamData,phase-a-cve-weighted,summary-defensible,0.5946,grouping-only,45,"IN: video/smart doorbells (Ring, Reolink, Foscam VD, Akuvox). OUT: standalone cameras (classify under cameras) and baby monitors (under babymonitor).",outstanding-no-verdict,,,,,,,,
274,doorbell,video doorbell,formFactor,single,Fixed|Portable|Worn|unsure,Fixed,phase-a-cve-weighted,summary-defensible,0.4892,grouping-only,45,"IN: video/smart doorbells (Ring, Reolink, Foscam VD, Akuvox). OUT: standalone cameras (classify under cameras) and baby monitors (under babymonitor).",outstanding-no-verdict,,,,,,,,
275,home-power,home energy system,cloudDependence,single,CloudOptional|CloudRequired|LocalOnly|unsure,CloudRequired,author-prior,UNMEASURED,0.4455,grouping-only,45,"IN: residential solar inverters, home batteries, and smart meters (SMA, Victron Venus, Enphase, Tesla Powerwall). OUT: utility-scale/commercial PV and grid equipment.",outstanding-no-verdict,,,,,,,,
276,home-power,home energy system,dataSensitivity,single,AvStreamData|BiometricData|NoData|TelemetryData|unsure,TelemetryData,author-prior,UNMEASURED,0.5946,grouping-only,45,"IN: residential solar inverters, home batteries, and smart meters (SMA, Victron Venus, Enphase, Tesla Powerwall). OUT: utility-scale/commercial PV and grid equipment.",outstanding-no-verdict,,,,,,,,
277,home-power,home energy system,formFactor,single,Fixed|Portable|Worn|unsure,Fixed,author-prior,UNMEASURED,0.4892,grouping-only,45,"IN: residential solar inverters, home batteries, and smart meters (SMA, Victron Venus, Enphase, Tesla Powerwall). OUT: utility-scale/commercial PV and grid equipment.",outstanding-no-verdict,,,,,,,,
278,smartspeakers,smart speaker,dataSensitivity,single,AvStreamData|BiometricData|NoData|TelemetryData|unsure,AvStreamData,phase-a-cve-weighted,summary-defensible,0.5946,grouping-only,38,"IN: consumer smart speakers, smart displays, and smart soundbars (Echo, Nest, HomePod) — qualify as home-control surfaces via criterion 4(b). OUT: plain Bluetooth speakers, headphones, and AV receivers with no assistant/home-control role.",outstanding-no-verdict,,,,,,,,
279,smartspeakers,smart speaker,formFactor,single,Fixed|Portable|Worn|unsure,Fixed,phase-a-cve-weighted,summary-defensible,0.4892,grouping-only,38,"IN: consumer smart speakers, smart displays, and smart soundbars (Echo, Nest, HomePod) — qualify as home-control surfaces via criterion 4(b). OUT: plain Bluetooth speakers, headphones, and AV receivers with no assistant/home-control role.",outstanding-no-verdict,,,,,,,,
280,smartplugs,smart plug,cloudDependence,single,CloudOptional|CloudRequired|LocalOnly|unsure,CloudRequired,phase-a-cve-weighted,grouping-only,0.4455,grouping-only,37,"IN: consumer smart plugs, outlets, and power strips. OUT: enterprise/data-center PDUs and industrial power management.",outstanding-no-verdict,,,,,,,,
281,smartplugs,smart plug,dataSensitivity,single,AvStreamData|BiometricData|NoData|TelemetryData|unsure,TelemetryData,phase-a-cve-weighted,summary-defensible,0.5946,grouping-only,37,"IN: consumer smart plugs, outlets, and power strips. OUT: enterprise/data-center PDUs and industrial power management.",outstanding-no-verdict,,,,,,,,
282,smartplugs,smart plug,formFactor,single,Fixed|Portable|Worn|unsure,Fixed,phase-a-cve-weighted,summary-defensible,0.4892,grouping-only,37,"IN: consumer smart plugs, outlets, and power strips. OUT: enterprise/data-center PDUs and industrial power management.",outstanding-no-verdict,,,,,,,,
283,doorlock,smart lock,dataSensitivity,single,AvStreamData|BiometricData|NoData|TelemetryData|unsure,TelemetryData,phase-a-cve-weighted,grouping-only,0.5946,grouping-only,36,"IN: residential smart locks and garage-door openers (Yale, August, Tinxy, SGUDA, Genie Aladdin, Zigbee lock stacks). OUT: commercial/enterprise access-control panels and building door controllers.",outstanding-no-verdict,,,,,,,,
284,doorlock,smart lock,formFactor,single,Fixed|Portable|Worn|unsure,Fixed,phase-a-cve-weighted,summary-defensible,0.4892,grouping-only,36,"IN: residential smart locks and garage-door openers (Yale, August, Tinxy, SGUDA, Genie Aladdin, Zigbee lock stacks). OUT: commercial/enterprise access-control panels and building door controllers.",outstanding-no-verdict,,,,,,,,
285,pet,smart pet device,cloudDependence,single,CloudOptional|CloudRequired|LocalOnly|unsure,CloudRequired,author-prior,UNMEASURED,0.4455,grouping-only,35,"IN: consumer smart pet feeders, pet cameras, and litter boxes. OUT: commercial/veterinary/livestock equipment.",outstanding-no-verdict,,,,,,,,
286,pet,smart pet device,dataSensitivity,single,AvStreamData|BiometricData|NoData|TelemetryData|unsure,AvStreamData,author-prior,UNMEASURED,0.5946,grouping-only,35,"IN: consumer smart pet feeders, pet cameras, and litter boxes. OUT: commercial/veterinary/livestock equipment.",outstanding-no-verdict,,,,,,,,
287,pet,smart pet device,formFactor,single,Fixed|Portable|Worn|unsure,Fixed,author-prior,UNMEASURED,0.4892,grouping-only,35,"IN: consumer smart pet feeders, pet cameras, and litter boxes. OUT: commercial/veterinary/livestock equipment.",outstanding-no-verdict,,,,,,,,
288,lighting,smart lighting,cloudDependence,single,CloudOptional|CloudRequired|LocalOnly|unsure,CloudOptional,phase-a-cve-weighted,grouping-only,0.4455,grouping-only,33,"IN: consumer smart bulbs, light/dimmer/wall switches, and LED controllers (Hue, LIFX). OUT: phone 'Smart Switch' data-migration software, network switches, and apps/plugins that merely reference lighting.",outstanding-no-verdict,,,,,,,,
289,lighting,smart lighting,dataSensitivity,single,AvStreamData|BiometricData|NoData|TelemetryData|unsure,TelemetryData,phase-a-cve-weighted,summary-defensible,0.5946,grouping-only,33,"IN: consumer smart bulbs, light/dimmer/wall switches, and LED controllers (Hue, LIFX). OUT: phone 'Smart Switch' data-migration software, network switches, and apps/plugins that merely reference lighting.",outstanding-no-verdict,,,,,,,,
290,lighting,smart lighting,formFactor,single,Fixed|Portable|Worn|unsure,Fixed,phase-a-cve-weighted,grouping-only,0.4892,grouping-only,33,"IN: consumer smart bulbs, light/dimmer/wall switches, and LED controllers (Hue, LIFX). OUT: phone 'Smart Switch' data-migration software, network switches, and apps/plugins that merely reference lighting.",outstanding-no-verdict,,,,,,,,
291,robotvacuum,robot vacuum,cloudDependence,single,CloudOptional|CloudRequired|LocalOnly|unsure,CloudRequired,author-prior,UNMEASURED,0.4455,grouping-only,27,IN: consumer robot vacuums and mops. OUT: industrial/commercial cleaning robots.,outstanding-no-verdict,,,,,,,,
292,robotvacuum,robot vacuum,dataSensitivity,single,AvStreamData|BiometricData|NoData|TelemetryData|unsure,AvStreamData,author-prior,UNMEASURED,0.5946,grouping-only,27,IN: consumer robot vacuums and mops. OUT: industrial/commercial cleaning robots.,outstanding-no-verdict,,,,,,,,
293,robotvacuum,robot vacuum,formFactor,single,Fixed|Portable|Worn|unsure,Portable,author-prior,UNMEASURED,0.4892,grouping-only,27,IN: consumer robot vacuums and mops. OUT: industrial/commercial cleaning robots.,outstanding-no-verdict,,,,,,,,
294,garden,smart garden,cloudDependence,single,CloudOptional|CloudRequired|LocalOnly|unsure,CloudRequired,author-prior,UNMEASURED,0.4455,grouping-only,19,"IN: consumer irrigation controllers and robot mowers (RainMachine, Rachio, ECOVACS/Yarbo mowers). OUT: commercial/agricultural irrigation and turf equipment.",outstanding-no-verdict,,,,,,,,
295,garden,smart garden,dataSensitivity,single,AvStreamData|BiometricData|NoData|TelemetryData|unsure,TelemetryData,author-prior,UNMEASURED,0.5946,grouping-only,19,"IN: consumer irrigation controllers and robot mowers (RainMachine, Rachio, ECOVACS/Yarbo mowers). OUT: commercial/agricultural irrigation and turf equipment.",outstanding-no-verdict,,,,,,,,
296,garden,smart garden,formFactor,single,Fixed|Portable|Worn|unsure,Portable,author-prior,UNMEASURED,0.4892,grouping-only,19,"IN: consumer irrigation controllers and robot mowers (RainMachine, Rachio, ECOVACS/Yarbo mowers). OUT: commercial/agricultural irrigation and turf equipment.",outstanding-no-verdict,,,,,,,,
297,babymonitor,baby monitor,cloudDependence,single,CloudOptional|CloudRequired|LocalOnly|unsure,CloudOptional,author-prior,UNMEASURED,0.4455,grouping-only,18,IN: dedicated consumer baby monitors. OUT: generic IP cameras not sold as baby monitors (classify under cameras) and any enterprise surveillance gear.,outstanding-no-verdict,,,,,,,,
298,babymonitor,baby monitor,dataSensitivity,single,AvStreamData|BiometricData|NoData|TelemetryData|unsure,AvStreamData,author-prior,UNMEASURED,0.5946,grouping-only,18,IN: dedicated consumer baby monitors. OUT: generic IP cameras not sold as baby monitors (classify under cameras) and any enterprise surveillance gear.,outstanding-no-verdict,,,,,,,,
299,babymonitor,baby monitor,formFactor,single,Fixed|Portable|Worn|unsure,Fixed,author-prior,UNMEASURED,0.4892,grouping-only,18,IN: dedicated consumer baby monitors. OUT: generic IP cameras not sold as baby monitors (classify under cameras) and any enterprise surveillance gear.,outstanding-no-verdict,,,,,,,,
300,thermostat,smart thermostat,cloudDependence,single,CloudOptional|CloudRequired|LocalOnly|unsure,CloudOptional,author-prior,UNMEASURED,0.4455,grouping-only,18,IN: residential smart thermostats. OUT: commercial building-management/HVAC controllers and industrial climate systems.,outstanding-no-verdict,,,,,,,,
301,thermostat,smart thermostat,dataSensitivity,single,AvStreamData|BiometricData|NoData|TelemetryData|unsure,TelemetryData,author-prior,UNMEASURED,0.5946,grouping-only,18,IN: residential smart thermostats. OUT: commercial building-management/HVAC controllers and industrial climate systems.,outstanding-no-verdict,,,,,,,,
302,thermostat,smart thermostat,formFactor,single,Fixed|Portable|Worn|unsure,Fixed,author-prior,UNMEASURED,0.4892,grouping-only,18,IN: residential smart thermostats. OUT: commercial building-management/HVAC controllers and industrial climate systems.,outstanding-no-verdict,,,,,,,,
303,airconditioner,smart air conditioner,cloudDependence,single,CloudOptional|CloudRequired|LocalOnly|unsure,CloudRequired,author-prior,UNMEASURED,0.4455,grouping-only,5,IN: consumer smart/Wi-Fi air conditioners and mini-splits with app control. OUT: commercial rooftop units and industrial HVAC.,outstanding-no-verdict,,,,,,,,
304,airconditioner,smart air conditioner,dataSensitivity,single,AvStreamData|BiometricData|NoData|TelemetryData|unsure,TelemetryData,author-prior,UNMEASURED,0.5946,grouping-only,5,IN: consumer smart/Wi-Fi air conditioners and mini-splits with app control. OUT: commercial rooftop units and industrial HVAC.,outstanding-no-verdict,,,,,,,,
305,airconditioner,smart air conditioner,formFactor,single,Fixed|Portable|Worn|unsure,Fixed,author-prior,UNMEASURED,0.4892,grouping-only,5,IN: consumer smart/Wi-Fi air conditioners and mini-splits with app control. OUT: commercial rooftop units and industrial HVAC.,outstanding-no-verdict,,,,,,,,
306,sensors,home sensor,cloudDependence,single,CloudOptional|CloudRequired|LocalOnly|unsure,CloudOptional,author-prior,UNMEASURED,0.4455,grouping-only,4,"IN: consumer home sensors — motion, contact, leak, temperature, air-quality, presence. OUT: industrial/enterprise sensors and PLC/SCADA field devices.",outstanding-no-verdict,,,,,,,,
307,sensors,home sensor,dataSensitivity,single,AvStreamData|BiometricData|NoData|TelemetryData|unsure,TelemetryData,author-prior,UNMEASURED,0.5946,grouping-only,4,"IN: consumer home sensors — motion, contact, leak, temperature, air-quality, presence. OUT: industrial/enterprise sensors and PLC/SCADA field devices.",outstanding-no-verdict,,,,,,,,
308,sensors,home sensor,formFactor,single,Fixed|Portable|Worn|unsure,Fixed,author-prior,UNMEASURED,0.4892,grouping-only,4,"IN: consumer home sensors — motion, contact, leak, temperature, air-quality, presence. OUT: industrial/enterprise sensors and PLC/SCADA field devices.",outstanding-no-verdict,,,,,,,,
309,appliances,smart appliance,cloudDependence,single,CloudOptional|CloudRequired|LocalOnly|unsure,CloudRequired,author-prior,UNMEASURED,0.4455,grouping-only,3,"IN: consumer smart kitchen/laundry appliances — oven, range, cooker, microwave, dishwasher, washer, dryer, water heater. OUT: commercial/industrial appliances.",outstanding-no-verdict,,,,,,,,
310,appliances,smart appliance,dataSensitivity,single,AvStreamData|BiometricData|NoData|TelemetryData|unsure,TelemetryData,author-prior,UNMEASURED,0.5946,grouping-only,3,"IN: consumer smart kitchen/laundry appliances — oven, range, cooker, microwave, dishwasher, washer, dryer, water heater. OUT: commercial/industrial appliances.",outstanding-no-verdict,,,,,,,,
311,appliances,smart appliance,formFactor,single,Fixed|Portable|Worn|unsure,Fixed,author-prior,UNMEASURED,0.4892,grouping-only,3,"IN: consumer smart kitchen/laundry appliances — oven, range, cooker, microwave, dishwasher, washer, dryer, water heater. OUT: commercial/industrial appliances.",outstanding-no-verdict,,,,,,,,
312,fridge,smart refrigerator,cloudDependence,single,CloudOptional|CloudRequired|LocalOnly|unsure,CloudRequired,author-prior,UNMEASURED,0.4455,grouping-only,3,IN: consumer smart refrigerators. OUT: commercial/industrial refrigeration.,outstanding-no-verdict,,,,,,,,
313,fridge,smart refrigerator,dataSensitivity,single,AvStreamData|BiometricData|NoData|TelemetryData|unsure,TelemetryData,author-prior,UNMEASURED,0.5946,grouping-only,3,IN: consumer smart refrigerators. OUT: commercial/industrial refrigeration.,outstanding-no-verdict,,,,,,,,
314,fridge,smart refrigerator,formFactor,single,Fixed|Portable|Worn|unsure,Fixed,author-prior,UNMEASURED,0.4892,grouping-only,3,IN: consumer smart refrigerators. OUT: commercial/industrial refrigeration.,outstanding-no-verdict,,,,,,,,
315,airpurifier,air purifier,cloudDependence,single,CloudOptional|CloudRequired|LocalOnly|unsure,CloudRequired,author-prior,UNMEASURED,0.4455,grouping-only,2,IN: consumer smart air purifiers. OUT: commercial/industrial air-handling and filtration systems.,outstanding-no-verdict,,,,,,,,
316,airpurifier,air purifier,dataSensitivity,single,AvStreamData|BiometricData|NoData|TelemetryData|unsure,TelemetryData,author-prior,UNMEASURED,0.5946,grouping-only,2,IN: consumer smart air purifiers. OUT: commercial/industrial air-handling and filtration systems.,outstanding-no-verdict,,,,,,,,
317,airpurifier,air purifier,formFactor,single,Fixed|Portable|Worn|unsure,Fixed,author-prior,UNMEASURED,0.4892,grouping-only,2,IN: consumer smart air purifiers. OUT: commercial/industrial air-handling and filtration systems.,outstanding-no-verdict,,,,,,,,
318,fans,smart fan,cloudDependence,single,CloudOptional|CloudRequired|LocalOnly|unsure,CloudOptional,author-prior,UNMEASURED,0.4455,grouping-only,1,"IN: consumer smart/connected fans (ceiling, tower, pedestal). OUT: industrial/commercial ventilation and exhaust systems.",outstanding-no-verdict,,,,,,,,
319,fans,smart fan,dataSensitivity,single,AvStreamData|BiometricData|NoData|TelemetryData|unsure,NoData,author-prior,UNMEASURED,0.5946,grouping-only,1,"IN: consumer smart/connected fans (ceiling, tower, pedestal). OUT: industrial/commercial ventilation and exhaust systems.",outstanding-no-verdict,,,,,,,,
320,fans,smart fan,formFactor,single,Fixed|Portable|Worn|unsure,Fixed,author-prior,UNMEASURED,0.4892,grouping-only,1,"IN: consumer smart/connected fans (ceiling, tower, pedestal). OUT: industrial/commercial ventilation and exhaust systems.",outstanding-no-verdict,,,,,,,,
321,shades,smart blinds,cloudDependence,single,CloudOptional|CloudRequired|LocalOnly|unsure,CloudOptional,author-prior,UNMEASURED,0.4455,grouping-only,0,"IN: consumer smart blinds, shades, curtains, shutters and their motors/controllers. OUT: commercial/industrial window and facade systems.",outstanding-no-verdict,,,,,,,,
322,shades,smart blinds,dataSensitivity,single,AvStreamData|BiometricData|NoData|TelemetryData|unsure,TelemetryData,author-prior,UNMEASURED,0.5946,grouping-only,0,"IN: consumer smart blinds, shades, curtains, shutters and their motors/controllers. OUT: commercial/industrial window and facade systems.",outstanding-no-verdict,,,,,,,,
323,shades,smart blinds,formFactor,single,Fixed|Portable|Worn|unsure,Fixed,author-prior,UNMEASURED,0.4892,grouping-only,0,"IN: consumer smart blinds, shades, curtains, shutters and their motors/controllers. OUT: commercial/industrial window and facade systems.",outstanding-no-verdict,,,,,,,,
324,sleeptracker,sleep tracker,cloudDependence,single,CloudOptional|CloudRequired|LocalOnly|unsure,CloudRequired,author-prior,UNMEASURED,0.4455,grouping-only,0,"IN: bedside / non-wearable sleep monitors. OUT: wrist wearables and fitness trackers (Fitbit, Apple Watch, Garmin).",outstanding-no-verdict,,,,,,,,
325,sleeptracker,sleep tracker,dataSensitivity,single,AvStreamData|BiometricData|NoData|TelemetryData|unsure,BiometricData,author-prior,UNMEASURED,0.5946,grouping-only,0,"IN: bedside / non-wearable sleep monitors. OUT: wrist wearables and fitness trackers (Fitbit, Apple Watch, Garmin).",outstanding-no-verdict,,,,,,,,
326,sleeptracker,sleep tracker,formFactor,single,Fixed|Portable|Worn|unsure,Fixed,author-prior,UNMEASURED,0.4892,grouping-only,0,"IN: bedside / non-wearable sleep monitors. OUT: wrist wearables and fitness trackers (Fitbit, Apple Watch, Garmin).",outstanding-no-verdict,,,,,,,,
327,cameras,security camera,actuatesPhysical,single,true|false|unsure,false,phase-a-cve-weighted,summary-defensible,0.7372,CITABLE,881,"IN: consumer IP/Wi-Fi/battery security cameras and home DVR/NVR. OUT: enterprise NVR/VMS/SAN and cloud gateways (Hikvision Hybrid SAN, Dahua DSS, Pelco professional, wireless bridges). Video doorbells belong to doorbell; baby monitors to babymonitor.",outstanding-no-verdict,,,,,,,,
328,cameras,security camera,actuationConsequence,single,ComfortActuation|NoActuation|PropertyActuation|SafetyActuation|unsure,NoActuation,phase-a-cve-weighted,summary-defensible,0.7553,CITABLE,881,"IN: consumer IP/Wi-Fi/battery security cameras and home DVR/NVR. OUT: enterprise NVR/VMS/SAN and cloud gateways (Hikvision Hybrid SAN, Dahua DSS, Pelco professional, wireless bridges). Video doorbells belong to doorbell; baby monitors to babymonitor.",outstanding-no-verdict,,,,,,,,
329,cameras,security camera,placement,single,Either|Indoor|Outdoor|unsure,Indoor,phase-a-cve-weighted,grouping-only,0.7011,CITABLE,881,"IN: consumer IP/Wi-Fi/battery security cameras and home DVR/NVR. OUT: enterprise NVR/VMS/SAN and cloud gateways (Hikvision Hybrid SAN, Dahua DSS, Pelco professional, wireless bridges). Video doorbells belong to doorbell; baby monitors to babymonitor.",outstanding-no-verdict,,,,,,,,
330,hub,smart home hub,actuatesPhysical,single,true|false|unsure,false,phase-a-cve-weighted,summary-defensible,0.7372,CITABLE,247,"IN: IoT hubs, bridges, and Matter/Thread/Zigbee/Z-Wave controllers (SmartThings, Hubitat, Hue Bridge). OUT: plain routers, modems, ONT, and unmanaged switches — transport, not home control.",outstanding-no-verdict,,,,,,,,
331,hub,smart home hub,actuationConsequence,single,ComfortActuation|NoActuation|PropertyActuation|SafetyActuation|unsure,NoActuation,phase-a-cve-weighted,summary-defensible,0.7553,CITABLE,247,"IN: IoT hubs, bridges, and Matter/Thread/Zigbee/Z-Wave controllers (SmartThings, Hubitat, Hue Bridge). OUT: plain routers, modems, ONT, and unmanaged switches — transport, not home control.",outstanding-no-verdict,,,,,,,,
332,hub,smart home hub,consumerAvailability,single,InstallerChannel|MixedChannel|RetailConsumer|unsure,RetailConsumer,phase-a-cve-weighted,summary-defensible,0.7202,CITABLE,247,"IN: IoT hubs, bridges, and Matter/Thread/Zigbee/Z-Wave controllers (SmartThings, Hubitat, Hue Bridge). OUT: plain routers, modems, ONT, and unmanaged switches — transport, not home control.",outstanding-no-verdict,,,,,,,,
333,hub,smart home hub,placement,single,Either|Indoor|Outdoor|unsure,Indoor,phase-a-cve-weighted,summary-defensible,0.7011,CITABLE,247,"IN: IoT hubs, bridges, and Matter/Thread/Zigbee/Z-Wave controllers (SmartThings, Hubitat, Hue Bridge). OUT: plain routers, modems, ONT, and unmanaged switches — transport, not home control.",outstanding-no-verdict,,,,,,,,
334,alarms,home alarm,actuatesPhysical,single,true|false|unsure,true,phase-a-cve-weighted,summary-defensible,0.7372,CITABLE,89,"IN: consumer home security/alarm systems and their sensors (eufy/Anker HomeBase, Qolsys, Abode, Nexx). OUT: commercial/industrial alarm, fire, and building-monitoring panels.",outstanding-no-verdict,,,,,,,,
335,alarms,home alarm,actuationConsequence,single,ComfortActuation|NoActuation|PropertyActuation|SafetyActuation|unsure,PropertyActuation,phase-a-cve-weighted,summary-defensible,0.7553,CITABLE,89,"IN: consumer home security/alarm systems and their sensors (eufy/Anker HomeBase, Qolsys, Abode, Nexx). OUT: commercial/industrial alarm, fire, and building-monitoring panels.",outstanding-no-verdict,,,,,,,,
336,alarms,home alarm,consumerAvailability,single,InstallerChannel|MixedChannel|RetailConsumer|unsure,RetailConsumer,phase-a-cve-weighted,grouping-only,0.7202,CITABLE,89,"IN: consumer home security/alarm systems and their sensors (eufy/Anker HomeBase, Qolsys, Abode, Nexx). OUT: commercial/industrial alarm, fire, and building-monitoring panels.",outstanding-no-verdict,,,,,,,,
337,alarms,home alarm,placement,single,Either|Indoor|Outdoor|unsure,Indoor,phase-a-cve-weighted,summary-defensible,0.7011,CITABLE,89,"IN: consumer home security/alarm systems and their sensors (eufy/Anker HomeBase, Qolsys, Abode, Nexx). OUT: commercial/industrial alarm, fire, and building-monitoring panels.",outstanding-no-verdict,,,,,,,,
338,streaming,streaming device,actuatesPhysical,single,true|false|unsure,false,phase-a-cve-weighted,summary-defensible,0.7372,CITABLE,76,"IN: streaming TVs, sticks, and boxes (Google/Android TV, Fire TV, Apple TV, Roku) — qualify as home-control surfaces via criterion 4(b). OUT: game consoles, VR/AR headsets, pure media apps, and tvOS CVEs (scope ruling 2026-07: excluded for volume — see judgment_store.csv `Excluded` column and docs/plans/PLAN_scope_exclusion.md).",outstanding-no-verdict,,,,,,,,
339,streaming,streaming device,actuationConsequence,single,ComfortActuation|NoActuation|PropertyActuation|SafetyActuation|unsure,NoActuation,phase-a-cve-weighted,summary-defensible,0.7553,CITABLE,76,"IN: streaming TVs, sticks, and boxes (Google/Android TV, Fire TV, Apple TV, Roku) — qualify as home-control surfaces via criterion 4(b). OUT: game consoles, VR/AR headsets, pure media apps, and tvOS CVEs (scope ruling 2026-07: excluded for volume — see judgment_store.csv `Excluded` column and docs/plans/PLAN_scope_exclusion.md).",outstanding-no-verdict,,,,,,,,
340,streaming,streaming device,consumerAvailability,single,InstallerChannel|MixedChannel|RetailConsumer|unsure,RetailConsumer,phase-a-cve-weighted,summary-defensible,0.7202,CITABLE,76,"IN: streaming TVs, sticks, and boxes (Google/Android TV, Fire TV, Apple TV, Roku) — qualify as home-control surfaces via criterion 4(b). OUT: game consoles, VR/AR headsets, pure media apps, and tvOS CVEs (scope ruling 2026-07: excluded for volume — see judgment_store.csv `Excluded` column and docs/plans/PLAN_scope_exclusion.md).",outstanding-no-verdict,,,,,,,,
341,streaming,streaming device,placement,single,Either|Indoor|Outdoor|unsure,Indoor,phase-a-cve-weighted,summary-defensible,0.7011,CITABLE,76,"IN: streaming TVs, sticks, and boxes (Google/Android TV, Fire TV, Apple TV, Roku) — qualify as home-control surfaces via criterion 4(b). OUT: game consoles, VR/AR headsets, pure media apps, and tvOS CVEs (scope ruling 2026-07: excluded for volume — see judgment_store.csv `Excluded` column and docs/plans/PLAN_scope_exclusion.md).",outstanding-no-verdict,,,,,,,,
342,ev-charging,EV home charger,actuatesPhysical,single,true|false|unsure,true,phase-a-cve-weighted,summary-defensible,0.7372,CITABLE,71,"IN: home EVSE/wallbox for a private garage or driveway. OUT: commercial/public/fleet chargers (Iocharger, Circontrol, Raption, eCharge) and the vehicle itself.",outstanding-no-verdict,,,,,,,,
343,ev-charging,EV home charger,actuationConsequence,single,ComfortActuation|NoActuation|PropertyActuation|SafetyActuation|unsure,SafetyActuation,phase-a-cve-weighted,summary-defensible,0.7553,CITABLE,71,"IN: home EVSE/wallbox for a private garage or driveway. OUT: commercial/public/fleet chargers (Iocharger, Circontrol, Raption, eCharge) and the vehicle itself.",outstanding-no-verdict,,,,,,,,
344,ev-charging,EV home charger,consumerAvailability,single,InstallerChannel|MixedChannel|RetailConsumer|unsure,InstallerChannel,phase-a-cve-weighted,summary-defensible,0.7202,CITABLE,71,"IN: home EVSE/wallbox for a private garage or driveway. OUT: commercial/public/fleet chargers (Iocharger, Circontrol, Raption, eCharge) and the vehicle itself.",outstanding-no-verdict,,,,,,,,
345,ev-charging,EV home charger,placement,single,Either|Indoor|Outdoor|unsure,Either,phase-a-cve-weighted,summary-defensible,0.7011,CITABLE,71,"IN: home EVSE/wallbox for a private garage or driveway. OUT: commercial/public/fleet chargers (Iocharger, Circontrol, Raption, eCharge) and the vehicle itself.",outstanding-no-verdict,,,,,,,,
346,doorbell,video doorbell,actuatesPhysical,single,true|false|unsure,true,phase-a-cve-weighted,summary-defensible,0.7372,CITABLE,45,"IN: video/smart doorbells (Ring, Reolink, Foscam VD, Akuvox). OUT: standalone cameras (classify under cameras) and baby monitors (under babymonitor).",outstanding-no-verdict,,,,,,,,
347,doorbell,video doorbell,actuationConsequence,single,ComfortActuation|NoActuation|PropertyActuation|SafetyActuation|unsure,PropertyActuation,phase-a-cve-weighted,summary-defensible,0.7553,CITABLE,45,"IN: video/smart doorbells (Ring, Reolink, Foscam VD, Akuvox). OUT: standalone cameras (classify under cameras) and baby monitors (under babymonitor).",outstanding-no-verdict,,,,,,,,
348,doorbell,video doorbell,consumerAvailability,single,InstallerChannel|MixedChannel|RetailConsumer|unsure,InstallerChannel,phase-a-cve-weighted,summary-defensible,0.7202,CITABLE,45,"IN: video/smart doorbells (Ring, Reolink, Foscam VD, Akuvox). OUT: standalone cameras (classify under cameras) and baby monitors (under babymonitor).",outstanding-no-verdict,,,,,,,,
349,doorbell,video doorbell,placement,single,Either|Indoor|Outdoor|unsure,Outdoor,phase-a-cve-weighted,summary-defensible,0.7011,CITABLE,45,"IN: video/smart doorbells (Ring, Reolink, Foscam VD, Akuvox). OUT: standalone cameras (classify under cameras) and baby monitors (under babymonitor).",outstanding-no-verdict,,,,,,,,
350,home-power,home energy system,actuatesPhysical,single,true|false|unsure,true,author-prior,UNMEASURED,0.7372,CITABLE,45,"IN: residential solar inverters, home batteries, and smart meters (SMA, Victron Venus, Enphase, Tesla Powerwall). OUT: utility-scale/commercial PV and grid equipment.",outstanding-no-verdict,,,,,,,,
351,home-power,home energy system,actuationConsequence,single,ComfortActuation|NoActuation|PropertyActuation|SafetyActuation|unsure,SafetyActuation,author-prior,UNMEASURED,0.7553,CITABLE,45,"IN: residential solar inverters, home batteries, and smart meters (SMA, Victron Venus, Enphase, Tesla Powerwall). OUT: utility-scale/commercial PV and grid equipment.",outstanding-no-verdict,,,,,,,,
352,home-power,home energy system,consumerAvailability,single,InstallerChannel|MixedChannel|RetailConsumer|unsure,InstallerChannel,author-prior,UNMEASURED,0.7202,CITABLE,45,"IN: residential solar inverters, home batteries, and smart meters (SMA, Victron Venus, Enphase, Tesla Powerwall). OUT: utility-scale/commercial PV and grid equipment.",outstanding-no-verdict,,,,,,,,
353,home-power,home energy system,placement,single,Either|Indoor|Outdoor|unsure,Either,author-prior,UNMEASURED,0.7011,CITABLE,45,"IN: residential solar inverters, home batteries, and smart meters (SMA, Victron Venus, Enphase, Tesla Powerwall). OUT: utility-scale/commercial PV and grid equipment.",outstanding-no-verdict,,,,,,,,
354,smartspeakers,smart speaker,actuatesPhysical,single,true|false|unsure,false,phase-a-cve-weighted,summary-defensible,0.7372,CITABLE,38,"IN: consumer smart speakers, smart displays, and smart soundbars (Echo, Nest, HomePod) — qualify as home-control surfaces via criterion 4(b). OUT: plain Bluetooth speakers, headphones, and AV receivers with no assistant/home-control role.",outstanding-no-verdict,,,,,,,,
355,smartspeakers,smart speaker,actuationConsequence,single,ComfortActuation|NoActuation|PropertyActuation|SafetyActuation|unsure,NoActuation,phase-a-cve-weighted,summary-defensible,0.7553,CITABLE,38,"IN: consumer smart speakers, smart displays, and smart soundbars (Echo, Nest, HomePod) — qualify as home-control surfaces via criterion 4(b). OUT: plain Bluetooth speakers, headphones, and AV receivers with no assistant/home-control role.",outstanding-no-verdict,,,,,,,,
356,smartspeakers,smart speaker,consumerAvailability,single,InstallerChannel|MixedChannel|RetailConsumer|unsure,RetailConsumer,phase-a-cve-weighted,summary-defensible,0.7202,CITABLE,38,"IN: consumer smart speakers, smart displays, and smart soundbars (Echo, Nest, HomePod) — qualify as home-control surfaces via criterion 4(b). OUT: plain Bluetooth speakers, headphones, and AV receivers with no assistant/home-control role.",outstanding-no-verdict,,,,,,,,
357,smartspeakers,smart speaker,placement,single,Either|Indoor|Outdoor|unsure,Indoor,phase-a-cve-weighted,summary-defensible,0.7011,CITABLE,38,"IN: consumer smart speakers, smart displays, and smart soundbars (Echo, Nest, HomePod) — qualify as home-control surfaces via criterion 4(b). OUT: plain Bluetooth speakers, headphones, and AV receivers with no assistant/home-control role.",outstanding-no-verdict,,,,,,,,
358,smartplugs,smart plug,actuatesPhysical,single,true|false|unsure,true,phase-a-cve-weighted,summary-defensible,0.7372,CITABLE,37,"IN: consumer smart plugs, outlets, and power strips. OUT: enterprise/data-center PDUs and industrial power management.",outstanding-no-verdict,,,,,,,,
359,smartplugs,smart plug,actuationConsequence,single,ComfortActuation|NoActuation|PropertyActuation|SafetyActuation|unsure,ComfortActuation,phase-a-cve-weighted,summary-defensible,0.7553,CITABLE,37,"IN: consumer smart plugs, outlets, and power strips. OUT: enterprise/data-center PDUs and industrial power management.",outstanding-no-verdict,,,,,,,,
360,smartplugs,smart plug,consumerAvailability,single,InstallerChannel|MixedChannel|RetailConsumer|unsure,RetailConsumer,phase-a-cve-weighted,summary-defensible,0.7202,CITABLE,37,"IN: consumer smart plugs, outlets, and power strips. OUT: enterprise/data-center PDUs and industrial power management.",outstanding-no-verdict,,,,,,,,
361,smartplugs,smart plug,placement,single,Either|Indoor|Outdoor|unsure,Indoor,phase-a-cve-weighted,summary-defensible,0.7011,CITABLE,37,"IN: consumer smart plugs, outlets, and power strips. OUT: enterprise/data-center PDUs and industrial power management.",outstanding-no-verdict,,,,,,,,
362,doorlock,smart lock,actuatesPhysical,single,true|false|unsure,true,phase-a-cve-weighted,grouping-only,0.7372,CITABLE,36,"IN: residential smart locks and garage-door openers (Yale, August, Tinxy, SGUDA, Genie Aladdin, Zigbee lock stacks). OUT: commercial/enterprise access-control panels and building door controllers.",outstanding-no-verdict,,,,,,,,
363,doorlock,smart lock,actuationConsequence,single,ComfortActuation|NoActuation|PropertyActuation|SafetyActuation|unsure,PropertyActuation,phase-a-cve-weighted,grouping-only,0.7553,CITABLE,36,"IN: residential smart locks and garage-door openers (Yale, August, Tinxy, SGUDA, Genie Aladdin, Zigbee lock stacks). OUT: commercial/enterprise access-control panels and building door controllers.",outstanding-no-verdict,,,,,,,,
364,doorlock,smart lock,consumerAvailability,single,InstallerChannel|MixedChannel|RetailConsumer|unsure,RetailConsumer,phase-a-cve-weighted,summary-defensible,0.7202,CITABLE,36,"IN: residential smart locks and garage-door openers (Yale, August, Tinxy, SGUDA, Genie Aladdin, Zigbee lock stacks). OUT: commercial/enterprise access-control panels and building door controllers.",outstanding-no-verdict,,,,,,,,
365,pet,smart pet device,actuatesPhysical,single,true|false|unsure,true,author-prior,UNMEASURED,0.7372,CITABLE,35,"IN: consumer smart pet feeders, pet cameras, and litter boxes. OUT: commercial/veterinary/livestock equipment.",outstanding-no-verdict,,,,,,,,
366,pet,smart pet device,actuationConsequence,single,ComfortActuation|NoActuation|PropertyActuation|SafetyActuation|unsure,PropertyActuation,author-prior,UNMEASURED,0.7553,CITABLE,35,"IN: consumer smart pet feeders, pet cameras, and litter boxes. OUT: commercial/veterinary/livestock equipment.",outstanding-no-verdict,,,,,,,,
367,pet,smart pet device,consumerAvailability,single,InstallerChannel|MixedChannel|RetailConsumer|unsure,RetailConsumer,author-prior,UNMEASURED,0.7202,CITABLE,35,"IN: consumer smart pet feeders, pet cameras, and litter boxes. OUT: commercial/veterinary/livestock equipment.",outstanding-no-verdict,,,,,,,,
368,pet,smart pet device,placement,single,Either|Indoor|Outdoor|unsure,Indoor,author-prior,UNMEASURED,0.7011,CITABLE,35,"IN: consumer smart pet feeders, pet cameras, and litter boxes. OUT: commercial/veterinary/livestock equipment.",outstanding-no-verdict,,,,,,,,
369,lighting,smart lighting,actuatesPhysical,single,true|false|unsure,true,phase-a-cve-weighted,grouping-only,0.7372,CITABLE,33,"IN: consumer smart bulbs, light/dimmer/wall switches, and LED controllers (Hue, LIFX). OUT: phone 'Smart Switch' data-migration software, network switches, and apps/plugins that merely reference lighting.",outstanding-no-verdict,,,,,,,,
370,lighting,smart lighting,actuationConsequence,single,ComfortActuation|NoActuation|PropertyActuation|SafetyActuation|unsure,ComfortActuation,phase-a-cve-weighted,grouping-only,0.7553,CITABLE,33,"IN: consumer smart bulbs, light/dimmer/wall switches, and LED controllers (Hue, LIFX). OUT: phone 'Smart Switch' data-migration software, network switches, and apps/plugins that merely reference lighting.",outstanding-no-verdict,,,,,,,,
371,lighting,smart lighting,consumerAvailability,single,InstallerChannel|MixedChannel|RetailConsumer|unsure,RetailConsumer,phase-a-cve-weighted,summary-defensible,0.7202,CITABLE,33,"IN: consumer smart bulbs, light/dimmer/wall switches, and LED controllers (Hue, LIFX). OUT: phone 'Smart Switch' data-migration software, network switches, and apps/plugins that merely reference lighting.",outstanding-no-verdict,,,,,,,,
372,lighting,smart lighting,placement,single,Either|Indoor|Outdoor|unsure,Indoor,phase-a-cve-weighted,summary-defensible,0.7011,CITABLE,33,"IN: consumer smart bulbs, light/dimmer/wall switches, and LED controllers (Hue, LIFX). OUT: phone 'Smart Switch' data-migration software, network switches, and apps/plugins that merely reference lighting.",outstanding-no-verdict,,,,,,,,
373,robotvacuum,robot vacuum,actuatesPhysical,single,true|false|unsure,true,author-prior,UNMEASURED,0.7372,CITABLE,27,IN: consumer robot vacuums and mops. OUT: industrial/commercial cleaning robots.,outstanding-no-verdict,,,,,,,,
374,robotvacuum,robot vacuum,actuationConsequence,single,ComfortActuation|NoActuation|PropertyActuation|SafetyActuation|unsure,ComfortActuation,author-prior,UNMEASURED,0.7553,CITABLE,27,IN: consumer robot vacuums and mops. OUT: industrial/commercial cleaning robots.,outstanding-no-verdict,,,,,,,,
375,robotvacuum,robot vacuum,consumerAvailability,single,InstallerChannel|MixedChannel|RetailConsumer|unsure,RetailConsumer,author-prior,UNMEASURED,0.7202,CITABLE,27,IN: consumer robot vacuums and mops. OUT: industrial/commercial cleaning robots.,outstanding-no-verdict,,,,,,,,
376,robotvacuum,robot vacuum,placement,single,Either|Indoor|Outdoor|unsure,Indoor,author-prior,UNMEASURED,0.7011,CITABLE,27,IN: consumer robot vacuums and mops. OUT: industrial/commercial cleaning robots.,outstanding-no-verdict,,,,,,,,
377,garden,smart garden,actuatesPhysical,single,true|false|unsure,true,author-prior,UNMEASURED,0.7372,CITABLE,19,"IN: consumer irrigation controllers and robot mowers (RainMachine, Rachio, ECOVACS/Yarbo mowers). OUT: commercial/agricultural irrigation and turf equipment.",outstanding-no-verdict,,,,,,,,
378,garden,smart garden,actuationConsequence,single,ComfortActuation|NoActuation|PropertyActuation|SafetyActuation|unsure,PropertyActuation,author-prior,UNMEASURED,0.7553,CITABLE,19,"IN: consumer irrigation controllers and robot mowers (RainMachine, Rachio, ECOVACS/Yarbo mowers). OUT: commercial/agricultural irrigation and turf equipment.",outstanding-no-verdict,,,,,,,,
379,garden,smart garden,consumerAvailability,single,InstallerChannel|MixedChannel|RetailConsumer|unsure,RetailConsumer,author-prior,UNMEASURED,0.7202,CITABLE,19,"IN: consumer irrigation controllers and robot mowers (RainMachine, Rachio, ECOVACS/Yarbo mowers). OUT: commercial/agricultural irrigation and turf equipment.",outstanding-no-verdict,,,,,,,,
380,garden,smart garden,placement,single,Either|Indoor|Outdoor|unsure,Outdoor,author-prior,UNMEASURED,0.7011,CITABLE,19,"IN: consumer irrigation controllers and robot mowers (RainMachine, Rachio, ECOVACS/Yarbo mowers). OUT: commercial/agricultural irrigation and turf equipment.",outstanding-no-verdict,,,,,,,,
381,babymonitor,baby monitor,actuatesPhysical,single,true|false|unsure,false,author-prior,UNMEASURED,0.7372,CITABLE,18,IN: dedicated consumer baby monitors. OUT: generic IP cameras not sold as baby monitors (classify under cameras) and any enterprise surveillance gear.,outstanding-no-verdict,,,,,,,,
382,babymonitor,baby monitor,actuationConsequence,single,ComfortActuation|NoActuation|PropertyActuation|SafetyActuation|unsure,NoActuation,author-prior,UNMEASURED,0.7553,CITABLE,18,IN: dedicated consumer baby monitors. OUT: generic IP cameras not sold as baby monitors (classify under cameras) and any enterprise surveillance gear.,outstanding-no-verdict,,,,,,,,
383,babymonitor,baby monitor,consumerAvailability,single,InstallerChannel|MixedChannel|RetailConsumer|unsure,RetailConsumer,author-prior,UNMEASURED,0.7202,CITABLE,18,IN: dedicated consumer baby monitors. OUT: generic IP cameras not sold as baby monitors (classify under cameras) and any enterprise surveillance gear.,outstanding-no-verdict,,,,,,,,
384,babymonitor,baby monitor,placement,single,Either|Indoor|Outdoor|unsure,Indoor,author-prior,UNMEASURED,0.7011,CITABLE,18,IN: dedicated consumer baby monitors. OUT: generic IP cameras not sold as baby monitors (classify under cameras) and any enterprise surveillance gear.,outstanding-no-verdict,,,,,,,,
385,thermostat,smart thermostat,actuatesPhysical,single,true|false|unsure,true,author-prior,UNMEASURED,0.7372,CITABLE,18,IN: residential smart thermostats. OUT: commercial building-management/HVAC controllers and industrial climate systems.,outstanding-no-verdict,,,,,,,,
386,thermostat,smart thermostat,actuationConsequence,single,ComfortActuation|NoActuation|PropertyActuation|SafetyActuation|unsure,SafetyActuation,author-prior,UNMEASURED,0.7553,CITABLE,18,IN: residential smart thermostats. OUT: commercial building-management/HVAC controllers and industrial climate systems.,outstanding-no-verdict,,,,,,,,
387,thermostat,smart thermostat,consumerAvailability,single,InstallerChannel|MixedChannel|RetailConsumer|unsure,RetailConsumer,author-prior,UNMEASURED,0.7202,CITABLE,18,IN: residential smart thermostats. OUT: commercial building-management/HVAC controllers and industrial climate systems.,outstanding-no-verdict,,,,,,,,
388,thermostat,smart thermostat,placement,single,Either|Indoor|Outdoor|unsure,Indoor,author-prior,UNMEASURED,0.7011,CITABLE,18,IN: residential smart thermostats. OUT: commercial building-management/HVAC controllers and industrial climate systems.,outstanding-no-verdict,,,,,,,,
389,airconditioner,smart air conditioner,actuatesPhysical,single,true|false|unsure,true,author-prior,UNMEASURED,0.7372,CITABLE,5,IN: consumer smart/Wi-Fi air conditioners and mini-splits with app control. OUT: commercial rooftop units and industrial HVAC.,outstanding-no-verdict,,,,,,,,
390,airconditioner,smart air conditioner,actuationConsequence,single,ComfortActuation|NoActuation|PropertyActuation|SafetyActuation|unsure,SafetyActuation,author-prior,UNMEASURED,0.7553,CITABLE,5,IN: consumer smart/Wi-Fi air conditioners and mini-splits with app control. OUT: commercial rooftop units and industrial HVAC.,outstanding-no-verdict,,,,,,,,
391,airconditioner,smart air conditioner,consumerAvailability,single,InstallerChannel|MixedChannel|RetailConsumer|unsure,MixedChannel,author-prior,UNMEASURED,0.7202,CITABLE,5,IN: consumer smart/Wi-Fi air conditioners and mini-splits with app control. OUT: commercial rooftop units and industrial HVAC.,outstanding-no-verdict,,,,,,,,
392,airconditioner,smart air conditioner,placement,single,Either|Indoor|Outdoor|unsure,Indoor,author-prior,UNMEASURED,0.7011,CITABLE,5,IN: consumer smart/Wi-Fi air conditioners and mini-splits with app control. OUT: commercial rooftop units and industrial HVAC.,outstanding-no-verdict,,,,,,,,
393,sensors,home sensor,actuatesPhysical,single,true|false|unsure,false,author-prior,UNMEASURED,0.7372,CITABLE,4,"IN: consumer home sensors — motion, contact, leak, temperature, air-quality, presence. OUT: industrial/enterprise sensors and PLC/SCADA field devices.",outstanding-no-verdict,,,,,,,,
394,sensors,home sensor,actuationConsequence,single,ComfortActuation|NoActuation|PropertyActuation|SafetyActuation|unsure,NoActuation,author-prior,UNMEASURED,0.7553,CITABLE,4,"IN: consumer home sensors — motion, contact, leak, temperature, air-quality, presence. OUT: industrial/enterprise sensors and PLC/SCADA field devices.",outstanding-no-verdict,,,,,,,,
395,sensors,home sensor,consumerAvailability,single,InstallerChannel|MixedChannel|RetailConsumer|unsure,RetailConsumer,author-prior,UNMEASURED,0.7202,CITABLE,4,"IN: consumer home sensors — motion, contact, leak, temperature, air-quality, presence. OUT: industrial/enterprise sensors and PLC/SCADA field devices.",outstanding-no-verdict,,,,,,,,
396,sensors,home sensor,placement,single,Either|Indoor|Outdoor|unsure,Either,author-prior,UNMEASURED,0.7011,CITABLE,4,"IN: consumer home sensors — motion, contact, leak, temperature, air-quality, presence. OUT: industrial/enterprise sensors and PLC/SCADA field devices.",outstanding-no-verdict,,,,,,,,
397,appliances,smart appliance,actuatesPhysical,single,true|false|unsure,true,author-prior,UNMEASURED,0.7372,CITABLE,3,"IN: consumer smart kitchen/laundry appliances — oven, range, cooker, microwave, dishwasher, washer, dryer, water heater. OUT: commercial/industrial appliances.",outstanding-no-verdict,,,,,,,,
398,appliances,smart appliance,actuationConsequence,single,ComfortActuation|NoActuation|PropertyActuation|SafetyActuation|unsure,SafetyActuation,author-prior,UNMEASURED,0.7553,CITABLE,3,"IN: consumer smart kitchen/laundry appliances — oven, range, cooker, microwave, dishwasher, washer, dryer, water heater. OUT: commercial/industrial appliances.",outstanding-no-verdict,,,,,,,,
399,appliances,smart appliance,consumerAvailability,single,InstallerChannel|MixedChannel|RetailConsumer|unsure,RetailConsumer,author-prior,UNMEASURED,0.7202,CITABLE,3,"IN: consumer smart kitchen/laundry appliances — oven, range, cooker, microwave, dishwasher, washer, dryer, water heater. OUT: commercial/industrial appliances.",outstanding-no-verdict,,,,,,,,
400,appliances,smart appliance,placement,single,Either|Indoor|Outdoor|unsure,Indoor,author-prior,UNMEASURED,0.7011,CITABLE,3,"IN: consumer smart kitchen/laundry appliances — oven, range, cooker, microwave, dishwasher, washer, dryer, water heater. OUT: commercial/industrial appliances.",outstanding-no-verdict,,,,,,,,
401,fridge,smart refrigerator,actuatesPhysical,single,true|false|unsure,true,author-prior,UNMEASURED,0.7372,CITABLE,3,IN: consumer smart refrigerators. OUT: commercial/industrial refrigeration.,outstanding-no-verdict,,,,,,,,
402,fridge,smart refrigerator,actuationConsequence,single,ComfortActuation|NoActuation|PropertyActuation|SafetyActuation|unsure,PropertyActuation,author-prior,UNMEASURED,0.7553,CITABLE,3,IN: consumer smart refrigerators. OUT: commercial/industrial refrigeration.,outstanding-no-verdict,,,,,,,,
403,fridge,smart refrigerator,consumerAvailability,single,InstallerChannel|MixedChannel|RetailConsumer|unsure,RetailConsumer,author-prior,UNMEASURED,0.7202,CITABLE,3,IN: consumer smart refrigerators. OUT: commercial/industrial refrigeration.,outstanding-no-verdict,,,,,,,,
404,fridge,smart refrigerator,placement,single,Either|Indoor|Outdoor|unsure,Indoor,author-prior,UNMEASURED,0.7011,CITABLE,3,IN: consumer smart refrigerators. OUT: commercial/industrial refrigeration.,outstanding-no-verdict,,,,,,,,
405,airpurifier,air purifier,actuatesPhysical,single,true|false|unsure,false,author-prior,UNMEASURED,0.7372,CITABLE,2,IN: consumer smart air purifiers. OUT: commercial/industrial air-handling and filtration systems.,outstanding-no-verdict,,,,,,,,
406,airpurifier,air purifier,actuationConsequence,single,ComfortActuation|NoActuation|PropertyActuation|SafetyActuation|unsure,NoActuation,author-prior,UNMEASURED,0.7553,CITABLE,2,IN: consumer smart air purifiers. OUT: commercial/industrial air-handling and filtration systems.,outstanding-no-verdict,,,,,,,,
407,airpurifier,air purifier,consumerAvailability,single,InstallerChannel|MixedChannel|RetailConsumer|unsure,RetailConsumer,author-prior,UNMEASURED,0.7202,CITABLE,2,IN: consumer smart air purifiers. OUT: commercial/industrial air-handling and filtration systems.,outstanding-no-verdict,,,,,,,,
408,airpurifier,air purifier,placement,single,Either|Indoor|Outdoor|unsure,Indoor,author-prior,UNMEASURED,0.7011,CITABLE,2,IN: consumer smart air purifiers. OUT: commercial/industrial air-handling and filtration systems.,outstanding-no-verdict,,,,,,,,
409,fans,smart fan,actuatesPhysical,single,true|false|unsure,false,author-prior,UNMEASURED,0.7372,CITABLE,1,"IN: consumer smart/connected fans (ceiling, tower, pedestal). OUT: industrial/commercial ventilation and exhaust systems.",outstanding-no-verdict,,,,,,,,
410,fans,smart fan,actuationConsequence,single,ComfortActuation|NoActuation|PropertyActuation|SafetyActuation|unsure,NoActuation,author-prior,UNMEASURED,0.7553,CITABLE,1,"IN: consumer smart/connected fans (ceiling, tower, pedestal). OUT: industrial/commercial ventilation and exhaust systems.",outstanding-no-verdict,,,,,,,,
411,fans,smart fan,consumerAvailability,single,InstallerChannel|MixedChannel|RetailConsumer|unsure,RetailConsumer,author-prior,UNMEASURED,0.7202,CITABLE,1,"IN: consumer smart/connected fans (ceiling, tower, pedestal). OUT: industrial/commercial ventilation and exhaust systems.",outstanding-no-verdict,,,,,,,,
412,fans,smart fan,placement,single,Either|Indoor|Outdoor|unsure,Indoor,author-prior,UNMEASURED,0.7011,CITABLE,1,"IN: consumer smart/connected fans (ceiling, tower, pedestal). OUT: industrial/commercial ventilation and exhaust systems.",outstanding-no-verdict,,,,,,,,
413,shades,smart blinds,actuatesPhysical,single,true|false|unsure,true,author-prior,UNMEASURED,0.7372,CITABLE,0,"IN: consumer smart blinds, shades, curtains, shutters and their motors/controllers. OUT: commercial/industrial window and facade systems.",outstanding-no-verdict,,,,,,,,
414,shades,smart blinds,actuationConsequence,single,ComfortActuation|NoActuation|PropertyActuation|SafetyActuation|unsure,ComfortActuation,author-prior,UNMEASURED,0.7553,CITABLE,0,"IN: consumer smart blinds, shades, curtains, shutters and their motors/controllers. OUT: commercial/industrial window and facade systems.",outstanding-no-verdict,,,,,,,,
415,shades,smart blinds,consumerAvailability,single,InstallerChannel|MixedChannel|RetailConsumer|unsure,MixedChannel,author-prior,UNMEASURED,0.7202,CITABLE,0,"IN: consumer smart blinds, shades, curtains, shutters and their motors/controllers. OUT: commercial/industrial window and facade systems.",outstanding-no-verdict,,,,,,,,
416,shades,smart blinds,placement,single,Either|Indoor|Outdoor|unsure,Indoor,author-prior,UNMEASURED,0.7011,CITABLE,0,"IN: consumer smart blinds, shades, curtains, shutters and their motors/controllers. OUT: commercial/industrial window and facade systems.",outstanding-no-verdict,,,,,,,,
417,sleeptracker,sleep tracker,actuatesPhysical,single,true|false|unsure,false,author-prior,UNMEASURED,0.7372,CITABLE,0,"IN: bedside / non-wearable sleep monitors. OUT: wrist wearables and fitness trackers (Fitbit, Apple Watch, Garmin).",outstanding-no-verdict,,,,,,,,
418,sleeptracker,sleep tracker,actuationConsequence,single,ComfortActuation|NoActuation|PropertyActuation|SafetyActuation|unsure,NoActuation,author-prior,UNMEASURED,0.7553,CITABLE,0,"IN: bedside / non-wearable sleep monitors. OUT: wrist wearables and fitness trackers (Fitbit, Apple Watch, Garmin).",outstanding-no-verdict,,,,,,,,
419,sleeptracker,sleep tracker,consumerAvailability,single,InstallerChannel|MixedChannel|RetailConsumer|unsure,RetailConsumer,author-prior,UNMEASURED,0.7202,CITABLE,0,"IN: bedside / non-wearable sleep monitors. OUT: wrist wearables and fitness trackers (Fitbit, Apple Watch, Garmin).",outstanding-no-verdict,,,,,,,,
420,sleeptracker,sleep tracker,placement,single,Either|Indoor|Outdoor|unsure,Indoor,author-prior,UNMEASURED,0.7011,CITABLE,0,"IN: bedside / non-wearable sleep monitors. OUT: wrist wearables and fitness trackers (Fitbit, Apple Watch, Garmin).",outstanding-no-verdict,,,,,,,,
