category,device,vendor,product,cve_count,facet,allowed_values,Value,Confidence,Reasoning
alarms,abus:secvest_hybrid_fumo50110,abus,secvest_hybrid_fumo50110,1,actuatesPhysical,true|false|unsure,,,
alarms,abus:secvest_hybrid_fumo50110,abus,secvest_hybrid_fumo50110,1,actuationConsequence,ComfortActuation|NoActuation|PropertyActuation|SafetyActuation|unsure,,,
alarms,abus:secvest_hybrid_fumo50110,abus,secvest_hybrid_fumo50110,1,capturesAV,true|false|unsure,,,
alarms,abus:secvest_hybrid_fumo50110,abus,secvest_hybrid_fumo50110,1,cloudDependence,CloudOptional|CloudRequired|LocalOnly|unsure,,,
alarms,abus:secvest_hybrid_fumo50110,abus,secvest_hybrid_fumo50110,1,computeTier,AndroidDerived|EmbeddedLinux|McuClass|Rtos|unsure,,,
alarms,abus:secvest_hybrid_fumo50110,abus,secvest_hybrid_fumo50110,1,consumerAvailability,InstallerChannel|MixedChannel|RetailConsumer|unsure,,,
alarms,abus:secvest_hybrid_fumo50110,abus,secvest_hybrid_fumo50110,1,dataSensitivity,AvStreamData|BiometricData|NoData|TelemetryData|unsure,,,
alarms,abus:secvest_hybrid_fumo50110,abus,secvest_hybrid_fumo50110,1,firmwareUpdateModel,ManualFlash|NoUpdatePath|OtaAutomatic|OtaUserInitiated|unsure,,,
alarms,abus:secvest_hybrid_fumo50110,abus,secvest_hybrid_fumo50110,1,formFactor,Fixed|Portable|Worn|unsure,,,
alarms,abus:secvest_hybrid_fumo50110,abus,secvest_hybrid_fumo50110,1,hasWebAdminUI,true|false|unsure,,,
alarms,abus:secvest_hybrid_fumo50110,abus,secvest_hybrid_fumo50110,1,placement,Either|Indoor|Outdoor|unsure,,,
alarms,abus:secvest_hybrid_fumo50110,abus,secvest_hybrid_fumo50110,1,supportLifetime,DeclaredLifetime|UndeclaredLifetime|unsure,,,
alarms,abus:secvest_wireless_alarm_system_fuaa50000,abus,secvest_wireless_alarm_system_fuaa50000,6,actuatesPhysical,true|false|unsure,,,
alarms,abus:secvest_wireless_alarm_system_fuaa50000,abus,secvest_wireless_alarm_system_fuaa50000,6,actuationConsequence,ComfortActuation|NoActuation|PropertyActuation|SafetyActuation|unsure,,,
alarms,abus:secvest_wireless_alarm_system_fuaa50000,abus,secvest_wireless_alarm_system_fuaa50000,6,capturesAV,true|false|unsure,,,
alarms,abus:secvest_wireless_alarm_system_fuaa50000,abus,secvest_wireless_alarm_system_fuaa50000,6,cloudDependence,CloudOptional|CloudRequired|LocalOnly|unsure,,,
alarms,abus:secvest_wireless_alarm_system_fuaa50000,abus,secvest_wireless_alarm_system_fuaa50000,6,computeTier,AndroidDerived|EmbeddedLinux|McuClass|Rtos|unsure,,,
alarms,abus:secvest_wireless_alarm_system_fuaa50000,abus,secvest_wireless_alarm_system_fuaa50000,6,consumerAvailability,InstallerChannel|MixedChannel|RetailConsumer|unsure,,,
alarms,abus:secvest_wireless_alarm_system_fuaa50000,abus,secvest_wireless_alarm_system_fuaa50000,6,dataSensitivity,AvStreamData|BiometricData|NoData|TelemetryData|unsure,,,
alarms,abus:secvest_wireless_alarm_system_fuaa50000,abus,secvest_wireless_alarm_system_fuaa50000,6,firmwareUpdateModel,ManualFlash|NoUpdatePath|OtaAutomatic|OtaUserInitiated|unsure,,,
alarms,abus:secvest_wireless_alarm_system_fuaa50000,abus,secvest_wireless_alarm_system_fuaa50000,6,formFactor,Fixed|Portable|Worn|unsure,,,
alarms,abus:secvest_wireless_alarm_system_fuaa50000,abus,secvest_wireless_alarm_system_fuaa50000,6,hasWebAdminUI,true|false|unsure,,,
alarms,abus:secvest_wireless_alarm_system_fuaa50000,abus,secvest_wireless_alarm_system_fuaa50000,6,placement,Either|Indoor|Outdoor|unsure,,,
alarms,abus:secvest_wireless_alarm_system_fuaa50000,abus,secvest_wireless_alarm_system_fuaa50000,6,supportLifetime,DeclaredLifetime|UndeclaredLifetime|unsure,,,
alarms,abus:secvest_wireless_control_fube50001,abus,secvest_wireless_control_fube50001,1,actuatesPhysical,true|false|unsure,,,
alarms,abus:secvest_wireless_control_fube50001,abus,secvest_wireless_control_fube50001,1,actuationConsequence,ComfortActuation|NoActuation|PropertyActuation|SafetyActuation|unsure,,,
alarms,abus:secvest_wireless_control_fube50001,abus,secvest_wireless_control_fube50001,1,capturesAV,true|false|unsure,,,
alarms,abus:secvest_wireless_control_fube50001,abus,secvest_wireless_control_fube50001,1,cloudDependence,CloudOptional|CloudRequired|LocalOnly|unsure,,,
alarms,abus:secvest_wireless_control_fube50001,abus,secvest_wireless_control_fube50001,1,computeTier,AndroidDerived|EmbeddedLinux|McuClass|Rtos|unsure,,,
alarms,abus:secvest_wireless_control_fube50001,abus,secvest_wireless_control_fube50001,1,consumerAvailability,InstallerChannel|MixedChannel|RetailConsumer|unsure,,,
alarms,abus:secvest_wireless_control_fube50001,abus,secvest_wireless_control_fube50001,1,dataSensitivity,AvStreamData|BiometricData|NoData|TelemetryData|unsure,,,
alarms,abus:secvest_wireless_control_fube50001,abus,secvest_wireless_control_fube50001,1,firmwareUpdateModel,ManualFlash|NoUpdatePath|OtaAutomatic|OtaUserInitiated|unsure,,,
alarms,abus:secvest_wireless_control_fube50001,abus,secvest_wireless_control_fube50001,1,formFactor,Fixed|Portable|Worn|unsure,,,
alarms,abus:secvest_wireless_control_fube50001,abus,secvest_wireless_control_fube50001,1,hasWebAdminUI,true|false|unsure,,,
alarms,abus:secvest_wireless_control_fube50001,abus,secvest_wireless_control_fube50001,1,placement,Either|Indoor|Outdoor|unsure,,,
alarms,abus:secvest_wireless_control_fube50001,abus,secvest_wireless_control_fube50001,1,supportLifetime,DeclaredLifetime|UndeclaredLifetime|unsure,,,
alarms,abus:secvest_wireless_remote_control_fube50014,abus,secvest_wireless_remote_control_fube50014,3,actuatesPhysical,true|false|unsure,,,
alarms,abus:secvest_wireless_remote_control_fube50014,abus,secvest_wireless_remote_control_fube50014,3,actuationConsequence,ComfortActuation|NoActuation|PropertyActuation|SafetyActuation|unsure,,,
alarms,abus:secvest_wireless_remote_control_fube50014,abus,secvest_wireless_remote_control_fube50014,3,capturesAV,true|false|unsure,,,
alarms,abus:secvest_wireless_remote_control_fube50014,abus,secvest_wireless_remote_control_fube50014,3,cloudDependence,CloudOptional|CloudRequired|LocalOnly|unsure,,,
alarms,abus:secvest_wireless_remote_control_fube50014,abus,secvest_wireless_remote_control_fube50014,3,computeTier,AndroidDerived|EmbeddedLinux|McuClass|Rtos|unsure,,,
alarms,abus:secvest_wireless_remote_control_fube50014,abus,secvest_wireless_remote_control_fube50014,3,consumerAvailability,InstallerChannel|MixedChannel|RetailConsumer|unsure,,,
alarms,abus:secvest_wireless_remote_control_fube50014,abus,secvest_wireless_remote_control_fube50014,3,dataSensitivity,AvStreamData|BiometricData|NoData|TelemetryData|unsure,,,
alarms,abus:secvest_wireless_remote_control_fube50014,abus,secvest_wireless_remote_control_fube50014,3,firmwareUpdateModel,ManualFlash|NoUpdatePath|OtaAutomatic|OtaUserInitiated|unsure,,,
alarms,abus:secvest_wireless_remote_control_fube50014,abus,secvest_wireless_remote_control_fube50014,3,formFactor,Fixed|Portable|Worn|unsure,,,
alarms,abus:secvest_wireless_remote_control_fube50014,abus,secvest_wireless_remote_control_fube50014,3,hasWebAdminUI,true|false|unsure,,,
alarms,abus:secvest_wireless_remote_control_fube50014,abus,secvest_wireless_remote_control_fube50014,3,placement,Either|Indoor|Outdoor|unsure,,,
alarms,abus:secvest_wireless_remote_control_fube50014,abus,secvest_wireless_remote_control_fube50014,3,supportLifetime,DeclaredLifetime|UndeclaredLifetime|unsure,,,
alarms,abus:secvest_wireless_remote_control_fube50015,abus,secvest_wireless_remote_control_fube50015,3,actuatesPhysical,true|false|unsure,,,
alarms,abus:secvest_wireless_remote_control_fube50015,abus,secvest_wireless_remote_control_fube50015,3,actuationConsequence,ComfortActuation|NoActuation|PropertyActuation|SafetyActuation|unsure,,,
alarms,abus:secvest_wireless_remote_control_fube50015,abus,secvest_wireless_remote_control_fube50015,3,capturesAV,true|false|unsure,,,
alarms,abus:secvest_wireless_remote_control_fube50015,abus,secvest_wireless_remote_control_fube50015,3,cloudDependence,CloudOptional|CloudRequired|LocalOnly|unsure,,,
alarms,abus:secvest_wireless_remote_control_fube50015,abus,secvest_wireless_remote_control_fube50015,3,computeTier,AndroidDerived|EmbeddedLinux|McuClass|Rtos|unsure,,,
alarms,abus:secvest_wireless_remote_control_fube50015,abus,secvest_wireless_remote_control_fube50015,3,consumerAvailability,InstallerChannel|MixedChannel|RetailConsumer|unsure,,,
alarms,abus:secvest_wireless_remote_control_fube50015,abus,secvest_wireless_remote_control_fube50015,3,dataSensitivity,AvStreamData|BiometricData|NoData|TelemetryData|unsure,,,
alarms,abus:secvest_wireless_remote_control_fube50015,abus,secvest_wireless_remote_control_fube50015,3,firmwareUpdateModel,ManualFlash|NoUpdatePath|OtaAutomatic|OtaUserInitiated|unsure,,,
alarms,abus:secvest_wireless_remote_control_fube50015,abus,secvest_wireless_remote_control_fube50015,3,formFactor,Fixed|Portable|Worn|unsure,,,
alarms,abus:secvest_wireless_remote_control_fube50015,abus,secvest_wireless_remote_control_fube50015,3,hasWebAdminUI,true|false|unsure,,,
alarms,abus:secvest_wireless_remote_control_fube50015,abus,secvest_wireless_remote_control_fube50015,3,placement,Either|Indoor|Outdoor|unsure,,,
alarms,abus:secvest_wireless_remote_control_fube50015,abus,secvest_wireless_remote_control_fube50015,3,supportLifetime,DeclaredLifetime|UndeclaredLifetime|unsure,,,
alarms,agshome_smart_alarm_project:agshome_smart_alarm,agshome_smart_alarm_project,agshome_smart_alarm,1,actuatesPhysical,true|false|unsure,,,
alarms,agshome_smart_alarm_project:agshome_smart_alarm,agshome_smart_alarm_project,agshome_smart_alarm,1,actuationConsequence,ComfortActuation|NoActuation|PropertyActuation|SafetyActuation|unsure,,,
alarms,agshome_smart_alarm_project:agshome_smart_alarm,agshome_smart_alarm_project,agshome_smart_alarm,1,capturesAV,true|false|unsure,,,
alarms,agshome_smart_alarm_project:agshome_smart_alarm,agshome_smart_alarm_project,agshome_smart_alarm,1,cloudDependence,CloudOptional|CloudRequired|LocalOnly|unsure,,,
alarms,agshome_smart_alarm_project:agshome_smart_alarm,agshome_smart_alarm_project,agshome_smart_alarm,1,computeTier,AndroidDerived|EmbeddedLinux|McuClass|Rtos|unsure,,,
alarms,agshome_smart_alarm_project:agshome_smart_alarm,agshome_smart_alarm_project,agshome_smart_alarm,1,consumerAvailability,InstallerChannel|MixedChannel|RetailConsumer|unsure,,,
alarms,agshome_smart_alarm_project:agshome_smart_alarm,agshome_smart_alarm_project,agshome_smart_alarm,1,dataSensitivity,AvStreamData|BiometricData|NoData|TelemetryData|unsure,,,
alarms,agshome_smart_alarm_project:agshome_smart_alarm,agshome_smart_alarm_project,agshome_smart_alarm,1,firmwareUpdateModel,ManualFlash|NoUpdatePath|OtaAutomatic|OtaUserInitiated|unsure,,,
alarms,agshome_smart_alarm_project:agshome_smart_alarm,agshome_smart_alarm_project,agshome_smart_alarm,1,formFactor,Fixed|Portable|Worn|unsure,,,
alarms,agshome_smart_alarm_project:agshome_smart_alarm,agshome_smart_alarm_project,agshome_smart_alarm,1,hasWebAdminUI,true|false|unsure,,,
alarms,agshome_smart_alarm_project:agshome_smart_alarm,agshome_smart_alarm_project,agshome_smart_alarm,1,placement,Either|Indoor|Outdoor|unsure,,,
alarms,agshome_smart_alarm_project:agshome_smart_alarm,agshome_smart_alarm_project,agshome_smart_alarm,1,supportLifetime,DeclaredLifetime|UndeclaredLifetime|unsure,,,
alarms,chuango:a8,chuango,a8,1,actuatesPhysical,true|false|unsure,,,
alarms,chuango:a8,chuango,a8,1,actuationConsequence,ComfortActuation|NoActuation|PropertyActuation|SafetyActuation|unsure,,,
alarms,chuango:a8,chuango,a8,1,capturesAV,true|false|unsure,,,
alarms,chuango:a8,chuango,a8,1,cloudDependence,CloudOptional|CloudRequired|LocalOnly|unsure,,,
alarms,chuango:a8,chuango,a8,1,computeTier,AndroidDerived|EmbeddedLinux|McuClass|Rtos|unsure,,,
alarms,chuango:a8,chuango,a8,1,consumerAvailability,InstallerChannel|MixedChannel|RetailConsumer|unsure,,,
alarms,chuango:a8,chuango,a8,1,dataSensitivity,AvStreamData|BiometricData|NoData|TelemetryData|unsure,,,
alarms,chuango:a8,chuango,a8,1,firmwareUpdateModel,ManualFlash|NoUpdatePath|OtaAutomatic|OtaUserInitiated|unsure,,,
alarms,chuango:a8,chuango,a8,1,formFactor,Fixed|Portable|Worn|unsure,,,
alarms,chuango:a8,chuango,a8,1,hasWebAdminUI,true|false|unsure,,,
alarms,chuango:a8,chuango,a8,1,placement,Either|Indoor|Outdoor|unsure,,,
alarms,chuango:a8,chuango,a8,1,supportLifetime,DeclaredLifetime|UndeclaredLifetime|unsure,,,
alarms,chuango:awv_plus,chuango,awv_plus,1,actuatesPhysical,true|false|unsure,,,
alarms,chuango:awv_plus,chuango,awv_plus,1,actuationConsequence,ComfortActuation|NoActuation|PropertyActuation|SafetyActuation|unsure,,,
alarms,chuango:awv_plus,chuango,awv_plus,1,capturesAV,true|false|unsure,,,
alarms,chuango:awv_plus,chuango,awv_plus,1,cloudDependence,CloudOptional|CloudRequired|LocalOnly|unsure,,,
alarms,chuango:awv_plus,chuango,awv_plus,1,computeTier,AndroidDerived|EmbeddedLinux|McuClass|Rtos|unsure,,,
alarms,chuango:awv_plus,chuango,awv_plus,1,consumerAvailability,InstallerChannel|MixedChannel|RetailConsumer|unsure,,,
alarms,chuango:awv_plus,chuango,awv_plus,1,dataSensitivity,AvStreamData|BiometricData|NoData|TelemetryData|unsure,,,
alarms,chuango:awv_plus,chuango,awv_plus,1,firmwareUpdateModel,ManualFlash|NoUpdatePath|OtaAutomatic|OtaUserInitiated|unsure,,,
alarms,chuango:awv_plus,chuango,awv_plus,1,formFactor,Fixed|Portable|Worn|unsure,,,
alarms,chuango:awv_plus,chuango,awv_plus,1,hasWebAdminUI,true|false|unsure,,,
alarms,chuango:awv_plus,chuango,awv_plus,1,placement,Either|Indoor|Outdoor|unsure,,,
alarms,chuango:awv_plus,chuango,awv_plus,1,supportLifetime,DeclaredLifetime|UndeclaredLifetime|unsure,,,
alarms,chuango:b11,chuango,b11,1,actuatesPhysical,true|false|unsure,,,
alarms,chuango:b11,chuango,b11,1,actuationConsequence,ComfortActuation|NoActuation|PropertyActuation|SafetyActuation|unsure,,,
alarms,chuango:b11,chuango,b11,1,capturesAV,true|false|unsure,,,
alarms,chuango:b11,chuango,b11,1,cloudDependence,CloudOptional|CloudRequired|LocalOnly|unsure,,,
alarms,chuango:b11,chuango,b11,1,computeTier,AndroidDerived|EmbeddedLinux|McuClass|Rtos|unsure,,,
alarms,chuango:b11,chuango,b11,1,consumerAvailability,InstallerChannel|MixedChannel|RetailConsumer|unsure,,,
alarms,chuango:b11,chuango,b11,1,dataSensitivity,AvStreamData|BiometricData|NoData|TelemetryData|unsure,,,
alarms,chuango:b11,chuango,b11,1,firmwareUpdateModel,ManualFlash|NoUpdatePath|OtaAutomatic|OtaUserInitiated|unsure,,,
alarms,chuango:b11,chuango,b11,1,formFactor,Fixed|Portable|Worn|unsure,,,
alarms,chuango:b11,chuango,b11,1,hasWebAdminUI,true|false|unsure,,,
alarms,chuango:b11,chuango,b11,1,placement,Either|Indoor|Outdoor|unsure,,,
alarms,chuango:b11,chuango,b11,1,supportLifetime,DeclaredLifetime|UndeclaredLifetime|unsure,,,
alarms,chuango:b11_dual-network_alarm_system,chuango,b11_dual-network_alarm_system,1,actuatesPhysical,true|false|unsure,,,
alarms,chuango:b11_dual-network_alarm_system,chuango,b11_dual-network_alarm_system,1,actuationConsequence,ComfortActuation|NoActuation|PropertyActuation|SafetyActuation|unsure,,,
alarms,chuango:b11_dual-network_alarm_system,chuango,b11_dual-network_alarm_system,1,capturesAV,true|false|unsure,,,
alarms,chuango:b11_dual-network_alarm_system,chuango,b11_dual-network_alarm_system,1,cloudDependence,CloudOptional|CloudRequired|LocalOnly|unsure,,,
alarms,chuango:b11_dual-network_alarm_system,chuango,b11_dual-network_alarm_system,1,computeTier,AndroidDerived|EmbeddedLinux|McuClass|Rtos|unsure,,,
alarms,chuango:b11_dual-network_alarm_system,chuango,b11_dual-network_alarm_system,1,consumerAvailability,InstallerChannel|MixedChannel|RetailConsumer|unsure,,,
alarms,chuango:b11_dual-network_alarm_system,chuango,b11_dual-network_alarm_system,1,dataSensitivity,AvStreamData|BiometricData|NoData|TelemetryData|unsure,,,
alarms,chuango:b11_dual-network_alarm_system,chuango,b11_dual-network_alarm_system,1,firmwareUpdateModel,ManualFlash|NoUpdatePath|OtaAutomatic|OtaUserInitiated|unsure,,,
alarms,chuango:b11_dual-network_alarm_system,chuango,b11_dual-network_alarm_system,1,formFactor,Fixed|Portable|Worn|unsure,,,
alarms,chuango:b11_dual-network_alarm_system,chuango,b11_dual-network_alarm_system,1,hasWebAdminUI,true|false|unsure,,,
alarms,chuango:b11_dual-network_alarm_system,chuango,b11_dual-network_alarm_system,1,placement,Either|Indoor|Outdoor|unsure,,,
alarms,chuango:b11_dual-network_alarm_system,chuango,b11_dual-network_alarm_system,1,supportLifetime,DeclaredLifetime|UndeclaredLifetime|unsure,,,
alarms,chuango:cg-105s_on-site_alarm_system,chuango,cg-105s_on-site_alarm_system,1,actuatesPhysical,true|false|unsure,,,
alarms,chuango:cg-105s_on-site_alarm_system,chuango,cg-105s_on-site_alarm_system,1,actuationConsequence,ComfortActuation|NoActuation|PropertyActuation|SafetyActuation|unsure,,,
alarms,chuango:cg-105s_on-site_alarm_system,chuango,cg-105s_on-site_alarm_system,1,capturesAV,true|false|unsure,,,
alarms,chuango:cg-105s_on-site_alarm_system,chuango,cg-105s_on-site_alarm_system,1,cloudDependence,CloudOptional|CloudRequired|LocalOnly|unsure,,,
alarms,chuango:cg-105s_on-site_alarm_system,chuango,cg-105s_on-site_alarm_system,1,computeTier,AndroidDerived|EmbeddedLinux|McuClass|Rtos|unsure,,,
alarms,chuango:cg-105s_on-site_alarm_system,chuango,cg-105s_on-site_alarm_system,1,consumerAvailability,InstallerChannel|MixedChannel|RetailConsumer|unsure,,,
alarms,chuango:cg-105s_on-site_alarm_system,chuango,cg-105s_on-site_alarm_system,1,dataSensitivity,AvStreamData|BiometricData|NoData|TelemetryData|unsure,,,
alarms,chuango:cg-105s_on-site_alarm_system,chuango,cg-105s_on-site_alarm_system,1,firmwareUpdateModel,ManualFlash|NoUpdatePath|OtaAutomatic|OtaUserInitiated|unsure,,,
alarms,chuango:cg-105s_on-site_alarm_system,chuango,cg-105s_on-site_alarm_system,1,formFactor,Fixed|Portable|Worn|unsure,,,
alarms,chuango:cg-105s_on-site_alarm_system,chuango,cg-105s_on-site_alarm_system,1,hasWebAdminUI,true|false|unsure,,,
alarms,chuango:cg-105s_on-site_alarm_system,chuango,cg-105s_on-site_alarm_system,1,placement,Either|Indoor|Outdoor|unsure,,,
alarms,chuango:cg-105s_on-site_alarm_system,chuango,cg-105s_on-site_alarm_system,1,supportLifetime,DeclaredLifetime|UndeclaredLifetime|unsure,,,
alarms,chuango:g3,chuango,g3,1,actuatesPhysical,true|false|unsure,,,
alarms,chuango:g3,chuango,g3,1,actuationConsequence,ComfortActuation|NoActuation|PropertyActuation|SafetyActuation|unsure,,,
alarms,chuango:g3,chuango,g3,1,capturesAV,true|false|unsure,,,
alarms,chuango:g3,chuango,g3,1,cloudDependence,CloudOptional|CloudRequired|LocalOnly|unsure,,,
alarms,chuango:g3,chuango,g3,1,computeTier,AndroidDerived|EmbeddedLinux|McuClass|Rtos|unsure,,,
alarms,chuango:g3,chuango,g3,1,consumerAvailability,InstallerChannel|MixedChannel|RetailConsumer|unsure,,,
alarms,chuango:g3,chuango,g3,1,dataSensitivity,AvStreamData|BiometricData|NoData|TelemetryData|unsure,,,
alarms,chuango:g3,chuango,g3,1,firmwareUpdateModel,ManualFlash|NoUpdatePath|OtaAutomatic|OtaUserInitiated|unsure,,,
alarms,chuango:g3,chuango,g3,1,formFactor,Fixed|Portable|Worn|unsure,,,
alarms,chuango:g3,chuango,g3,1,hasWebAdminUI,true|false|unsure,,,
alarms,chuango:g3,chuango,g3,1,placement,Either|Indoor|Outdoor|unsure,,,
alarms,chuango:g3,chuango,g3,1,supportLifetime,DeclaredLifetime|UndeclaredLifetime|unsure,,,
alarms,chuango:g3_gsm\/sms_alarm_system,chuango,g3_gsm\/sms_alarm_system,1,actuatesPhysical,true|false|unsure,,,
alarms,chuango:g3_gsm\/sms_alarm_system,chuango,g3_gsm\/sms_alarm_system,1,actuationConsequence,ComfortActuation|NoActuation|PropertyActuation|SafetyActuation|unsure,,,
alarms,chuango:g3_gsm\/sms_alarm_system,chuango,g3_gsm\/sms_alarm_system,1,capturesAV,true|false|unsure,,,
alarms,chuango:g3_gsm\/sms_alarm_system,chuango,g3_gsm\/sms_alarm_system,1,cloudDependence,CloudOptional|CloudRequired|LocalOnly|unsure,,,
alarms,chuango:g3_gsm\/sms_alarm_system,chuango,g3_gsm\/sms_alarm_system,1,computeTier,AndroidDerived|EmbeddedLinux|McuClass|Rtos|unsure,,,
alarms,chuango:g3_gsm\/sms_alarm_system,chuango,g3_gsm\/sms_alarm_system,1,consumerAvailability,InstallerChannel|MixedChannel|RetailConsumer|unsure,,,
alarms,chuango:g3_gsm\/sms_alarm_system,chuango,g3_gsm\/sms_alarm_system,1,dataSensitivity,AvStreamData|BiometricData|NoData|TelemetryData|unsure,,,
alarms,chuango:g3_gsm\/sms_alarm_system,chuango,g3_gsm\/sms_alarm_system,1,firmwareUpdateModel,ManualFlash|NoUpdatePath|OtaAutomatic|OtaUserInitiated|unsure,,,
alarms,chuango:g3_gsm\/sms_alarm_system,chuango,g3_gsm\/sms_alarm_system,1,formFactor,Fixed|Portable|Worn|unsure,,,
alarms,chuango:g3_gsm\/sms_alarm_system,chuango,g3_gsm\/sms_alarm_system,1,hasWebAdminUI,true|false|unsure,,,
alarms,chuango:g3_gsm\/sms_alarm_system,chuango,g3_gsm\/sms_alarm_system,1,placement,Either|Indoor|Outdoor|unsure,,,
alarms,chuango:g3_gsm\/sms_alarm_system,chuango,g3_gsm\/sms_alarm_system,1,supportLifetime,DeclaredLifetime|UndeclaredLifetime|unsure,,,
alarms,chuango:g5_plus,chuango,g5_plus,1,actuatesPhysical,true|false|unsure,,,
alarms,chuango:g5_plus,chuango,g5_plus,1,actuationConsequence,ComfortActuation|NoActuation|PropertyActuation|SafetyActuation|unsure,,,
alarms,chuango:g5_plus,chuango,g5_plus,1,capturesAV,true|false|unsure,,,
alarms,chuango:g5_plus,chuango,g5_plus,1,cloudDependence,CloudOptional|CloudRequired|LocalOnly|unsure,,,
alarms,chuango:g5_plus,chuango,g5_plus,1,computeTier,AndroidDerived|EmbeddedLinux|McuClass|Rtos|unsure,,,
alarms,chuango:g5_plus,chuango,g5_plus,1,consumerAvailability,InstallerChannel|MixedChannel|RetailConsumer|unsure,,,
alarms,chuango:g5_plus,chuango,g5_plus,1,dataSensitivity,AvStreamData|BiometricData|NoData|TelemetryData|unsure,,,
alarms,chuango:g5_plus,chuango,g5_plus,1,firmwareUpdateModel,ManualFlash|NoUpdatePath|OtaAutomatic|OtaUserInitiated|unsure,,,
alarms,chuango:g5_plus,chuango,g5_plus,1,formFactor,Fixed|Portable|Worn|unsure,,,
alarms,chuango:g5_plus,chuango,g5_plus,1,hasWebAdminUI,true|false|unsure,,,
alarms,chuango:g5_plus,chuango,g5_plus,1,placement,Either|Indoor|Outdoor|unsure,,,
alarms,chuango:g5_plus,chuango,g5_plus,1,supportLifetime,DeclaredLifetime|UndeclaredLifetime|unsure,,,
alarms,chuango:g5_plus_gsm\/sms\/rfid_touch_alarm_system,chuango,g5_plus_gsm\/sms\/rfid_touch_alarm_system,1,actuatesPhysical,true|false|unsure,,,
alarms,chuango:g5_plus_gsm\/sms\/rfid_touch_alarm_system,chuango,g5_plus_gsm\/sms\/rfid_touch_alarm_system,1,actuationConsequence,ComfortActuation|NoActuation|PropertyActuation|SafetyActuation|unsure,,,
alarms,chuango:g5_plus_gsm\/sms\/rfid_touch_alarm_system,chuango,g5_plus_gsm\/sms\/rfid_touch_alarm_system,1,capturesAV,true|false|unsure,,,
alarms,chuango:g5_plus_gsm\/sms\/rfid_touch_alarm_system,chuango,g5_plus_gsm\/sms\/rfid_touch_alarm_system,1,cloudDependence,CloudOptional|CloudRequired|LocalOnly|unsure,,,
alarms,chuango:g5_plus_gsm\/sms\/rfid_touch_alarm_system,chuango,g5_plus_gsm\/sms\/rfid_touch_alarm_system,1,computeTier,AndroidDerived|EmbeddedLinux|McuClass|Rtos|unsure,,,
alarms,chuango:g5_plus_gsm\/sms\/rfid_touch_alarm_system,chuango,g5_plus_gsm\/sms\/rfid_touch_alarm_system,1,consumerAvailability,InstallerChannel|MixedChannel|RetailConsumer|unsure,,,
alarms,chuango:g5_plus_gsm\/sms\/rfid_touch_alarm_system,chuango,g5_plus_gsm\/sms\/rfid_touch_alarm_system,1,dataSensitivity,AvStreamData|BiometricData|NoData|TelemetryData|unsure,,,
alarms,chuango:g5_plus_gsm\/sms\/rfid_touch_alarm_system,chuango,g5_plus_gsm\/sms\/rfid_touch_alarm_system,1,firmwareUpdateModel,ManualFlash|NoUpdatePath|OtaAutomatic|OtaUserInitiated|unsure,,,
alarms,chuango:g5_plus_gsm\/sms\/rfid_touch_alarm_system,chuango,g5_plus_gsm\/sms\/rfid_touch_alarm_system,1,formFactor,Fixed|Portable|Worn|unsure,,,
alarms,chuango:g5_plus_gsm\/sms\/rfid_touch_alarm_system,chuango,g5_plus_gsm\/sms\/rfid_touch_alarm_system,1,hasWebAdminUI,true|false|unsure,,,
alarms,chuango:g5_plus_gsm\/sms\/rfid_touch_alarm_system,chuango,g5_plus_gsm\/sms\/rfid_touch_alarm_system,1,placement,Either|Indoor|Outdoor|unsure,,,
alarms,chuango:g5_plus_gsm\/sms\/rfid_touch_alarm_system,chuango,g5_plus_gsm\/sms\/rfid_touch_alarm_system,1,supportLifetime,DeclaredLifetime|UndeclaredLifetime|unsure,,,
alarms,chuango:g5w,chuango,g5w,1,actuatesPhysical,true|false|unsure,,,
alarms,chuango:g5w,chuango,g5w,1,actuationConsequence,ComfortActuation|NoActuation|PropertyActuation|SafetyActuation|unsure,,,
alarms,chuango:g5w,chuango,g5w,1,capturesAV,true|false|unsure,,,
alarms,chuango:g5w,chuango,g5w,1,cloudDependence,CloudOptional|CloudRequired|LocalOnly|unsure,,,
alarms,chuango:g5w,chuango,g5w,1,computeTier,AndroidDerived|EmbeddedLinux|McuClass|Rtos|unsure,,,
alarms,chuango:g5w,chuango,g5w,1,consumerAvailability,InstallerChannel|MixedChannel|RetailConsumer|unsure,,,
alarms,chuango:g5w,chuango,g5w,1,dataSensitivity,AvStreamData|BiometricData|NoData|TelemetryData|unsure,,,
alarms,chuango:g5w,chuango,g5w,1,firmwareUpdateModel,ManualFlash|NoUpdatePath|OtaAutomatic|OtaUserInitiated|unsure,,,
alarms,chuango:g5w,chuango,g5w,1,formFactor,Fixed|Portable|Worn|unsure,,,
alarms,chuango:g5w,chuango,g5w,1,hasWebAdminUI,true|false|unsure,,,
alarms,chuango:g5w,chuango,g5w,1,placement,Either|Indoor|Outdoor|unsure,,,
alarms,chuango:g5w,chuango,g5w,1,supportLifetime,DeclaredLifetime|UndeclaredLifetime|unsure,,,
alarms,chuango:g5w_3g,chuango,g5w_3g,2,actuatesPhysical,true|false|unsure,,,
alarms,chuango:g5w_3g,chuango,g5w_3g,2,actuationConsequence,ComfortActuation|NoActuation|PropertyActuation|SafetyActuation|unsure,,,
alarms,chuango:g5w_3g,chuango,g5w_3g,2,capturesAV,true|false|unsure,,,
alarms,chuango:g5w_3g,chuango,g5w_3g,2,cloudDependence,CloudOptional|CloudRequired|LocalOnly|unsure,,,
alarms,chuango:g5w_3g,chuango,g5w_3g,2,computeTier,AndroidDerived|EmbeddedLinux|McuClass|Rtos|unsure,,,
alarms,chuango:g5w_3g,chuango,g5w_3g,2,consumerAvailability,InstallerChannel|MixedChannel|RetailConsumer|unsure,,,
alarms,chuango:g5w_3g,chuango,g5w_3g,2,dataSensitivity,AvStreamData|BiometricData|NoData|TelemetryData|unsure,,,
alarms,chuango:g5w_3g,chuango,g5w_3g,2,firmwareUpdateModel,ManualFlash|NoUpdatePath|OtaAutomatic|OtaUserInitiated|unsure,,,
alarms,chuango:g5w_3g,chuango,g5w_3g,2,formFactor,Fixed|Portable|Worn|unsure,,,
alarms,chuango:g5w_3g,chuango,g5w_3g,2,hasWebAdminUI,true|false|unsure,,,
alarms,chuango:g5w_3g,chuango,g5w_3g,2,placement,Either|Indoor|Outdoor|unsure,,,
alarms,chuango:g5w_3g,chuango,g5w_3g,2,supportLifetime,DeclaredLifetime|UndeclaredLifetime|unsure,,,
alarms,chuango:h4_plus,chuango,h4_plus,1,actuatesPhysical,true|false|unsure,,,
alarms,chuango:h4_plus,chuango,h4_plus,1,actuationConsequence,ComfortActuation|NoActuation|PropertyActuation|SafetyActuation|unsure,,,
alarms,chuango:h4_plus,chuango,h4_plus,1,capturesAV,true|false|unsure,,,
alarms,chuango:h4_plus,chuango,h4_plus,1,cloudDependence,CloudOptional|CloudRequired|LocalOnly|unsure,,,
alarms,chuango:h4_plus,chuango,h4_plus,1,computeTier,AndroidDerived|EmbeddedLinux|McuClass|Rtos|unsure,,,
alarms,chuango:h4_plus,chuango,h4_plus,1,consumerAvailability,InstallerChannel|MixedChannel|RetailConsumer|unsure,,,
alarms,chuango:h4_plus,chuango,h4_plus,1,dataSensitivity,AvStreamData|BiometricData|NoData|TelemetryData|unsure,,,
alarms,chuango:h4_plus,chuango,h4_plus,1,firmwareUpdateModel,ManualFlash|NoUpdatePath|OtaAutomatic|OtaUserInitiated|unsure,,,
alarms,chuango:h4_plus,chuango,h4_plus,1,formFactor,Fixed|Portable|Worn|unsure,,,
alarms,chuango:h4_plus,chuango,h4_plus,1,hasWebAdminUI,true|false|unsure,,,
alarms,chuango:h4_plus,chuango,h4_plus,1,placement,Either|Indoor|Outdoor|unsure,,,
alarms,chuango:h4_plus,chuango,h4_plus,1,supportLifetime,DeclaredLifetime|UndeclaredLifetime|unsure,,,
alarms,chuango:wifi\/cellular_smart_home_system_h4_plus,chuango,wifi\/cellular_smart_home_system_h4_plus,1,actuatesPhysical,true|false|unsure,,,
alarms,chuango:wifi\/cellular_smart_home_system_h4_plus,chuango,wifi\/cellular_smart_home_system_h4_plus,1,actuationConsequence,ComfortActuation|NoActuation|PropertyActuation|SafetyActuation|unsure,,,
alarms,chuango:wifi\/cellular_smart_home_system_h4_plus,chuango,wifi\/cellular_smart_home_system_h4_plus,1,capturesAV,true|false|unsure,,,
alarms,chuango:wifi\/cellular_smart_home_system_h4_plus,chuango,wifi\/cellular_smart_home_system_h4_plus,1,cloudDependence,CloudOptional|CloudRequired|LocalOnly|unsure,,,
alarms,chuango:wifi\/cellular_smart_home_system_h4_plus,chuango,wifi\/cellular_smart_home_system_h4_plus,1,computeTier,AndroidDerived|EmbeddedLinux|McuClass|Rtos|unsure,,,
alarms,chuango:wifi\/cellular_smart_home_system_h4_plus,chuango,wifi\/cellular_smart_home_system_h4_plus,1,consumerAvailability,InstallerChannel|MixedChannel|RetailConsumer|unsure,,,
alarms,chuango:wifi\/cellular_smart_home_system_h4_plus,chuango,wifi\/cellular_smart_home_system_h4_plus,1,dataSensitivity,AvStreamData|BiometricData|NoData|TelemetryData|unsure,,,
alarms,chuango:wifi\/cellular_smart_home_system_h4_plus,chuango,wifi\/cellular_smart_home_system_h4_plus,1,firmwareUpdateModel,ManualFlash|NoUpdatePath|OtaAutomatic|OtaUserInitiated|unsure,,,
alarms,chuango:wifi\/cellular_smart_home_system_h4_plus,chuango,wifi\/cellular_smart_home_system_h4_plus,1,formFactor,Fixed|Portable|Worn|unsure,,,
alarms,chuango:wifi\/cellular_smart_home_system_h4_plus,chuango,wifi\/cellular_smart_home_system_h4_plus,1,hasWebAdminUI,true|false|unsure,,,
alarms,chuango:wifi\/cellular_smart_home_system_h4_plus,chuango,wifi\/cellular_smart_home_system_h4_plus,1,placement,Either|Indoor|Outdoor|unsure,,,
alarms,chuango:wifi\/cellular_smart_home_system_h4_plus,chuango,wifi\/cellular_smart_home_system_h4_plus,1,supportLifetime,DeclaredLifetime|UndeclaredLifetime|unsure,,,
alarms,comcast:xfinity_home_security_system,comcast,xfinity_home_security_system,1,actuatesPhysical,true|false|unsure,,,
alarms,comcast:xfinity_home_security_system,comcast,xfinity_home_security_system,1,actuationConsequence,ComfortActuation|NoActuation|PropertyActuation|SafetyActuation|unsure,,,
alarms,comcast:xfinity_home_security_system,comcast,xfinity_home_security_system,1,capturesAV,true|false|unsure,,,
alarms,comcast:xfinity_home_security_system,comcast,xfinity_home_security_system,1,cloudDependence,CloudOptional|CloudRequired|LocalOnly|unsure,,,
alarms,comcast:xfinity_home_security_system,comcast,xfinity_home_security_system,1,computeTier,AndroidDerived|EmbeddedLinux|McuClass|Rtos|unsure,,,
alarms,comcast:xfinity_home_security_system,comcast,xfinity_home_security_system,1,consumerAvailability,InstallerChannel|MixedChannel|RetailConsumer|unsure,,,
alarms,comcast:xfinity_home_security_system,comcast,xfinity_home_security_system,1,dataSensitivity,AvStreamData|BiometricData|NoData|TelemetryData|unsure,,,
alarms,comcast:xfinity_home_security_system,comcast,xfinity_home_security_system,1,firmwareUpdateModel,ManualFlash|NoUpdatePath|OtaAutomatic|OtaUserInitiated|unsure,,,
alarms,comcast:xfinity_home_security_system,comcast,xfinity_home_security_system,1,formFactor,Fixed|Portable|Worn|unsure,,,
alarms,comcast:xfinity_home_security_system,comcast,xfinity_home_security_system,1,hasWebAdminUI,true|false|unsure,,,
alarms,comcast:xfinity_home_security_system,comcast,xfinity_home_security_system,1,placement,Either|Indoor|Outdoor|unsure,,,
alarms,comcast:xfinity_home_security_system,comcast,xfinity_home_security_system,1,supportLifetime,DeclaredLifetime|UndeclaredLifetime|unsure,,,
alarms,d3dsecurity:xz-g12,d3dsecurity,xz-g12,1,actuatesPhysical,true|false|unsure,,,
alarms,d3dsecurity:xz-g12,d3dsecurity,xz-g12,1,actuationConsequence,ComfortActuation|NoActuation|PropertyActuation|SafetyActuation|unsure,,,
alarms,d3dsecurity:xz-g12,d3dsecurity,xz-g12,1,capturesAV,true|false|unsure,,,
alarms,d3dsecurity:xz-g12,d3dsecurity,xz-g12,1,cloudDependence,CloudOptional|CloudRequired|LocalOnly|unsure,,,
alarms,d3dsecurity:xz-g12,d3dsecurity,xz-g12,1,computeTier,AndroidDerived|EmbeddedLinux|McuClass|Rtos|unsure,,,
alarms,d3dsecurity:xz-g12,d3dsecurity,xz-g12,1,consumerAvailability,InstallerChannel|MixedChannel|RetailConsumer|unsure,,,
alarms,d3dsecurity:xz-g12,d3dsecurity,xz-g12,1,dataSensitivity,AvStreamData|BiometricData|NoData|TelemetryData|unsure,,,
alarms,d3dsecurity:xz-g12,d3dsecurity,xz-g12,1,firmwareUpdateModel,ManualFlash|NoUpdatePath|OtaAutomatic|OtaUserInitiated|unsure,,,
alarms,d3dsecurity:xz-g12,d3dsecurity,xz-g12,1,formFactor,Fixed|Portable|Worn|unsure,,,
alarms,d3dsecurity:xz-g12,d3dsecurity,xz-g12,1,hasWebAdminUI,true|false|unsure,,,
alarms,d3dsecurity:xz-g12,d3dsecurity,xz-g12,1,placement,Either|Indoor|Outdoor|unsure,,,
alarms,d3dsecurity:xz-g12,d3dsecurity,xz-g12,1,supportLifetime,DeclaredLifetime|UndeclaredLifetime|unsure,,,
alarms,d3dsecurity:zx-g12,d3dsecurity,zx-g12,1,actuatesPhysical,true|false|unsure,,,
alarms,d3dsecurity:zx-g12,d3dsecurity,zx-g12,1,actuationConsequence,ComfortActuation|NoActuation|PropertyActuation|SafetyActuation|unsure,,,
alarms,d3dsecurity:zx-g12,d3dsecurity,zx-g12,1,capturesAV,true|false|unsure,,,
alarms,d3dsecurity:zx-g12,d3dsecurity,zx-g12,1,cloudDependence,CloudOptional|CloudRequired|LocalOnly|unsure,,,
alarms,d3dsecurity:zx-g12,d3dsecurity,zx-g12,1,computeTier,AndroidDerived|EmbeddedLinux|McuClass|Rtos|unsure,,,
alarms,d3dsecurity:zx-g12,d3dsecurity,zx-g12,1,consumerAvailability,InstallerChannel|MixedChannel|RetailConsumer|unsure,,,
alarms,d3dsecurity:zx-g12,d3dsecurity,zx-g12,1,dataSensitivity,AvStreamData|BiometricData|NoData|TelemetryData|unsure,,,
alarms,d3dsecurity:zx-g12,d3dsecurity,zx-g12,1,firmwareUpdateModel,ManualFlash|NoUpdatePath|OtaAutomatic|OtaUserInitiated|unsure,,,
alarms,d3dsecurity:zx-g12,d3dsecurity,zx-g12,1,formFactor,Fixed|Portable|Worn|unsure,,,
alarms,d3dsecurity:zx-g12,d3dsecurity,zx-g12,1,hasWebAdminUI,true|false|unsure,,,
alarms,d3dsecurity:zx-g12,d3dsecurity,zx-g12,1,placement,Either|Indoor|Outdoor|unsure,,,
alarms,d3dsecurity:zx-g12,d3dsecurity,zx-g12,1,supportLifetime,DeclaredLifetime|UndeclaredLifetime|unsure,,,
alarms,eminent:em8617_ov2_wifi_alarm_system,eminent,em8617_ov2_wifi_alarm_system,1,actuatesPhysical,true|false|unsure,,,
alarms,eminent:em8617_ov2_wifi_alarm_system,eminent,em8617_ov2_wifi_alarm_system,1,actuationConsequence,ComfortActuation|NoActuation|PropertyActuation|SafetyActuation|unsure,,,
alarms,eminent:em8617_ov2_wifi_alarm_system,eminent,em8617_ov2_wifi_alarm_system,1,capturesAV,true|false|unsure,,,
alarms,eminent:em8617_ov2_wifi_alarm_system,eminent,em8617_ov2_wifi_alarm_system,1,cloudDependence,CloudOptional|CloudRequired|LocalOnly|unsure,,,
alarms,eminent:em8617_ov2_wifi_alarm_system,eminent,em8617_ov2_wifi_alarm_system,1,computeTier,AndroidDerived|EmbeddedLinux|McuClass|Rtos|unsure,,,
alarms,eminent:em8617_ov2_wifi_alarm_system,eminent,em8617_ov2_wifi_alarm_system,1,consumerAvailability,InstallerChannel|MixedChannel|RetailConsumer|unsure,,,
alarms,eminent:em8617_ov2_wifi_alarm_system,eminent,em8617_ov2_wifi_alarm_system,1,dataSensitivity,AvStreamData|BiometricData|NoData|TelemetryData|unsure,,,
alarms,eminent:em8617_ov2_wifi_alarm_system,eminent,em8617_ov2_wifi_alarm_system,1,firmwareUpdateModel,ManualFlash|NoUpdatePath|OtaAutomatic|OtaUserInitiated|unsure,,,
alarms,eminent:em8617_ov2_wifi_alarm_system,eminent,em8617_ov2_wifi_alarm_system,1,formFactor,Fixed|Portable|Worn|unsure,,,
alarms,eminent:em8617_ov2_wifi_alarm_system,eminent,em8617_ov2_wifi_alarm_system,1,hasWebAdminUI,true|false|unsure,,,
alarms,eminent:em8617_ov2_wifi_alarm_system,eminent,em8617_ov2_wifi_alarm_system,1,placement,Either|Indoor|Outdoor|unsure,,,
alarms,eminent:em8617_ov2_wifi_alarm_system,eminent,em8617_ov2_wifi_alarm_system,1,supportLifetime,DeclaredLifetime|UndeclaredLifetime|unsure,,,
alarms,getnexx:nxal-100,getnexx,nxal-100,5,actuatesPhysical,true|false|unsure,,,
alarms,getnexx:nxal-100,getnexx,nxal-100,5,actuationConsequence,ComfortActuation|NoActuation|PropertyActuation|SafetyActuation|unsure,,,
alarms,getnexx:nxal-100,getnexx,nxal-100,5,capturesAV,true|false|unsure,,,
alarms,getnexx:nxal-100,getnexx,nxal-100,5,cloudDependence,CloudOptional|CloudRequired|LocalOnly|unsure,,,
alarms,getnexx:nxal-100,getnexx,nxal-100,5,computeTier,AndroidDerived|EmbeddedLinux|McuClass|Rtos|unsure,,,
alarms,getnexx:nxal-100,getnexx,nxal-100,5,consumerAvailability,InstallerChannel|MixedChannel|RetailConsumer|unsure,,,
alarms,getnexx:nxal-100,getnexx,nxal-100,5,dataSensitivity,AvStreamData|BiometricData|NoData|TelemetryData|unsure,,,
alarms,getnexx:nxal-100,getnexx,nxal-100,5,firmwareUpdateModel,ManualFlash|NoUpdatePath|OtaAutomatic|OtaUserInitiated|unsure,,,
alarms,getnexx:nxal-100,getnexx,nxal-100,5,formFactor,Fixed|Portable|Worn|unsure,,,
alarms,getnexx:nxal-100,getnexx,nxal-100,5,hasWebAdminUI,true|false|unsure,,,
alarms,getnexx:nxal-100,getnexx,nxal-100,5,placement,Either|Indoor|Outdoor|unsure,,,
alarms,getnexx:nxal-100,getnexx,nxal-100,5,supportLifetime,DeclaredLifetime|UndeclaredLifetime|unsure,,,
alarms,getnexx:nxg-100b,getnexx,nxg-100b,5,actuatesPhysical,true|false|unsure,,,
alarms,getnexx:nxg-100b,getnexx,nxg-100b,5,actuationConsequence,ComfortActuation|NoActuation|PropertyActuation|SafetyActuation|unsure,,,
alarms,getnexx:nxg-100b,getnexx,nxg-100b,5,capturesAV,true|false|unsure,,,
alarms,getnexx:nxg-100b,getnexx,nxg-100b,5,cloudDependence,CloudOptional|CloudRequired|LocalOnly|unsure,,,
alarms,getnexx:nxg-100b,getnexx,nxg-100b,5,computeTier,AndroidDerived|EmbeddedLinux|McuClass|Rtos|unsure,,,
alarms,getnexx:nxg-100b,getnexx,nxg-100b,5,consumerAvailability,InstallerChannel|MixedChannel|RetailConsumer|unsure,,,
alarms,getnexx:nxg-100b,getnexx,nxg-100b,5,dataSensitivity,AvStreamData|BiometricData|NoData|TelemetryData|unsure,,,
alarms,getnexx:nxg-100b,getnexx,nxg-100b,5,firmwareUpdateModel,ManualFlash|NoUpdatePath|OtaAutomatic|OtaUserInitiated|unsure,,,
alarms,getnexx:nxg-100b,getnexx,nxg-100b,5,formFactor,Fixed|Portable|Worn|unsure,,,
alarms,getnexx:nxg-100b,getnexx,nxg-100b,5,hasWebAdminUI,true|false|unsure,,,
alarms,getnexx:nxg-100b,getnexx,nxg-100b,5,placement,Either|Indoor|Outdoor|unsure,,,
alarms,getnexx:nxg-100b,getnexx,nxg-100b,5,supportLifetime,DeclaredLifetime|UndeclaredLifetime|unsure,,,
alarms,getnexx:nxg-200,getnexx,nxg-200,5,actuatesPhysical,true|false|unsure,,,
alarms,getnexx:nxg-200,getnexx,nxg-200,5,actuationConsequence,ComfortActuation|NoActuation|PropertyActuation|SafetyActuation|unsure,,,
alarms,getnexx:nxg-200,getnexx,nxg-200,5,capturesAV,true|false|unsure,,,
alarms,getnexx:nxg-200,getnexx,nxg-200,5,cloudDependence,CloudOptional|CloudRequired|LocalOnly|unsure,,,
alarms,getnexx:nxg-200,getnexx,nxg-200,5,computeTier,AndroidDerived|EmbeddedLinux|McuClass|Rtos|unsure,,,
alarms,getnexx:nxg-200,getnexx,nxg-200,5,consumerAvailability,InstallerChannel|MixedChannel|RetailConsumer|unsure,,,
alarms,getnexx:nxg-200,getnexx,nxg-200,5,dataSensitivity,AvStreamData|BiometricData|NoData|TelemetryData|unsure,,,
alarms,getnexx:nxg-200,getnexx,nxg-200,5,firmwareUpdateModel,ManualFlash|NoUpdatePath|OtaAutomatic|OtaUserInitiated|unsure,,,
alarms,getnexx:nxg-200,getnexx,nxg-200,5,formFactor,Fixed|Portable|Worn|unsure,,,
alarms,getnexx:nxg-200,getnexx,nxg-200,5,hasWebAdminUI,true|false|unsure,,,
alarms,getnexx:nxg-200,getnexx,nxg-200,5,placement,Either|Indoor|Outdoor|unsure,,,
alarms,getnexx:nxg-200,getnexx,nxg-200,5,supportLifetime,DeclaredLifetime|UndeclaredLifetime|unsure,,,
alarms,goabode:iota_all-in-one_security_kit,goabode,iota_all-in-one_security_kit,39,actuatesPhysical,true|false|unsure,,,
alarms,goabode:iota_all-in-one_security_kit,goabode,iota_all-in-one_security_kit,39,actuationConsequence,ComfortActuation|NoActuation|PropertyActuation|SafetyActuation|unsure,,,
alarms,goabode:iota_all-in-one_security_kit,goabode,iota_all-in-one_security_kit,39,capturesAV,true|false|unsure,,,
alarms,goabode:iota_all-in-one_security_kit,goabode,iota_all-in-one_security_kit,39,cloudDependence,CloudOptional|CloudRequired|LocalOnly|unsure,,,
alarms,goabode:iota_all-in-one_security_kit,goabode,iota_all-in-one_security_kit,39,computeTier,AndroidDerived|EmbeddedLinux|McuClass|Rtos|unsure,,,
alarms,goabode:iota_all-in-one_security_kit,goabode,iota_all-in-one_security_kit,39,consumerAvailability,InstallerChannel|MixedChannel|RetailConsumer|unsure,,,
alarms,goabode:iota_all-in-one_security_kit,goabode,iota_all-in-one_security_kit,39,dataSensitivity,AvStreamData|BiometricData|NoData|TelemetryData|unsure,,,
alarms,goabode:iota_all-in-one_security_kit,goabode,iota_all-in-one_security_kit,39,firmwareUpdateModel,ManualFlash|NoUpdatePath|OtaAutomatic|OtaUserInitiated|unsure,,,
alarms,goabode:iota_all-in-one_security_kit,goabode,iota_all-in-one_security_kit,39,formFactor,Fixed|Portable|Worn|unsure,,,
alarms,goabode:iota_all-in-one_security_kit,goabode,iota_all-in-one_security_kit,39,hasWebAdminUI,true|false|unsure,,,
alarms,goabode:iota_all-in-one_security_kit,goabode,iota_all-in-one_security_kit,39,placement,Either|Indoor|Outdoor|unsure,,,
alarms,goabode:iota_all-in-one_security_kit,goabode,iota_all-in-one_security_kit,39,supportLifetime,DeclaredLifetime|UndeclaredLifetime|unsure,,,
alarms,johnsoncontrols:qolsys_iq_panel_4,johnsoncontrols,qolsys_iq_panel_4,1,actuatesPhysical,true|false|unsure,,,
alarms,johnsoncontrols:qolsys_iq_panel_4,johnsoncontrols,qolsys_iq_panel_4,1,actuationConsequence,ComfortActuation|NoActuation|PropertyActuation|SafetyActuation|unsure,,,
alarms,johnsoncontrols:qolsys_iq_panel_4,johnsoncontrols,qolsys_iq_panel_4,1,capturesAV,true|false|unsure,,,
alarms,johnsoncontrols:qolsys_iq_panel_4,johnsoncontrols,qolsys_iq_panel_4,1,cloudDependence,CloudOptional|CloudRequired|LocalOnly|unsure,,,
alarms,johnsoncontrols:qolsys_iq_panel_4,johnsoncontrols,qolsys_iq_panel_4,1,computeTier,AndroidDerived|EmbeddedLinux|McuClass|Rtos|unsure,,,
alarms,johnsoncontrols:qolsys_iq_panel_4,johnsoncontrols,qolsys_iq_panel_4,1,consumerAvailability,InstallerChannel|MixedChannel|RetailConsumer|unsure,,,
alarms,johnsoncontrols:qolsys_iq_panel_4,johnsoncontrols,qolsys_iq_panel_4,1,dataSensitivity,AvStreamData|BiometricData|NoData|TelemetryData|unsure,,,
alarms,johnsoncontrols:qolsys_iq_panel_4,johnsoncontrols,qolsys_iq_panel_4,1,firmwareUpdateModel,ManualFlash|NoUpdatePath|OtaAutomatic|OtaUserInitiated|unsure,,,
alarms,johnsoncontrols:qolsys_iq_panel_4,johnsoncontrols,qolsys_iq_panel_4,1,formFactor,Fixed|Portable|Worn|unsure,,,
alarms,johnsoncontrols:qolsys_iq_panel_4,johnsoncontrols,qolsys_iq_panel_4,1,hasWebAdminUI,true|false|unsure,,,
alarms,johnsoncontrols:qolsys_iq_panel_4,johnsoncontrols,qolsys_iq_panel_4,1,placement,Either|Indoor|Outdoor|unsure,,,
alarms,johnsoncontrols:qolsys_iq_panel_4,johnsoncontrols,qolsys_iq_panel_4,1,supportLifetime,DeclaredLifetime|UndeclaredLifetime|unsure,,,
alarms,keruistore:kerui_w18,keruistore,kerui_w18,1,actuatesPhysical,true|false|unsure,,,
alarms,keruistore:kerui_w18,keruistore,kerui_w18,1,actuationConsequence,ComfortActuation|NoActuation|PropertyActuation|SafetyActuation|unsure,,,
alarms,keruistore:kerui_w18,keruistore,kerui_w18,1,capturesAV,true|false|unsure,,,
alarms,keruistore:kerui_w18,keruistore,kerui_w18,1,cloudDependence,CloudOptional|CloudRequired|LocalOnly|unsure,,,
alarms,keruistore:kerui_w18,keruistore,kerui_w18,1,computeTier,AndroidDerived|EmbeddedLinux|McuClass|Rtos|unsure,,,
alarms,keruistore:kerui_w18,keruistore,kerui_w18,1,consumerAvailability,InstallerChannel|MixedChannel|RetailConsumer|unsure,,,
alarms,keruistore:kerui_w18,keruistore,kerui_w18,1,dataSensitivity,AvStreamData|BiometricData|NoData|TelemetryData|unsure,,,
alarms,keruistore:kerui_w18,keruistore,kerui_w18,1,firmwareUpdateModel,ManualFlash|NoUpdatePath|OtaAutomatic|OtaUserInitiated|unsure,,,
alarms,keruistore:kerui_w18,keruistore,kerui_w18,1,formFactor,Fixed|Portable|Worn|unsure,,,
alarms,keruistore:kerui_w18,keruistore,kerui_w18,1,hasWebAdminUI,true|false|unsure,,,
alarms,keruistore:kerui_w18,keruistore,kerui_w18,1,placement,Either|Indoor|Outdoor|unsure,,,
alarms,keruistore:kerui_w18,keruistore,kerui_w18,1,supportLifetime,DeclaredLifetime|UndeclaredLifetime|unsure,,,
alarms,kseniasecurity:lares,kseniasecurity,lares,4,actuatesPhysical,true|false|unsure,,,
alarms,kseniasecurity:lares,kseniasecurity,lares,4,actuationConsequence,ComfortActuation|NoActuation|PropertyActuation|SafetyActuation|unsure,,,
alarms,kseniasecurity:lares,kseniasecurity,lares,4,capturesAV,true|false|unsure,,,
alarms,kseniasecurity:lares,kseniasecurity,lares,4,cloudDependence,CloudOptional|CloudRequired|LocalOnly|unsure,,,
alarms,kseniasecurity:lares,kseniasecurity,lares,4,computeTier,AndroidDerived|EmbeddedLinux|McuClass|Rtos|unsure,,,
alarms,kseniasecurity:lares,kseniasecurity,lares,4,consumerAvailability,InstallerChannel|MixedChannel|RetailConsumer|unsure,,,
alarms,kseniasecurity:lares,kseniasecurity,lares,4,dataSensitivity,AvStreamData|BiometricData|NoData|TelemetryData|unsure,,,
alarms,kseniasecurity:lares,kseniasecurity,lares,4,firmwareUpdateModel,ManualFlash|NoUpdatePath|OtaAutomatic|OtaUserInitiated|unsure,,,
alarms,kseniasecurity:lares,kseniasecurity,lares,4,formFactor,Fixed|Portable|Worn|unsure,,,
alarms,kseniasecurity:lares,kseniasecurity,lares,4,hasWebAdminUI,true|false|unsure,,,
alarms,kseniasecurity:lares,kseniasecurity,lares,4,placement,Either|Indoor|Outdoor|unsure,,,
alarms,kseniasecurity:lares,kseniasecurity,lares,4,supportLifetime,DeclaredLifetime|UndeclaredLifetime|unsure,,,
alarms,mydigoo:dg-hamb,mydigoo,dg-hamb,1,actuatesPhysical,true|false|unsure,,,
alarms,mydigoo:dg-hamb,mydigoo,dg-hamb,1,actuationConsequence,ComfortActuation|NoActuation|PropertyActuation|SafetyActuation|unsure,,,
alarms,mydigoo:dg-hamb,mydigoo,dg-hamb,1,capturesAV,true|false|unsure,,,
alarms,mydigoo:dg-hamb,mydigoo,dg-hamb,1,cloudDependence,CloudOptional|CloudRequired|LocalOnly|unsure,,,
alarms,mydigoo:dg-hamb,mydigoo,dg-hamb,1,computeTier,AndroidDerived|EmbeddedLinux|McuClass|Rtos|unsure,,,
alarms,mydigoo:dg-hamb,mydigoo,dg-hamb,1,consumerAvailability,InstallerChannel|MixedChannel|RetailConsumer|unsure,,,
alarms,mydigoo:dg-hamb,mydigoo,dg-hamb,1,dataSensitivity,AvStreamData|BiometricData|NoData|TelemetryData|unsure,,,
alarms,mydigoo:dg-hamb,mydigoo,dg-hamb,1,firmwareUpdateModel,ManualFlash|NoUpdatePath|OtaAutomatic|OtaUserInitiated|unsure,,,
alarms,mydigoo:dg-hamb,mydigoo,dg-hamb,1,formFactor,Fixed|Portable|Worn|unsure,,,
alarms,mydigoo:dg-hamb,mydigoo,dg-hamb,1,hasWebAdminUI,true|false|unsure,,,
alarms,mydigoo:dg-hamb,mydigoo,dg-hamb,1,placement,Either|Indoor|Outdoor|unsure,,,
alarms,mydigoo:dg-hamb,mydigoo,dg-hamb,1,supportLifetime,DeclaredLifetime|UndeclaredLifetime|unsure,,,
alarms,paradox:ipr512,paradox,ipr512,1,actuatesPhysical,true|false|unsure,,,
alarms,paradox:ipr512,paradox,ipr512,1,actuationConsequence,ComfortActuation|NoActuation|PropertyActuation|SafetyActuation|unsure,,,
alarms,paradox:ipr512,paradox,ipr512,1,capturesAV,true|false|unsure,,,
alarms,paradox:ipr512,paradox,ipr512,1,cloudDependence,CloudOptional|CloudRequired|LocalOnly|unsure,,,
alarms,paradox:ipr512,paradox,ipr512,1,computeTier,AndroidDerived|EmbeddedLinux|McuClass|Rtos|unsure,,,
alarms,paradox:ipr512,paradox,ipr512,1,consumerAvailability,InstallerChannel|MixedChannel|RetailConsumer|unsure,,,
alarms,paradox:ipr512,paradox,ipr512,1,dataSensitivity,AvStreamData|BiometricData|NoData|TelemetryData|unsure,,,
alarms,paradox:ipr512,paradox,ipr512,1,firmwareUpdateModel,ManualFlash|NoUpdatePath|OtaAutomatic|OtaUserInitiated|unsure,,,
alarms,paradox:ipr512,paradox,ipr512,1,formFactor,Fixed|Portable|Worn|unsure,,,
alarms,paradox:ipr512,paradox,ipr512,1,hasWebAdminUI,true|false|unsure,,,
alarms,paradox:ipr512,paradox,ipr512,1,placement,Either|Indoor|Outdoor|unsure,,,
alarms,paradox:ipr512,paradox,ipr512,1,supportLifetime,DeclaredLifetime|UndeclaredLifetime|unsure,,,
alarms,simplisafe:simplisafe_ss3,simplisafe,simplisafe_ss3,1,actuatesPhysical,true|false|unsure,,,
alarms,simplisafe:simplisafe_ss3,simplisafe,simplisafe_ss3,1,actuationConsequence,ComfortActuation|NoActuation|PropertyActuation|SafetyActuation|unsure,,,
alarms,simplisafe:simplisafe_ss3,simplisafe,simplisafe_ss3,1,capturesAV,true|false|unsure,,,
alarms,simplisafe:simplisafe_ss3,simplisafe,simplisafe_ss3,1,cloudDependence,CloudOptional|CloudRequired|LocalOnly|unsure,,,
alarms,simplisafe:simplisafe_ss3,simplisafe,simplisafe_ss3,1,computeTier,AndroidDerived|EmbeddedLinux|McuClass|Rtos|unsure,,,
alarms,simplisafe:simplisafe_ss3,simplisafe,simplisafe_ss3,1,consumerAvailability,InstallerChannel|MixedChannel|RetailConsumer|unsure,,,
alarms,simplisafe:simplisafe_ss3,simplisafe,simplisafe_ss3,1,dataSensitivity,AvStreamData|BiometricData|NoData|TelemetryData|unsure,,,
alarms,simplisafe:simplisafe_ss3,simplisafe,simplisafe_ss3,1,firmwareUpdateModel,ManualFlash|NoUpdatePath|OtaAutomatic|OtaUserInitiated|unsure,,,
alarms,simplisafe:simplisafe_ss3,simplisafe,simplisafe_ss3,1,formFactor,Fixed|Portable|Worn|unsure,,,
alarms,simplisafe:simplisafe_ss3,simplisafe,simplisafe_ss3,1,hasWebAdminUI,true|false|unsure,,,
alarms,simplisafe:simplisafe_ss3,simplisafe,simplisafe_ss3,1,placement,Either|Indoor|Outdoor|unsure,,,
alarms,simplisafe:simplisafe_ss3,simplisafe,simplisafe_ss3,1,supportLifetime,DeclaredLifetime|UndeclaredLifetime|unsure,,,
alarms,simplisafe:ss3,simplisafe,ss3,2,actuatesPhysical,true|false|unsure,,,
alarms,simplisafe:ss3,simplisafe,ss3,2,actuationConsequence,ComfortActuation|NoActuation|PropertyActuation|SafetyActuation|unsure,,,
alarms,simplisafe:ss3,simplisafe,ss3,2,capturesAV,true|false|unsure,,,
alarms,simplisafe:ss3,simplisafe,ss3,2,cloudDependence,CloudOptional|CloudRequired|LocalOnly|unsure,,,
alarms,simplisafe:ss3,simplisafe,ss3,2,computeTier,AndroidDerived|EmbeddedLinux|McuClass|Rtos|unsure,,,
alarms,simplisafe:ss3,simplisafe,ss3,2,consumerAvailability,InstallerChannel|MixedChannel|RetailConsumer|unsure,,,
alarms,simplisafe:ss3,simplisafe,ss3,2,dataSensitivity,AvStreamData|BiometricData|NoData|TelemetryData|unsure,,,
alarms,simplisafe:ss3,simplisafe,ss3,2,firmwareUpdateModel,ManualFlash|NoUpdatePath|OtaAutomatic|OtaUserInitiated|unsure,,,
alarms,simplisafe:ss3,simplisafe,ss3,2,formFactor,Fixed|Portable|Worn|unsure,,,
alarms,simplisafe:ss3,simplisafe,ss3,2,hasWebAdminUI,true|false|unsure,,,
alarms,simplisafe:ss3,simplisafe,ss3,2,placement,Either|Indoor|Outdoor|unsure,,,
alarms,simplisafe:ss3,simplisafe,ss3,2,supportLifetime,DeclaredLifetime|UndeclaredLifetime|unsure,,,
alarms,simplisafe:u9k-bs1000,simplisafe,u9k-bs1000,2,actuatesPhysical,true|false|unsure,,,
alarms,simplisafe:u9k-bs1000,simplisafe,u9k-bs1000,2,actuationConsequence,ComfortActuation|NoActuation|PropertyActuation|SafetyActuation|unsure,,,
alarms,simplisafe:u9k-bs1000,simplisafe,u9k-bs1000,2,capturesAV,true|false|unsure,,,
alarms,simplisafe:u9k-bs1000,simplisafe,u9k-bs1000,2,cloudDependence,CloudOptional|CloudRequired|LocalOnly|unsure,,,
alarms,simplisafe:u9k-bs1000,simplisafe,u9k-bs1000,2,computeTier,AndroidDerived|EmbeddedLinux|McuClass|Rtos|unsure,,,
alarms,simplisafe:u9k-bs1000,simplisafe,u9k-bs1000,2,consumerAvailability,InstallerChannel|MixedChannel|RetailConsumer|unsure,,,
alarms,simplisafe:u9k-bs1000,simplisafe,u9k-bs1000,2,dataSensitivity,AvStreamData|BiometricData|NoData|TelemetryData|unsure,,,
alarms,simplisafe:u9k-bs1000,simplisafe,u9k-bs1000,2,firmwareUpdateModel,ManualFlash|NoUpdatePath|OtaAutomatic|OtaUserInitiated|unsure,,,
alarms,simplisafe:u9k-bs1000,simplisafe,u9k-bs1000,2,formFactor,Fixed|Portable|Worn|unsure,,,
alarms,simplisafe:u9k-bs1000,simplisafe,u9k-bs1000,2,hasWebAdminUI,true|false|unsure,,,
alarms,simplisafe:u9k-bs1000,simplisafe,u9k-bs1000,2,placement,Either|Indoor|Outdoor|unsure,,,
alarms,simplisafe:u9k-bs1000,simplisafe,u9k-bs1000,2,supportLifetime,DeclaredLifetime|UndeclaredLifetime|unsure,,,
alarms,simplisafe:u9k-es1000,simplisafe,u9k-es1000,1,actuatesPhysical,true|false|unsure,,,
alarms,simplisafe:u9k-es1000,simplisafe,u9k-es1000,1,actuationConsequence,ComfortActuation|NoActuation|PropertyActuation|SafetyActuation|unsure,,,
alarms,simplisafe:u9k-es1000,simplisafe,u9k-es1000,1,capturesAV,true|false|unsure,,,
alarms,simplisafe:u9k-es1000,simplisafe,u9k-es1000,1,cloudDependence,CloudOptional|CloudRequired|LocalOnly|unsure,,,
alarms,simplisafe:u9k-es1000,simplisafe,u9k-es1000,1,computeTier,AndroidDerived|EmbeddedLinux|McuClass|Rtos|unsure,,,
alarms,simplisafe:u9k-es1000,simplisafe,u9k-es1000,1,consumerAvailability,InstallerChannel|MixedChannel|RetailConsumer|unsure,,,
alarms,simplisafe:u9k-es1000,simplisafe,u9k-es1000,1,dataSensitivity,AvStreamData|BiometricData|NoData|TelemetryData|unsure,,,
alarms,simplisafe:u9k-es1000,simplisafe,u9k-es1000,1,firmwareUpdateModel,ManualFlash|NoUpdatePath|OtaAutomatic|OtaUserInitiated|unsure,,,
alarms,simplisafe:u9k-es1000,simplisafe,u9k-es1000,1,formFactor,Fixed|Portable|Worn|unsure,,,
alarms,simplisafe:u9k-es1000,simplisafe,u9k-es1000,1,hasWebAdminUI,true|false|unsure,,,
alarms,simplisafe:u9k-es1000,simplisafe,u9k-es1000,1,placement,Either|Indoor|Outdoor|unsure,,,
alarms,simplisafe:u9k-es1000,simplisafe,u9k-es1000,1,supportLifetime,DeclaredLifetime|UndeclaredLifetime|unsure,,,
alarms,simplisafe:u9k-kp1000,simplisafe,u9k-kp1000,1,actuatesPhysical,true|false|unsure,,,
alarms,simplisafe:u9k-kp1000,simplisafe,u9k-kp1000,1,actuationConsequence,ComfortActuation|NoActuation|PropertyActuation|SafetyActuation|unsure,,,
alarms,simplisafe:u9k-kp1000,simplisafe,u9k-kp1000,1,capturesAV,true|false|unsure,,,
alarms,simplisafe:u9k-kp1000,simplisafe,u9k-kp1000,1,cloudDependence,CloudOptional|CloudRequired|LocalOnly|unsure,,,
alarms,simplisafe:u9k-kp1000,simplisafe,u9k-kp1000,1,computeTier,AndroidDerived|EmbeddedLinux|McuClass|Rtos|unsure,,,
alarms,simplisafe:u9k-kp1000,simplisafe,u9k-kp1000,1,consumerAvailability,InstallerChannel|MixedChannel|RetailConsumer|unsure,,,
alarms,simplisafe:u9k-kp1000,simplisafe,u9k-kp1000,1,dataSensitivity,AvStreamData|BiometricData|NoData|TelemetryData|unsure,,,
alarms,simplisafe:u9k-kp1000,simplisafe,u9k-kp1000,1,firmwareUpdateModel,ManualFlash|NoUpdatePath|OtaAutomatic|OtaUserInitiated|unsure,,,
alarms,simplisafe:u9k-kp1000,simplisafe,u9k-kp1000,1,formFactor,Fixed|Portable|Worn|unsure,,,
alarms,simplisafe:u9k-kp1000,simplisafe,u9k-kp1000,1,hasWebAdminUI,true|false|unsure,,,
alarms,simplisafe:u9k-kp1000,simplisafe,u9k-kp1000,1,placement,Either|Indoor|Outdoor|unsure,,,
alarms,simplisafe:u9k-kp1000,simplisafe,u9k-kp1000,1,supportLifetime,DeclaredLifetime|UndeclaredLifetime|unsure,,,
alarms,simplisafe:u9k-ms1000,simplisafe,u9k-ms1000,1,actuatesPhysical,true|false|unsure,,,
alarms,simplisafe:u9k-ms1000,simplisafe,u9k-ms1000,1,actuationConsequence,ComfortActuation|NoActuation|PropertyActuation|SafetyActuation|unsure,,,
alarms,simplisafe:u9k-ms1000,simplisafe,u9k-ms1000,1,capturesAV,true|false|unsure,,,
alarms,simplisafe:u9k-ms1000,simplisafe,u9k-ms1000,1,cloudDependence,CloudOptional|CloudRequired|LocalOnly|unsure,,,
alarms,simplisafe:u9k-ms1000,simplisafe,u9k-ms1000,1,computeTier,AndroidDerived|EmbeddedLinux|McuClass|Rtos|unsure,,,
alarms,simplisafe:u9k-ms1000,simplisafe,u9k-ms1000,1,consumerAvailability,InstallerChannel|MixedChannel|RetailConsumer|unsure,,,
alarms,simplisafe:u9k-ms1000,simplisafe,u9k-ms1000,1,dataSensitivity,AvStreamData|BiometricData|NoData|TelemetryData|unsure,,,
alarms,simplisafe:u9k-ms1000,simplisafe,u9k-ms1000,1,firmwareUpdateModel,ManualFlash|NoUpdatePath|OtaAutomatic|OtaUserInitiated|unsure,,,
alarms,simplisafe:u9k-ms1000,simplisafe,u9k-ms1000,1,formFactor,Fixed|Portable|Worn|unsure,,,
alarms,simplisafe:u9k-ms1000,simplisafe,u9k-ms1000,1,hasWebAdminUI,true|false|unsure,,,
alarms,simplisafe:u9k-ms1000,simplisafe,u9k-ms1000,1,placement,Either|Indoor|Outdoor|unsure,,,
alarms,simplisafe:u9k-ms1000,simplisafe,u9k-ms1000,1,supportLifetime,DeclaredLifetime|UndeclaredLifetime|unsure,,,
alarms,simplisafe:u9k-wt1000,simplisafe,u9k-wt1000,1,actuatesPhysical,true|false|unsure,,,
alarms,simplisafe:u9k-wt1000,simplisafe,u9k-wt1000,1,actuationConsequence,ComfortActuation|NoActuation|PropertyActuation|SafetyActuation|unsure,,,
alarms,simplisafe:u9k-wt1000,simplisafe,u9k-wt1000,1,capturesAV,true|false|unsure,,,
alarms,simplisafe:u9k-wt1000,simplisafe,u9k-wt1000,1,cloudDependence,CloudOptional|CloudRequired|LocalOnly|unsure,,,
alarms,simplisafe:u9k-wt1000,simplisafe,u9k-wt1000,1,computeTier,AndroidDerived|EmbeddedLinux|McuClass|Rtos|unsure,,,
alarms,simplisafe:u9k-wt1000,simplisafe,u9k-wt1000,1,consumerAvailability,InstallerChannel|MixedChannel|RetailConsumer|unsure,,,
alarms,simplisafe:u9k-wt1000,simplisafe,u9k-wt1000,1,dataSensitivity,AvStreamData|BiometricData|NoData|TelemetryData|unsure,,,
alarms,simplisafe:u9k-wt1000,simplisafe,u9k-wt1000,1,firmwareUpdateModel,ManualFlash|NoUpdatePath|OtaAutomatic|OtaUserInitiated|unsure,,,
alarms,simplisafe:u9k-wt1000,simplisafe,u9k-wt1000,1,formFactor,Fixed|Portable|Worn|unsure,,,
alarms,simplisafe:u9k-wt1000,simplisafe,u9k-wt1000,1,hasWebAdminUI,true|false|unsure,,,
alarms,simplisafe:u9k-wt1000,simplisafe,u9k-wt1000,1,placement,Either|Indoor|Outdoor|unsure,,,
alarms,simplisafe:u9k-wt1000,simplisafe,u9k-wt1000,1,supportLifetime,DeclaredLifetime|UndeclaredLifetime|unsure,,,
alarms,vivint:sky_control_panel,vivint,sky_control_panel,1,actuatesPhysical,true|false|unsure,,,
alarms,vivint:sky_control_panel,vivint,sky_control_panel,1,actuationConsequence,ComfortActuation|NoActuation|PropertyActuation|SafetyActuation|unsure,,,
alarms,vivint:sky_control_panel,vivint,sky_control_panel,1,capturesAV,true|false|unsure,,,
alarms,vivint:sky_control_panel,vivint,sky_control_panel,1,cloudDependence,CloudOptional|CloudRequired|LocalOnly|unsure,,,
alarms,vivint:sky_control_panel,vivint,sky_control_panel,1,computeTier,AndroidDerived|EmbeddedLinux|McuClass|Rtos|unsure,,,
alarms,vivint:sky_control_panel,vivint,sky_control_panel,1,consumerAvailability,InstallerChannel|MixedChannel|RetailConsumer|unsure,,,
alarms,vivint:sky_control_panel,vivint,sky_control_panel,1,dataSensitivity,AvStreamData|BiometricData|NoData|TelemetryData|unsure,,,
alarms,vivint:sky_control_panel,vivint,sky_control_panel,1,firmwareUpdateModel,ManualFlash|NoUpdatePath|OtaAutomatic|OtaUserInitiated|unsure,,,
alarms,vivint:sky_control_panel,vivint,sky_control_panel,1,formFactor,Fixed|Portable|Worn|unsure,,,
alarms,vivint:sky_control_panel,vivint,sky_control_panel,1,hasWebAdminUI,true|false|unsure,,,
alarms,vivint:sky_control_panel,vivint,sky_control_panel,1,placement,Either|Indoor|Outdoor|unsure,,,
alarms,vivint:sky_control_panel,vivint,sky_control_panel,1,supportLifetime,DeclaredLifetime|UndeclaredLifetime|unsure,,,
cameras,abus:tvip_10055b,abus,tvip_10055b,5,actuatesPhysical,true|false|unsure,,,
cameras,abus:tvip_10055b,abus,tvip_10055b,5,actuationConsequence,ComfortActuation|NoActuation|PropertyActuation|SafetyActuation|unsure,,,
cameras,abus:tvip_10055b,abus,tvip_10055b,5,capturesAV,true|false|unsure,,,
cameras,abus:tvip_10055b,abus,tvip_10055b,5,cloudDependence,CloudOptional|CloudRequired|LocalOnly|unsure,,,
cameras,abus:tvip_10055b,abus,tvip_10055b,5,computeTier,AndroidDerived|EmbeddedLinux|McuClass|Rtos|unsure,,,
cameras,abus:tvip_10055b,abus,tvip_10055b,5,consumerAvailability,InstallerChannel|MixedChannel|RetailConsumer|unsure,,,
cameras,abus:tvip_10055b,abus,tvip_10055b,5,dataSensitivity,AvStreamData|BiometricData|NoData|TelemetryData|unsure,,,
cameras,abus:tvip_10055b,abus,tvip_10055b,5,firmwareUpdateModel,ManualFlash|NoUpdatePath|OtaAutomatic|OtaUserInitiated|unsure,,,
cameras,abus:tvip_10055b,abus,tvip_10055b,5,formFactor,Fixed|Portable|Worn|unsure,,,
cameras,abus:tvip_10055b,abus,tvip_10055b,5,hasWebAdminUI,true|false|unsure,,,
cameras,abus:tvip_10055b,abus,tvip_10055b,5,placement,Either|Indoor|Outdoor|unsure,,,
cameras,abus:tvip_10055b,abus,tvip_10055b,5,supportLifetime,DeclaredLifetime|UndeclaredLifetime|unsure,,,
cameras,abus:tvip_11000,abus,tvip_11000,5,actuatesPhysical,true|false|unsure,,,
cameras,abus:tvip_11000,abus,tvip_11000,5,actuationConsequence,ComfortActuation|NoActuation|PropertyActuation|SafetyActuation|unsure,,,
cameras,abus:tvip_11000,abus,tvip_11000,5,capturesAV,true|false|unsure,,,
cameras,abus:tvip_11000,abus,tvip_11000,5,cloudDependence,CloudOptional|CloudRequired|LocalOnly|unsure,,,
cameras,abus:tvip_11000,abus,tvip_11000,5,computeTier,AndroidDerived|EmbeddedLinux|McuClass|Rtos|unsure,,,
cameras,abus:tvip_11000,abus,tvip_11000,5,consumerAvailability,InstallerChannel|MixedChannel|RetailConsumer|unsure,,,
cameras,abus:tvip_11000,abus,tvip_11000,5,dataSensitivity,AvStreamData|BiometricData|NoData|TelemetryData|unsure,,,
cameras,abus:tvip_11000,abus,tvip_11000,5,firmwareUpdateModel,ManualFlash|NoUpdatePath|OtaAutomatic|OtaUserInitiated|unsure,,,
cameras,abus:tvip_11000,abus,tvip_11000,5,formFactor,Fixed|Portable|Worn|unsure,,,
cameras,abus:tvip_11000,abus,tvip_11000,5,hasWebAdminUI,true|false|unsure,,,
cameras,abus:tvip_11000,abus,tvip_11000,5,placement,Either|Indoor|Outdoor|unsure,,,
cameras,abus:tvip_11000,abus,tvip_11000,5,supportLifetime,DeclaredLifetime|UndeclaredLifetime|unsure,,,
cameras,amcrest:amcrest_ipc-hx1x3x-lexus_eng_n_amcrest,amcrest,amcrest_ipc-hx1x3x-lexus_eng_n_amcrest,1,actuatesPhysical,true|false|unsure,,,
cameras,amcrest:amcrest_ipc-hx1x3x-lexus_eng_n_amcrest,amcrest,amcrest_ipc-hx1x3x-lexus_eng_n_amcrest,1,actuationConsequence,ComfortActuation|NoActuation|PropertyActuation|SafetyActuation|unsure,,,
cameras,amcrest:amcrest_ipc-hx1x3x-lexus_eng_n_amcrest,amcrest,amcrest_ipc-hx1x3x-lexus_eng_n_amcrest,1,capturesAV,true|false|unsure,,,
cameras,amcrest:amcrest_ipc-hx1x3x-lexus_eng_n_amcrest,amcrest,amcrest_ipc-hx1x3x-lexus_eng_n_amcrest,1,cloudDependence,CloudOptional|CloudRequired|LocalOnly|unsure,,,
cameras,amcrest:amcrest_ipc-hx1x3x-lexus_eng_n_amcrest,amcrest,amcrest_ipc-hx1x3x-lexus_eng_n_amcrest,1,computeTier,AndroidDerived|EmbeddedLinux|McuClass|Rtos|unsure,,,
cameras,amcrest:amcrest_ipc-hx1x3x-lexus_eng_n_amcrest,amcrest,amcrest_ipc-hx1x3x-lexus_eng_n_amcrest,1,consumerAvailability,InstallerChannel|MixedChannel|RetailConsumer|unsure,,,
cameras,amcrest:amcrest_ipc-hx1x3x-lexus_eng_n_amcrest,amcrest,amcrest_ipc-hx1x3x-lexus_eng_n_amcrest,1,dataSensitivity,AvStreamData|BiometricData|NoData|TelemetryData|unsure,,,
cameras,amcrest:amcrest_ipc-hx1x3x-lexus_eng_n_amcrest,amcrest,amcrest_ipc-hx1x3x-lexus_eng_n_amcrest,1,firmwareUpdateModel,ManualFlash|NoUpdatePath|OtaAutomatic|OtaUserInitiated|unsure,,,
cameras,amcrest:amcrest_ipc-hx1x3x-lexus_eng_n_amcrest,amcrest,amcrest_ipc-hx1x3x-lexus_eng_n_amcrest,1,formFactor,Fixed|Portable|Worn|unsure,,,
cameras,amcrest:amcrest_ipc-hx1x3x-lexus_eng_n_amcrest,amcrest,amcrest_ipc-hx1x3x-lexus_eng_n_amcrest,1,hasWebAdminUI,true|false|unsure,,,
cameras,amcrest:amcrest_ipc-hx1x3x-lexus_eng_n_amcrest,amcrest,amcrest_ipc-hx1x3x-lexus_eng_n_amcrest,1,placement,Either|Indoor|Outdoor|unsure,,,
cameras,amcrest:amcrest_ipc-hx1x3x-lexus_eng_n_amcrest,amcrest,amcrest_ipc-hx1x3x-lexus_eng_n_amcrest,1,supportLifetime,DeclaredLifetime|UndeclaredLifetime|unsure,,,
cameras,c-first:cfr-16ehd,c-first,cfr-16ehd,2,actuatesPhysical,true|false|unsure,,,
cameras,c-first:cfr-16ehd,c-first,cfr-16ehd,2,actuationConsequence,ComfortActuation|NoActuation|PropertyActuation|SafetyActuation|unsure,,,
cameras,c-first:cfr-16ehd,c-first,cfr-16ehd,2,capturesAV,true|false|unsure,,,
cameras,c-first:cfr-16ehd,c-first,cfr-16ehd,2,cloudDependence,CloudOptional|CloudRequired|LocalOnly|unsure,,,
cameras,c-first:cfr-16ehd,c-first,cfr-16ehd,2,computeTier,AndroidDerived|EmbeddedLinux|McuClass|Rtos|unsure,,,
cameras,c-first:cfr-16ehd,c-first,cfr-16ehd,2,consumerAvailability,InstallerChannel|MixedChannel|RetailConsumer|unsure,,,
cameras,c-first:cfr-16ehd,c-first,cfr-16ehd,2,dataSensitivity,AvStreamData|BiometricData|NoData|TelemetryData|unsure,,,
cameras,c-first:cfr-16ehd,c-first,cfr-16ehd,2,firmwareUpdateModel,ManualFlash|NoUpdatePath|OtaAutomatic|OtaUserInitiated|unsure,,,
cameras,c-first:cfr-16ehd,c-first,cfr-16ehd,2,formFactor,Fixed|Portable|Worn|unsure,,,
cameras,c-first:cfr-16ehd,c-first,cfr-16ehd,2,hasWebAdminUI,true|false|unsure,,,
cameras,c-first:cfr-16ehd,c-first,cfr-16ehd,2,placement,Either|Indoor|Outdoor|unsure,,,
cameras,c-first:cfr-16ehd,c-first,cfr-16ehd,2,supportLifetime,DeclaredLifetime|UndeclaredLifetime|unsure,,,
cameras,castel:nextgen_dvr,castel,nextgen_dvr,4,actuatesPhysical,true|false|unsure,,,
cameras,castel:nextgen_dvr,castel,nextgen_dvr,4,actuationConsequence,ComfortActuation|NoActuation|PropertyActuation|SafetyActuation|unsure,,,
cameras,castel:nextgen_dvr,castel,nextgen_dvr,4,capturesAV,true|false|unsure,,,
cameras,castel:nextgen_dvr,castel,nextgen_dvr,4,cloudDependence,CloudOptional|CloudRequired|LocalOnly|unsure,,,
cameras,castel:nextgen_dvr,castel,nextgen_dvr,4,computeTier,AndroidDerived|EmbeddedLinux|McuClass|Rtos|unsure,,,
cameras,castel:nextgen_dvr,castel,nextgen_dvr,4,consumerAvailability,InstallerChannel|MixedChannel|RetailConsumer|unsure,,,
cameras,castel:nextgen_dvr,castel,nextgen_dvr,4,dataSensitivity,AvStreamData|BiometricData|NoData|TelemetryData|unsure,,,
cameras,castel:nextgen_dvr,castel,nextgen_dvr,4,firmwareUpdateModel,ManualFlash|NoUpdatePath|OtaAutomatic|OtaUserInitiated|unsure,,,
cameras,castel:nextgen_dvr,castel,nextgen_dvr,4,formFactor,Fixed|Portable|Worn|unsure,,,
cameras,castel:nextgen_dvr,castel,nextgen_dvr,4,hasWebAdminUI,true|false|unsure,,,
cameras,castel:nextgen_dvr,castel,nextgen_dvr,4,placement,Either|Indoor|Outdoor|unsure,,,
cameras,castel:nextgen_dvr,castel,nextgen_dvr,4,supportLifetime,DeclaredLifetime|UndeclaredLifetime|unsure,,,
cameras,cpplusworld:cp-uvr-0808k1-h,cpplusworld,cp-uvr-0808k1-h,1,actuatesPhysical,true|false|unsure,,,
cameras,cpplusworld:cp-uvr-0808k1-h,cpplusworld,cp-uvr-0808k1-h,1,actuationConsequence,ComfortActuation|NoActuation|PropertyActuation|SafetyActuation|unsure,,,
cameras,cpplusworld:cp-uvr-0808k1-h,cpplusworld,cp-uvr-0808k1-h,1,capturesAV,true|false|unsure,,,
cameras,cpplusworld:cp-uvr-0808k1-h,cpplusworld,cp-uvr-0808k1-h,1,cloudDependence,CloudOptional|CloudRequired|LocalOnly|unsure,,,
cameras,cpplusworld:cp-uvr-0808k1-h,cpplusworld,cp-uvr-0808k1-h,1,computeTier,AndroidDerived|EmbeddedLinux|McuClass|Rtos|unsure,,,
cameras,cpplusworld:cp-uvr-0808k1-h,cpplusworld,cp-uvr-0808k1-h,1,consumerAvailability,InstallerChannel|MixedChannel|RetailConsumer|unsure,,,
cameras,cpplusworld:cp-uvr-0808k1-h,cpplusworld,cp-uvr-0808k1-h,1,dataSensitivity,AvStreamData|BiometricData|NoData|TelemetryData|unsure,,,
cameras,cpplusworld:cp-uvr-0808k1-h,cpplusworld,cp-uvr-0808k1-h,1,firmwareUpdateModel,ManualFlash|NoUpdatePath|OtaAutomatic|OtaUserInitiated|unsure,,,
cameras,cpplusworld:cp-uvr-0808k1-h,cpplusworld,cp-uvr-0808k1-h,1,formFactor,Fixed|Portable|Worn|unsure,,,
cameras,cpplusworld:cp-uvr-0808k1-h,cpplusworld,cp-uvr-0808k1-h,1,hasWebAdminUI,true|false|unsure,,,
cameras,cpplusworld:cp-uvr-0808k1-h,cpplusworld,cp-uvr-0808k1-h,1,placement,Either|Indoor|Outdoor|unsure,,,
cameras,cpplusworld:cp-uvr-0808k1-h,cpplusworld,cp-uvr-0808k1-h,1,supportLifetime,DeclaredLifetime|UndeclaredLifetime|unsure,,,
cameras,dahuasecurity:dvr2108h,dahuasecurity,dvr2108h,5,actuatesPhysical,true|false|unsure,,,
cameras,dahuasecurity:dvr2108h,dahuasecurity,dvr2108h,5,actuationConsequence,ComfortActuation|NoActuation|PropertyActuation|SafetyActuation|unsure,,,
cameras,dahuasecurity:dvr2108h,dahuasecurity,dvr2108h,5,capturesAV,true|false|unsure,,,
cameras,dahuasecurity:dvr2108h,dahuasecurity,dvr2108h,5,cloudDependence,CloudOptional|CloudRequired|LocalOnly|unsure,,,
cameras,dahuasecurity:dvr2108h,dahuasecurity,dvr2108h,5,computeTier,AndroidDerived|EmbeddedLinux|McuClass|Rtos|unsure,,,
cameras,dahuasecurity:dvr2108h,dahuasecurity,dvr2108h,5,consumerAvailability,InstallerChannel|MixedChannel|RetailConsumer|unsure,,,
cameras,dahuasecurity:dvr2108h,dahuasecurity,dvr2108h,5,dataSensitivity,AvStreamData|BiometricData|NoData|TelemetryData|unsure,,,
cameras,dahuasecurity:dvr2108h,dahuasecurity,dvr2108h,5,firmwareUpdateModel,ManualFlash|NoUpdatePath|OtaAutomatic|OtaUserInitiated|unsure,,,
cameras,dahuasecurity:dvr2108h,dahuasecurity,dvr2108h,5,formFactor,Fixed|Portable|Worn|unsure,,,
cameras,dahuasecurity:dvr2108h,dahuasecurity,dvr2108h,5,hasWebAdminUI,true|false|unsure,,,
cameras,dahuasecurity:dvr2108h,dahuasecurity,dvr2108h,5,placement,Either|Indoor|Outdoor|unsure,,,
cameras,dahuasecurity:dvr2108h,dahuasecurity,dvr2108h,5,supportLifetime,DeclaredLifetime|UndeclaredLifetime|unsure,,,
cameras,dahuasecurity:dvr3232l,dahuasecurity,dvr3232l,5,actuatesPhysical,true|false|unsure,,,
cameras,dahuasecurity:dvr3232l,dahuasecurity,dvr3232l,5,actuationConsequence,ComfortActuation|NoActuation|PropertyActuation|SafetyActuation|unsure,,,
cameras,dahuasecurity:dvr3232l,dahuasecurity,dvr3232l,5,capturesAV,true|false|unsure,,,
cameras,dahuasecurity:dvr3232l,dahuasecurity,dvr3232l,5,cloudDependence,CloudOptional|CloudRequired|LocalOnly|unsure,,,
cameras,dahuasecurity:dvr3232l,dahuasecurity,dvr3232l,5,computeTier,AndroidDerived|EmbeddedLinux|McuClass|Rtos|unsure,,,
cameras,dahuasecurity:dvr3232l,dahuasecurity,dvr3232l,5,consumerAvailability,InstallerChannel|MixedChannel|RetailConsumer|unsure,,,
cameras,dahuasecurity:dvr3232l,dahuasecurity,dvr3232l,5,dataSensitivity,AvStreamData|BiometricData|NoData|TelemetryData|unsure,,,
cameras,dahuasecurity:dvr3232l,dahuasecurity,dvr3232l,5,firmwareUpdateModel,ManualFlash|NoUpdatePath|OtaAutomatic|OtaUserInitiated|unsure,,,
cameras,dahuasecurity:dvr3232l,dahuasecurity,dvr3232l,5,formFactor,Fixed|Portable|Worn|unsure,,,
cameras,dahuasecurity:dvr3232l,dahuasecurity,dvr3232l,5,hasWebAdminUI,true|false|unsure,,,
cameras,dahuasecurity:dvr3232l,dahuasecurity,dvr3232l,5,placement,Either|Indoor|Outdoor|unsure,,,
cameras,dahuasecurity:dvr3232l,dahuasecurity,dvr3232l,5,supportLifetime,DeclaredLifetime|UndeclaredLifetime|unsure,,,
cameras,dahuasecurity:ipc-hdbw4x00,dahuasecurity,ipc-hdbw4x00,1,actuatesPhysical,true|false|unsure,,,
cameras,dahuasecurity:ipc-hdbw4x00,dahuasecurity,ipc-hdbw4x00,1,actuationConsequence,ComfortActuation|NoActuation|PropertyActuation|SafetyActuation|unsure,,,
cameras,dahuasecurity:ipc-hdbw4x00,dahuasecurity,ipc-hdbw4x00,1,capturesAV,true|false|unsure,,,
cameras,dahuasecurity:ipc-hdbw4x00,dahuasecurity,ipc-hdbw4x00,1,cloudDependence,CloudOptional|CloudRequired|LocalOnly|unsure,,,
cameras,dahuasecurity:ipc-hdbw4x00,dahuasecurity,ipc-hdbw4x00,1,computeTier,AndroidDerived|EmbeddedLinux|McuClass|Rtos|unsure,,,
cameras,dahuasecurity:ipc-hdbw4x00,dahuasecurity,ipc-hdbw4x00,1,consumerAvailability,InstallerChannel|MixedChannel|RetailConsumer|unsure,,,
cameras,dahuasecurity:ipc-hdbw4x00,dahuasecurity,ipc-hdbw4x00,1,dataSensitivity,AvStreamData|BiometricData|NoData|TelemetryData|unsure,,,
cameras,dahuasecurity:ipc-hdbw4x00,dahuasecurity,ipc-hdbw4x00,1,firmwareUpdateModel,ManualFlash|NoUpdatePath|OtaAutomatic|OtaUserInitiated|unsure,,,
cameras,dahuasecurity:ipc-hdbw4x00,dahuasecurity,ipc-hdbw4x00,1,formFactor,Fixed|Portable|Worn|unsure,,,
cameras,dahuasecurity:ipc-hdbw4x00,dahuasecurity,ipc-hdbw4x00,1,hasWebAdminUI,true|false|unsure,,,
cameras,dahuasecurity:ipc-hdbw4x00,dahuasecurity,ipc-hdbw4x00,1,placement,Either|Indoor|Outdoor|unsure,,,
cameras,dahuasecurity:ipc-hdbw4x00,dahuasecurity,ipc-hdbw4x00,1,supportLifetime,DeclaredLifetime|UndeclaredLifetime|unsure,,,
cameras,dahuasecurity:ipc-hx1xxx,dahuasecurity,ipc-hx1xxx,1,actuatesPhysical,true|false|unsure,,,
cameras,dahuasecurity:ipc-hx1xxx,dahuasecurity,ipc-hx1xxx,1,actuationConsequence,ComfortActuation|NoActuation|PropertyActuation|SafetyActuation|unsure,,,
cameras,dahuasecurity:ipc-hx1xxx,dahuasecurity,ipc-hx1xxx,1,capturesAV,true|false|unsure,,,
cameras,dahuasecurity:ipc-hx1xxx,dahuasecurity,ipc-hx1xxx,1,cloudDependence,CloudOptional|CloudRequired|LocalOnly|unsure,,,
cameras,dahuasecurity:ipc-hx1xxx,dahuasecurity,ipc-hx1xxx,1,computeTier,AndroidDerived|EmbeddedLinux|McuClass|Rtos|unsure,,,
cameras,dahuasecurity:ipc-hx1xxx,dahuasecurity,ipc-hx1xxx,1,consumerAvailability,InstallerChannel|MixedChannel|RetailConsumer|unsure,,,
cameras,dahuasecurity:ipc-hx1xxx,dahuasecurity,ipc-hx1xxx,1,dataSensitivity,AvStreamData|BiometricData|NoData|TelemetryData|unsure,,,
cameras,dahuasecurity:ipc-hx1xxx,dahuasecurity,ipc-hx1xxx,1,firmwareUpdateModel,ManualFlash|NoUpdatePath|OtaAutomatic|OtaUserInitiated|unsure,,,
cameras,dahuasecurity:ipc-hx1xxx,dahuasecurity,ipc-hx1xxx,1,formFactor,Fixed|Portable|Worn|unsure,,,
cameras,dahuasecurity:ipc-hx1xxx,dahuasecurity,ipc-hx1xxx,1,hasWebAdminUI,true|false|unsure,,,
cameras,dahuasecurity:ipc-hx1xxx,dahuasecurity,ipc-hx1xxx,1,placement,Either|Indoor|Outdoor|unsure,,,
cameras,dahuasecurity:ipc-hx1xxx,dahuasecurity,ipc-hx1xxx,1,supportLifetime,DeclaredLifetime|UndeclaredLifetime|unsure,,,
cameras,dahuasecurity:nvr4108hs-p-4ks2\/l,dahuasecurity,nvr4108hs-p-4ks2\/l,7,actuatesPhysical,true|false|unsure,,,
cameras,dahuasecurity:nvr4108hs-p-4ks2\/l,dahuasecurity,nvr4108hs-p-4ks2\/l,7,actuationConsequence,ComfortActuation|NoActuation|PropertyActuation|SafetyActuation|unsure,,,
cameras,dahuasecurity:nvr4108hs-p-4ks2\/l,dahuasecurity,nvr4108hs-p-4ks2\/l,7,capturesAV,true|false|unsure,,,
cameras,dahuasecurity:nvr4108hs-p-4ks2\/l,dahuasecurity,nvr4108hs-p-4ks2\/l,7,cloudDependence,CloudOptional|CloudRequired|LocalOnly|unsure,,,
cameras,dahuasecurity:nvr4108hs-p-4ks2\/l,dahuasecurity,nvr4108hs-p-4ks2\/l,7,computeTier,AndroidDerived|EmbeddedLinux|McuClass|Rtos|unsure,,,
cameras,dahuasecurity:nvr4108hs-p-4ks2\/l,dahuasecurity,nvr4108hs-p-4ks2\/l,7,consumerAvailability,InstallerChannel|MixedChannel|RetailConsumer|unsure,,,
cameras,dahuasecurity:nvr4108hs-p-4ks2\/l,dahuasecurity,nvr4108hs-p-4ks2\/l,7,dataSensitivity,AvStreamData|BiometricData|NoData|TelemetryData|unsure,,,
cameras,dahuasecurity:nvr4108hs-p-4ks2\/l,dahuasecurity,nvr4108hs-p-4ks2\/l,7,firmwareUpdateModel,ManualFlash|NoUpdatePath|OtaAutomatic|OtaUserInitiated|unsure,,,
cameras,dahuasecurity:nvr4108hs-p-4ks2\/l,dahuasecurity,nvr4108hs-p-4ks2\/l,7,formFactor,Fixed|Portable|Worn|unsure,,,
cameras,dahuasecurity:nvr4108hs-p-4ks2\/l,dahuasecurity,nvr4108hs-p-4ks2\/l,7,hasWebAdminUI,true|false|unsure,,,
cameras,dahuasecurity:nvr4108hs-p-4ks2\/l,dahuasecurity,nvr4108hs-p-4ks2\/l,7,placement,Either|Indoor|Outdoor|unsure,,,
cameras,dahuasecurity:nvr4108hs-p-4ks2\/l,dahuasecurity,nvr4108hs-p-4ks2\/l,7,supportLifetime,DeclaredLifetime|UndeclaredLifetime|unsure,,,
cameras,dahuasecurity:nvr4208-4ks2\/l,dahuasecurity,nvr4208-4ks2\/l,7,actuatesPhysical,true|false|unsure,,,
cameras,dahuasecurity:nvr4208-4ks2\/l,dahuasecurity,nvr4208-4ks2\/l,7,actuationConsequence,ComfortActuation|NoActuation|PropertyActuation|SafetyActuation|unsure,,,
cameras,dahuasecurity:nvr4208-4ks2\/l,dahuasecurity,nvr4208-4ks2\/l,7,capturesAV,true|false|unsure,,,
cameras,dahuasecurity:nvr4208-4ks2\/l,dahuasecurity,nvr4208-4ks2\/l,7,cloudDependence,CloudOptional|CloudRequired|LocalOnly|unsure,,,
cameras,dahuasecurity:nvr4208-4ks2\/l,dahuasecurity,nvr4208-4ks2\/l,7,computeTier,AndroidDerived|EmbeddedLinux|McuClass|Rtos|unsure,,,
cameras,dahuasecurity:nvr4208-4ks2\/l,dahuasecurity,nvr4208-4ks2\/l,7,consumerAvailability,InstallerChannel|MixedChannel|RetailConsumer|unsure,,,
cameras,dahuasecurity:nvr4208-4ks2\/l,dahuasecurity,nvr4208-4ks2\/l,7,dataSensitivity,AvStreamData|BiometricData|NoData|TelemetryData|unsure,,,
cameras,dahuasecurity:nvr4208-4ks2\/l,dahuasecurity,nvr4208-4ks2\/l,7,firmwareUpdateModel,ManualFlash|NoUpdatePath|OtaAutomatic|OtaUserInitiated|unsure,,,
cameras,dahuasecurity:nvr4208-4ks2\/l,dahuasecurity,nvr4208-4ks2\/l,7,formFactor,Fixed|Portable|Worn|unsure,,,
cameras,dahuasecurity:nvr4208-4ks2\/l,dahuasecurity,nvr4208-4ks2\/l,7,hasWebAdminUI,true|false|unsure,,,
cameras,dahuasecurity:nvr4208-4ks2\/l,dahuasecurity,nvr4208-4ks2\/l,7,placement,Either|Indoor|Outdoor|unsure,,,
cameras,dahuasecurity:nvr4208-4ks2\/l,dahuasecurity,nvr4208-4ks2\/l,7,supportLifetime,DeclaredLifetime|UndeclaredLifetime|unsure,,,
cameras,dahuasecurity:sd59232xa-hnr,dahuasecurity,sd59232xa-hnr,1,actuatesPhysical,true|false|unsure,,,
cameras,dahuasecurity:sd59232xa-hnr,dahuasecurity,sd59232xa-hnr,1,actuationConsequence,ComfortActuation|NoActuation|PropertyActuation|SafetyActuation|unsure,,,
cameras,dahuasecurity:sd59232xa-hnr,dahuasecurity,sd59232xa-hnr,1,capturesAV,true|false|unsure,,,
cameras,dahuasecurity:sd59232xa-hnr,dahuasecurity,sd59232xa-hnr,1,cloudDependence,CloudOptional|CloudRequired|LocalOnly|unsure,,,
cameras,dahuasecurity:sd59232xa-hnr,dahuasecurity,sd59232xa-hnr,1,computeTier,AndroidDerived|EmbeddedLinux|McuClass|Rtos|unsure,,,
cameras,dahuasecurity:sd59232xa-hnr,dahuasecurity,sd59232xa-hnr,1,consumerAvailability,InstallerChannel|MixedChannel|RetailConsumer|unsure,,,
cameras,dahuasecurity:sd59232xa-hnr,dahuasecurity,sd59232xa-hnr,1,dataSensitivity,AvStreamData|BiometricData|NoData|TelemetryData|unsure,,,
cameras,dahuasecurity:sd59232xa-hnr,dahuasecurity,sd59232xa-hnr,1,firmwareUpdateModel,ManualFlash|NoUpdatePath|OtaAutomatic|OtaUserInitiated|unsure,,,
cameras,dahuasecurity:sd59232xa-hnr,dahuasecurity,sd59232xa-hnr,1,formFactor,Fixed|Portable|Worn|unsure,,,
cameras,dahuasecurity:sd59232xa-hnr,dahuasecurity,sd59232xa-hnr,1,hasWebAdminUI,true|false|unsure,,,
cameras,dahuasecurity:sd59232xa-hnr,dahuasecurity,sd59232xa-hnr,1,placement,Either|Indoor|Outdoor|unsure,,,
cameras,dahuasecurity:sd59232xa-hnr,dahuasecurity,sd59232xa-hnr,1,supportLifetime,DeclaredLifetime|UndeclaredLifetime|unsure,,,
cameras,dahuasecurity:sd5a432gb-hnr,dahuasecurity,sd5a432gb-hnr,1,actuatesPhysical,true|false|unsure,,,
cameras,dahuasecurity:sd5a432gb-hnr,dahuasecurity,sd5a432gb-hnr,1,actuationConsequence,ComfortActuation|NoActuation|PropertyActuation|SafetyActuation|unsure,,,
cameras,dahuasecurity:sd5a432gb-hnr,dahuasecurity,sd5a432gb-hnr,1,capturesAV,true|false|unsure,,,
cameras,dahuasecurity:sd5a432gb-hnr,dahuasecurity,sd5a432gb-hnr,1,cloudDependence,CloudOptional|CloudRequired|LocalOnly|unsure,,,
cameras,dahuasecurity:sd5a432gb-hnr,dahuasecurity,sd5a432gb-hnr,1,computeTier,AndroidDerived|EmbeddedLinux|McuClass|Rtos|unsure,,,
cameras,dahuasecurity:sd5a432gb-hnr,dahuasecurity,sd5a432gb-hnr,1,consumerAvailability,InstallerChannel|MixedChannel|RetailConsumer|unsure,,,
cameras,dahuasecurity:sd5a432gb-hnr,dahuasecurity,sd5a432gb-hnr,1,dataSensitivity,AvStreamData|BiometricData|NoData|TelemetryData|unsure,,,
cameras,dahuasecurity:sd5a432gb-hnr,dahuasecurity,sd5a432gb-hnr,1,firmwareUpdateModel,ManualFlash|NoUpdatePath|OtaAutomatic|OtaUserInitiated|unsure,,,
cameras,dahuasecurity:sd5a432gb-hnr,dahuasecurity,sd5a432gb-hnr,1,formFactor,Fixed|Portable|Worn|unsure,,,
cameras,dahuasecurity:sd5a432gb-hnr,dahuasecurity,sd5a432gb-hnr,1,hasWebAdminUI,true|false|unsure,,,
cameras,dahuasecurity:sd5a432gb-hnr,dahuasecurity,sd5a432gb-hnr,1,placement,Either|Indoor|Outdoor|unsure,,,
cameras,dahuasecurity:sd5a432gb-hnr,dahuasecurity,sd5a432gb-hnr,1,supportLifetime,DeclaredLifetime|UndeclaredLifetime|unsure,,,
cameras,dahuasecurity:xvr4104c-x,dahuasecurity,xvr4104c-x,1,actuatesPhysical,true|false|unsure,,,
cameras,dahuasecurity:xvr4104c-x,dahuasecurity,xvr4104c-x,1,actuationConsequence,ComfortActuation|NoActuation|PropertyActuation|SafetyActuation|unsure,,,
cameras,dahuasecurity:xvr4104c-x,dahuasecurity,xvr4104c-x,1,capturesAV,true|false|unsure,,,
cameras,dahuasecurity:xvr4104c-x,dahuasecurity,xvr4104c-x,1,cloudDependence,CloudOptional|CloudRequired|LocalOnly|unsure,,,
cameras,dahuasecurity:xvr4104c-x,dahuasecurity,xvr4104c-x,1,computeTier,AndroidDerived|EmbeddedLinux|McuClass|Rtos|unsure,,,
cameras,dahuasecurity:xvr4104c-x,dahuasecurity,xvr4104c-x,1,consumerAvailability,InstallerChannel|MixedChannel|RetailConsumer|unsure,,,
cameras,dahuasecurity:xvr4104c-x,dahuasecurity,xvr4104c-x,1,dataSensitivity,AvStreamData|BiometricData|NoData|TelemetryData|unsure,,,
cameras,dahuasecurity:xvr4104c-x,dahuasecurity,xvr4104c-x,1,firmwareUpdateModel,ManualFlash|NoUpdatePath|OtaAutomatic|OtaUserInitiated|unsure,,,
cameras,dahuasecurity:xvr4104c-x,dahuasecurity,xvr4104c-x,1,formFactor,Fixed|Portable|Worn|unsure,,,
cameras,dahuasecurity:xvr4104c-x,dahuasecurity,xvr4104c-x,1,hasWebAdminUI,true|false|unsure,,,
cameras,dahuasecurity:xvr4104c-x,dahuasecurity,xvr4104c-x,1,placement,Either|Indoor|Outdoor|unsure,,,
cameras,dahuasecurity:xvr4104c-x,dahuasecurity,xvr4104c-x,1,supportLifetime,DeclaredLifetime|UndeclaredLifetime|unsure,,,
cameras,dlink:dcs-2310l,dlink,dcs-2310l,1,actuatesPhysical,true|false|unsure,,,
cameras,dlink:dcs-2310l,dlink,dcs-2310l,1,actuationConsequence,ComfortActuation|NoActuation|PropertyActuation|SafetyActuation|unsure,,,
cameras,dlink:dcs-2310l,dlink,dcs-2310l,1,capturesAV,true|false|unsure,,,
cameras,dlink:dcs-2310l,dlink,dcs-2310l,1,cloudDependence,CloudOptional|CloudRequired|LocalOnly|unsure,,,
cameras,dlink:dcs-2310l,dlink,dcs-2310l,1,computeTier,AndroidDerived|EmbeddedLinux|McuClass|Rtos|unsure,,,
cameras,dlink:dcs-2310l,dlink,dcs-2310l,1,consumerAvailability,InstallerChannel|MixedChannel|RetailConsumer|unsure,,,
cameras,dlink:dcs-2310l,dlink,dcs-2310l,1,dataSensitivity,AvStreamData|BiometricData|NoData|TelemetryData|unsure,,,
cameras,dlink:dcs-2310l,dlink,dcs-2310l,1,firmwareUpdateModel,ManualFlash|NoUpdatePath|OtaAutomatic|OtaUserInitiated|unsure,,,
cameras,dlink:dcs-2310l,dlink,dcs-2310l,1,formFactor,Fixed|Portable|Worn|unsure,,,
cameras,dlink:dcs-2310l,dlink,dcs-2310l,1,hasWebAdminUI,true|false|unsure,,,
cameras,dlink:dcs-2310l,dlink,dcs-2310l,1,placement,Either|Indoor|Outdoor|unsure,,,
cameras,dlink:dcs-2310l,dlink,dcs-2310l,1,supportLifetime,DeclaredLifetime|UndeclaredLifetime|unsure,,,
cameras,dlink:dcs-5605_ptz_ip_network_camera,dlink,dcs-5605_ptz_ip_network_camera,1,actuatesPhysical,true|false|unsure,,,
cameras,dlink:dcs-5605_ptz_ip_network_camera,dlink,dcs-5605_ptz_ip_network_camera,1,actuationConsequence,ComfortActuation|NoActuation|PropertyActuation|SafetyActuation|unsure,,,
cameras,dlink:dcs-5605_ptz_ip_network_camera,dlink,dcs-5605_ptz_ip_network_camera,1,capturesAV,true|false|unsure,,,
cameras,dlink:dcs-5605_ptz_ip_network_camera,dlink,dcs-5605_ptz_ip_network_camera,1,cloudDependence,CloudOptional|CloudRequired|LocalOnly|unsure,,,
cameras,dlink:dcs-5605_ptz_ip_network_camera,dlink,dcs-5605_ptz_ip_network_camera,1,computeTier,AndroidDerived|EmbeddedLinux|McuClass|Rtos|unsure,,,
cameras,dlink:dcs-5605_ptz_ip_network_camera,dlink,dcs-5605_ptz_ip_network_camera,1,consumerAvailability,InstallerChannel|MixedChannel|RetailConsumer|unsure,,,
cameras,dlink:dcs-5605_ptz_ip_network_camera,dlink,dcs-5605_ptz_ip_network_camera,1,dataSensitivity,AvStreamData|BiometricData|NoData|TelemetryData|unsure,,,
cameras,dlink:dcs-5605_ptz_ip_network_camera,dlink,dcs-5605_ptz_ip_network_camera,1,firmwareUpdateModel,ManualFlash|NoUpdatePath|OtaAutomatic|OtaUserInitiated|unsure,,,
cameras,dlink:dcs-5605_ptz_ip_network_camera,dlink,dcs-5605_ptz_ip_network_camera,1,formFactor,Fixed|Portable|Worn|unsure,,,
cameras,dlink:dcs-5605_ptz_ip_network_camera,dlink,dcs-5605_ptz_ip_network_camera,1,hasWebAdminUI,true|false|unsure,,,
cameras,dlink:dcs-5605_ptz_ip_network_camera,dlink,dcs-5605_ptz_ip_network_camera,1,placement,Either|Indoor|Outdoor|unsure,,,
cameras,dlink:dcs-5605_ptz_ip_network_camera,dlink,dcs-5605_ptz_ip_network_camera,1,supportLifetime,DeclaredLifetime|UndeclaredLifetime|unsure,,,
cameras,foscam:fi9800xe,foscam,fi9800xe,1,actuatesPhysical,true|false|unsure,,,
cameras,foscam:fi9800xe,foscam,fi9800xe,1,actuationConsequence,ComfortActuation|NoActuation|PropertyActuation|SafetyActuation|unsure,,,
cameras,foscam:fi9800xe,foscam,fi9800xe,1,capturesAV,true|false|unsure,,,
cameras,foscam:fi9800xe,foscam,fi9800xe,1,cloudDependence,CloudOptional|CloudRequired|LocalOnly|unsure,,,
cameras,foscam:fi9800xe,foscam,fi9800xe,1,computeTier,AndroidDerived|EmbeddedLinux|McuClass|Rtos|unsure,,,
cameras,foscam:fi9800xe,foscam,fi9800xe,1,consumerAvailability,InstallerChannel|MixedChannel|RetailConsumer|unsure,,,
cameras,foscam:fi9800xe,foscam,fi9800xe,1,dataSensitivity,AvStreamData|BiometricData|NoData|TelemetryData|unsure,,,
cameras,foscam:fi9800xe,foscam,fi9800xe,1,firmwareUpdateModel,ManualFlash|NoUpdatePath|OtaAutomatic|OtaUserInitiated|unsure,,,
cameras,foscam:fi9800xe,foscam,fi9800xe,1,formFactor,Fixed|Portable|Worn|unsure,,,
cameras,foscam:fi9800xe,foscam,fi9800xe,1,hasWebAdminUI,true|false|unsure,,,
cameras,foscam:fi9800xe,foscam,fi9800xe,1,placement,Either|Indoor|Outdoor|unsure,,,
cameras,foscam:fi9800xe,foscam,fi9800xe,1,supportLifetime,DeclaredLifetime|UndeclaredLifetime|unsure,,,
cameras,hikvision:ds-2cd2063g2-i\(u\),hikvision,ds-2cd2063g2-i\(u\),1,actuatesPhysical,true|false|unsure,,,
cameras,hikvision:ds-2cd2063g2-i\(u\),hikvision,ds-2cd2063g2-i\(u\),1,actuationConsequence,ComfortActuation|NoActuation|PropertyActuation|SafetyActuation|unsure,,,
cameras,hikvision:ds-2cd2063g2-i\(u\),hikvision,ds-2cd2063g2-i\(u\),1,capturesAV,true|false|unsure,,,
cameras,hikvision:ds-2cd2063g2-i\(u\),hikvision,ds-2cd2063g2-i\(u\),1,cloudDependence,CloudOptional|CloudRequired|LocalOnly|unsure,,,
cameras,hikvision:ds-2cd2063g2-i\(u\),hikvision,ds-2cd2063g2-i\(u\),1,computeTier,AndroidDerived|EmbeddedLinux|McuClass|Rtos|unsure,,,
cameras,hikvision:ds-2cd2063g2-i\(u\),hikvision,ds-2cd2063g2-i\(u\),1,consumerAvailability,InstallerChannel|MixedChannel|RetailConsumer|unsure,,,
cameras,hikvision:ds-2cd2063g2-i\(u\),hikvision,ds-2cd2063g2-i\(u\),1,dataSensitivity,AvStreamData|BiometricData|NoData|TelemetryData|unsure,,,
cameras,hikvision:ds-2cd2063g2-i\(u\),hikvision,ds-2cd2063g2-i\(u\),1,firmwareUpdateModel,ManualFlash|NoUpdatePath|OtaAutomatic|OtaUserInitiated|unsure,,,
cameras,hikvision:ds-2cd2063g2-i\(u\),hikvision,ds-2cd2063g2-i\(u\),1,formFactor,Fixed|Portable|Worn|unsure,,,
cameras,hikvision:ds-2cd2063g2-i\(u\),hikvision,ds-2cd2063g2-i\(u\),1,hasWebAdminUI,true|false|unsure,,,
cameras,hikvision:ds-2cd2063g2-i\(u\),hikvision,ds-2cd2063g2-i\(u\),1,placement,Either|Indoor|Outdoor|unsure,,,
cameras,hikvision:ds-2cd2063g2-i\(u\),hikvision,ds-2cd2063g2-i\(u\),1,supportLifetime,DeclaredLifetime|UndeclaredLifetime|unsure,,,
cameras,hikvision:ds-2cd2086g2-i\(u\),hikvision,ds-2cd2086g2-i\(u\),1,actuatesPhysical,true|false|unsure,,,
cameras,hikvision:ds-2cd2086g2-i\(u\),hikvision,ds-2cd2086g2-i\(u\),1,actuationConsequence,ComfortActuation|NoActuation|PropertyActuation|SafetyActuation|unsure,,,
cameras,hikvision:ds-2cd2086g2-i\(u\),hikvision,ds-2cd2086g2-i\(u\),1,capturesAV,true|false|unsure,,,
cameras,hikvision:ds-2cd2086g2-i\(u\),hikvision,ds-2cd2086g2-i\(u\),1,cloudDependence,CloudOptional|CloudRequired|LocalOnly|unsure,,,
cameras,hikvision:ds-2cd2086g2-i\(u\),hikvision,ds-2cd2086g2-i\(u\),1,computeTier,AndroidDerived|EmbeddedLinux|McuClass|Rtos|unsure,,,
cameras,hikvision:ds-2cd2086g2-i\(u\),hikvision,ds-2cd2086g2-i\(u\),1,consumerAvailability,InstallerChannel|MixedChannel|RetailConsumer|unsure,,,
cameras,hikvision:ds-2cd2086g2-i\(u\),hikvision,ds-2cd2086g2-i\(u\),1,dataSensitivity,AvStreamData|BiometricData|NoData|TelemetryData|unsure,,,
cameras,hikvision:ds-2cd2086g2-i\(u\),hikvision,ds-2cd2086g2-i\(u\),1,firmwareUpdateModel,ManualFlash|NoUpdatePath|OtaAutomatic|OtaUserInitiated|unsure,,,
cameras,hikvision:ds-2cd2086g2-i\(u\),hikvision,ds-2cd2086g2-i\(u\),1,formFactor,Fixed|Portable|Worn|unsure,,,
cameras,hikvision:ds-2cd2086g2-i\(u\),hikvision,ds-2cd2086g2-i\(u\),1,hasWebAdminUI,true|false|unsure,,,
cameras,hikvision:ds-2cd2086g2-i\(u\),hikvision,ds-2cd2086g2-i\(u\),1,placement,Either|Indoor|Outdoor|unsure,,,
cameras,hikvision:ds-2cd2086g2-i\(u\),hikvision,ds-2cd2086g2-i\(u\),1,supportLifetime,DeclaredLifetime|UndeclaredLifetime|unsure,,,
cameras,hikvision:ds-2cd2143g2-iu,hikvision,ds-2cd2143g2-iu,1,actuatesPhysical,true|false|unsure,,,
cameras,hikvision:ds-2cd2143g2-iu,hikvision,ds-2cd2143g2-iu,1,actuationConsequence,ComfortActuation|NoActuation|PropertyActuation|SafetyActuation|unsure,,,
cameras,hikvision:ds-2cd2143g2-iu,hikvision,ds-2cd2143g2-iu,1,capturesAV,true|false|unsure,,,
cameras,hikvision:ds-2cd2143g2-iu,hikvision,ds-2cd2143g2-iu,1,cloudDependence,CloudOptional|CloudRequired|LocalOnly|unsure,,,
cameras,hikvision:ds-2cd2143g2-iu,hikvision,ds-2cd2143g2-iu,1,computeTier,AndroidDerived|EmbeddedLinux|McuClass|Rtos|unsure,,,
cameras,hikvision:ds-2cd2143g2-iu,hikvision,ds-2cd2143g2-iu,1,consumerAvailability,InstallerChannel|MixedChannel|RetailConsumer|unsure,,,
cameras,hikvision:ds-2cd2143g2-iu,hikvision,ds-2cd2143g2-iu,1,dataSensitivity,AvStreamData|BiometricData|NoData|TelemetryData|unsure,,,
cameras,hikvision:ds-2cd2143g2-iu,hikvision,ds-2cd2143g2-iu,1,firmwareUpdateModel,ManualFlash|NoUpdatePath|OtaAutomatic|OtaUserInitiated|unsure,,,
cameras,hikvision:ds-2cd2143g2-iu,hikvision,ds-2cd2143g2-iu,1,formFactor,Fixed|Portable|Worn|unsure,,,
cameras,hikvision:ds-2cd2143g2-iu,hikvision,ds-2cd2143g2-iu,1,hasWebAdminUI,true|false|unsure,,,
cameras,hikvision:ds-2cd2143g2-iu,hikvision,ds-2cd2143g2-iu,1,placement,Either|Indoor|Outdoor|unsure,,,
cameras,hikvision:ds-2cd2143g2-iu,hikvision,ds-2cd2143g2-iu,1,supportLifetime,DeclaredLifetime|UndeclaredLifetime|unsure,,,
cameras,hikvision:ds-2cd4012fwd-\(p\),hikvision,ds-2cd4012fwd-\(p\),2,actuatesPhysical,true|false|unsure,,,
cameras,hikvision:ds-2cd4012fwd-\(p\),hikvision,ds-2cd4012fwd-\(p\),2,actuationConsequence,ComfortActuation|NoActuation|PropertyActuation|SafetyActuation|unsure,,,
cameras,hikvision:ds-2cd4012fwd-\(p\),hikvision,ds-2cd4012fwd-\(p\),2,capturesAV,true|false|unsure,,,
cameras,hikvision:ds-2cd4012fwd-\(p\),hikvision,ds-2cd4012fwd-\(p\),2,cloudDependence,CloudOptional|CloudRequired|LocalOnly|unsure,,,
cameras,hikvision:ds-2cd4012fwd-\(p\),hikvision,ds-2cd4012fwd-\(p\),2,computeTier,AndroidDerived|EmbeddedLinux|McuClass|Rtos|unsure,,,
cameras,hikvision:ds-2cd4012fwd-\(p\),hikvision,ds-2cd4012fwd-\(p\),2,consumerAvailability,InstallerChannel|MixedChannel|RetailConsumer|unsure,,,
cameras,hikvision:ds-2cd4012fwd-\(p\),hikvision,ds-2cd4012fwd-\(p\),2,dataSensitivity,AvStreamData|BiometricData|NoData|TelemetryData|unsure,,,
cameras,hikvision:ds-2cd4012fwd-\(p\),hikvision,ds-2cd4012fwd-\(p\),2,firmwareUpdateModel,ManualFlash|NoUpdatePath|OtaAutomatic|OtaUserInitiated|unsure,,,
cameras,hikvision:ds-2cd4012fwd-\(p\),hikvision,ds-2cd4012fwd-\(p\),2,formFactor,Fixed|Portable|Worn|unsure,,,
cameras,hikvision:ds-2cd4012fwd-\(p\),hikvision,ds-2cd4012fwd-\(p\),2,hasWebAdminUI,true|false|unsure,,,
cameras,hikvision:ds-2cd4012fwd-\(p\),hikvision,ds-2cd4012fwd-\(p\),2,placement,Either|Indoor|Outdoor|unsure,,,
cameras,hikvision:ds-2cd4012fwd-\(p\),hikvision,ds-2cd4012fwd-\(p\),2,supportLifetime,DeclaredLifetime|UndeclaredLifetime|unsure,,,
cameras,hikvision:ds-2cd4024f-\(a\),hikvision,ds-2cd4024f-\(a\),2,actuatesPhysical,true|false|unsure,,,
cameras,hikvision:ds-2cd4024f-\(a\),hikvision,ds-2cd4024f-\(a\),2,actuationConsequence,ComfortActuation|NoActuation|PropertyActuation|SafetyActuation|unsure,,,
cameras,hikvision:ds-2cd4024f-\(a\),hikvision,ds-2cd4024f-\(a\),2,capturesAV,true|false|unsure,,,
cameras,hikvision:ds-2cd4024f-\(a\),hikvision,ds-2cd4024f-\(a\),2,cloudDependence,CloudOptional|CloudRequired|LocalOnly|unsure,,,
cameras,hikvision:ds-2cd4024f-\(a\),hikvision,ds-2cd4024f-\(a\),2,computeTier,AndroidDerived|EmbeddedLinux|McuClass|Rtos|unsure,,,
cameras,hikvision:ds-2cd4024f-\(a\),hikvision,ds-2cd4024f-\(a\),2,consumerAvailability,InstallerChannel|MixedChannel|RetailConsumer|unsure,,,
cameras,hikvision:ds-2cd4024f-\(a\),hikvision,ds-2cd4024f-\(a\),2,dataSensitivity,AvStreamData|BiometricData|NoData|TelemetryData|unsure,,,
cameras,hikvision:ds-2cd4024f-\(a\),hikvision,ds-2cd4024f-\(a\),2,firmwareUpdateModel,ManualFlash|NoUpdatePath|OtaAutomatic|OtaUserInitiated|unsure,,,
cameras,hikvision:ds-2cd4024f-\(a\),hikvision,ds-2cd4024f-\(a\),2,formFactor,Fixed|Portable|Worn|unsure,,,
cameras,hikvision:ds-2cd4024f-\(a\),hikvision,ds-2cd4024f-\(a\),2,hasWebAdminUI,true|false|unsure,,,
cameras,hikvision:ds-2cd4024f-\(a\),hikvision,ds-2cd4024f-\(a\),2,placement,Either|Indoor|Outdoor|unsure,,,
cameras,hikvision:ds-2cd4024f-\(a\),hikvision,ds-2cd4024f-\(a\),2,supportLifetime,DeclaredLifetime|UndeclaredLifetime|unsure,,,
cameras,hikvision:ds-2cd4312f-i\(h\),hikvision,ds-2cd4312f-i\(h\),2,actuatesPhysical,true|false|unsure,,,
cameras,hikvision:ds-2cd4312f-i\(h\),hikvision,ds-2cd4312f-i\(h\),2,actuationConsequence,ComfortActuation|NoActuation|PropertyActuation|SafetyActuation|unsure,,,
cameras,hikvision:ds-2cd4312f-i\(h\),hikvision,ds-2cd4312f-i\(h\),2,capturesAV,true|false|unsure,,,
cameras,hikvision:ds-2cd4312f-i\(h\),hikvision,ds-2cd4312f-i\(h\),2,cloudDependence,CloudOptional|CloudRequired|LocalOnly|unsure,,,
cameras,hikvision:ds-2cd4312f-i\(h\),hikvision,ds-2cd4312f-i\(h\),2,computeTier,AndroidDerived|EmbeddedLinux|McuClass|Rtos|unsure,,,
cameras,hikvision:ds-2cd4312f-i\(h\),hikvision,ds-2cd4312f-i\(h\),2,consumerAvailability,InstallerChannel|MixedChannel|RetailConsumer|unsure,,,
cameras,hikvision:ds-2cd4312f-i\(h\),hikvision,ds-2cd4312f-i\(h\),2,dataSensitivity,AvStreamData|BiometricData|NoData|TelemetryData|unsure,,,
cameras,hikvision:ds-2cd4312f-i\(h\),hikvision,ds-2cd4312f-i\(h\),2,firmwareUpdateModel,ManualFlash|NoUpdatePath|OtaAutomatic|OtaUserInitiated|unsure,,,
cameras,hikvision:ds-2cd4312f-i\(h\),hikvision,ds-2cd4312f-i\(h\),2,formFactor,Fixed|Portable|Worn|unsure,,,
cameras,hikvision:ds-2cd4312f-i\(h\),hikvision,ds-2cd4312f-i\(h\),2,hasWebAdminUI,true|false|unsure,,,
cameras,hikvision:ds-2cd4312f-i\(h\),hikvision,ds-2cd4312f-i\(h\),2,placement,Either|Indoor|Outdoor|unsure,,,
cameras,hikvision:ds-2cd4312f-i\(h\),hikvision,ds-2cd4312f-i\(h\),2,supportLifetime,DeclaredLifetime|UndeclaredLifetime|unsure,,,
cameras,hikvision:ds-2td8166-75c2f\/v2,hikvision,ds-2td8166-75c2f\/v2,1,actuatesPhysical,true|false|unsure,,,
cameras,hikvision:ds-2td8166-75c2f\/v2,hikvision,ds-2td8166-75c2f\/v2,1,actuationConsequence,ComfortActuation|NoActuation|PropertyActuation|SafetyActuation|unsure,,,
cameras,hikvision:ds-2td8166-75c2f\/v2,hikvision,ds-2td8166-75c2f\/v2,1,capturesAV,true|false|unsure,,,
cameras,hikvision:ds-2td8166-75c2f\/v2,hikvision,ds-2td8166-75c2f\/v2,1,cloudDependence,CloudOptional|CloudRequired|LocalOnly|unsure,,,
cameras,hikvision:ds-2td8166-75c2f\/v2,hikvision,ds-2td8166-75c2f\/v2,1,computeTier,AndroidDerived|EmbeddedLinux|McuClass|Rtos|unsure,,,
cameras,hikvision:ds-2td8166-75c2f\/v2,hikvision,ds-2td8166-75c2f\/v2,1,consumerAvailability,InstallerChannel|MixedChannel|RetailConsumer|unsure,,,
cameras,hikvision:ds-2td8166-75c2f\/v2,hikvision,ds-2td8166-75c2f\/v2,1,dataSensitivity,AvStreamData|BiometricData|NoData|TelemetryData|unsure,,,
cameras,hikvision:ds-2td8166-75c2f\/v2,hikvision,ds-2td8166-75c2f\/v2,1,firmwareUpdateModel,ManualFlash|NoUpdatePath|OtaAutomatic|OtaUserInitiated|unsure,,,
cameras,hikvision:ds-2td8166-75c2f\/v2,hikvision,ds-2td8166-75c2f\/v2,1,formFactor,Fixed|Portable|Worn|unsure,,,
cameras,hikvision:ds-2td8166-75c2f\/v2,hikvision,ds-2td8166-75c2f\/v2,1,hasWebAdminUI,true|false|unsure,,,
cameras,hikvision:ds-2td8166-75c2f\/v2,hikvision,ds-2td8166-75c2f\/v2,1,placement,Either|Indoor|Outdoor|unsure,,,
cameras,hikvision:ds-2td8166-75c2f\/v2,hikvision,ds-2td8166-75c2f\/v2,1,supportLifetime,DeclaredLifetime|UndeclaredLifetime|unsure,,,
cameras,hikvision:ds-7608ni-q2,hikvision,ds-7608ni-q2,1,actuatesPhysical,true|false|unsure,,,
cameras,hikvision:ds-7608ni-q2,hikvision,ds-7608ni-q2,1,actuationConsequence,ComfortActuation|NoActuation|PropertyActuation|SafetyActuation|unsure,,,
cameras,hikvision:ds-7608ni-q2,hikvision,ds-7608ni-q2,1,capturesAV,true|false|unsure,,,
cameras,hikvision:ds-7608ni-q2,hikvision,ds-7608ni-q2,1,cloudDependence,CloudOptional|CloudRequired|LocalOnly|unsure,,,
cameras,hikvision:ds-7608ni-q2,hikvision,ds-7608ni-q2,1,computeTier,AndroidDerived|EmbeddedLinux|McuClass|Rtos|unsure,,,
cameras,hikvision:ds-7608ni-q2,hikvision,ds-7608ni-q2,1,consumerAvailability,InstallerChannel|MixedChannel|RetailConsumer|unsure,,,
cameras,hikvision:ds-7608ni-q2,hikvision,ds-7608ni-q2,1,dataSensitivity,AvStreamData|BiometricData|NoData|TelemetryData|unsure,,,
cameras,hikvision:ds-7608ni-q2,hikvision,ds-7608ni-q2,1,firmwareUpdateModel,ManualFlash|NoUpdatePath|OtaAutomatic|OtaUserInitiated|unsure,,,
cameras,hikvision:ds-7608ni-q2,hikvision,ds-7608ni-q2,1,formFactor,Fixed|Portable|Worn|unsure,,,
cameras,hikvision:ds-7608ni-q2,hikvision,ds-7608ni-q2,1,hasWebAdminUI,true|false|unsure,,,
cameras,hikvision:ds-7608ni-q2,hikvision,ds-7608ni-q2,1,placement,Either|Indoor|Outdoor|unsure,,,
cameras,hikvision:ds-7608ni-q2,hikvision,ds-7608ni-q2,1,supportLifetime,DeclaredLifetime|UndeclaredLifetime|unsure,,,
cameras,iodata:ts-wptcam,iodata,ts-wptcam,3,actuatesPhysical,true|false|unsure,,,
cameras,iodata:ts-wptcam,iodata,ts-wptcam,3,actuationConsequence,ComfortActuation|NoActuation|PropertyActuation|SafetyActuation|unsure,,,
cameras,iodata:ts-wptcam,iodata,ts-wptcam,3,capturesAV,true|false|unsure,,,
cameras,iodata:ts-wptcam,iodata,ts-wptcam,3,cloudDependence,CloudOptional|CloudRequired|LocalOnly|unsure,,,
cameras,iodata:ts-wptcam,iodata,ts-wptcam,3,computeTier,AndroidDerived|EmbeddedLinux|McuClass|Rtos|unsure,,,
cameras,iodata:ts-wptcam,iodata,ts-wptcam,3,consumerAvailability,InstallerChannel|MixedChannel|RetailConsumer|unsure,,,
cameras,iodata:ts-wptcam,iodata,ts-wptcam,3,dataSensitivity,AvStreamData|BiometricData|NoData|TelemetryData|unsure,,,
cameras,iodata:ts-wptcam,iodata,ts-wptcam,3,firmwareUpdateModel,ManualFlash|NoUpdatePath|OtaAutomatic|OtaUserInitiated|unsure,,,
cameras,iodata:ts-wptcam,iodata,ts-wptcam,3,formFactor,Fixed|Portable|Worn|unsure,,,
cameras,iodata:ts-wptcam,iodata,ts-wptcam,3,hasWebAdminUI,true|false|unsure,,,
cameras,iodata:ts-wptcam,iodata,ts-wptcam,3,placement,Either|Indoor|Outdoor|unsure,,,
cameras,iodata:ts-wptcam,iodata,ts-wptcam,3,supportLifetime,DeclaredLifetime|UndeclaredLifetime|unsure,,,
cameras,iodata:ts-wrla,iodata,ts-wrla,6,actuatesPhysical,true|false|unsure,,,
cameras,iodata:ts-wrla,iodata,ts-wrla,6,actuationConsequence,ComfortActuation|NoActuation|PropertyActuation|SafetyActuation|unsure,,,
cameras,iodata:ts-wrla,iodata,ts-wrla,6,capturesAV,true|false|unsure,,,
cameras,iodata:ts-wrla,iodata,ts-wrla,6,cloudDependence,CloudOptional|CloudRequired|LocalOnly|unsure,,,
cameras,iodata:ts-wrla,iodata,ts-wrla,6,computeTier,AndroidDerived|EmbeddedLinux|McuClass|Rtos|unsure,,,
cameras,iodata:ts-wrla,iodata,ts-wrla,6,consumerAvailability,InstallerChannel|MixedChannel|RetailConsumer|unsure,,,
cameras,iodata:ts-wrla,iodata,ts-wrla,6,dataSensitivity,AvStreamData|BiometricData|NoData|TelemetryData|unsure,,,
cameras,iodata:ts-wrla,iodata,ts-wrla,6,firmwareUpdateModel,ManualFlash|NoUpdatePath|OtaAutomatic|OtaUserInitiated|unsure,,,
cameras,iodata:ts-wrla,iodata,ts-wrla,6,formFactor,Fixed|Portable|Worn|unsure,,,
cameras,iodata:ts-wrla,iodata,ts-wrla,6,hasWebAdminUI,true|false|unsure,,,
cameras,iodata:ts-wrla,iodata,ts-wrla,6,placement,Either|Indoor|Outdoor|unsure,,,
cameras,iodata:ts-wrla,iodata,ts-wrla,6,supportLifetime,DeclaredLifetime|UndeclaredLifetime|unsure,,,
cameras,mipcm:mipc_camera,mipcm,mipc_camera,2,actuatesPhysical,true|false|unsure,,,
cameras,mipcm:mipc_camera,mipcm,mipc_camera,2,actuationConsequence,ComfortActuation|NoActuation|PropertyActuation|SafetyActuation|unsure,,,
cameras,mipcm:mipc_camera,mipcm,mipc_camera,2,capturesAV,true|false|unsure,,,
cameras,mipcm:mipc_camera,mipcm,mipc_camera,2,cloudDependence,CloudOptional|CloudRequired|LocalOnly|unsure,,,
cameras,mipcm:mipc_camera,mipcm,mipc_camera,2,computeTier,AndroidDerived|EmbeddedLinux|McuClass|Rtos|unsure,,,
cameras,mipcm:mipc_camera,mipcm,mipc_camera,2,consumerAvailability,InstallerChannel|MixedChannel|RetailConsumer|unsure,,,
cameras,mipcm:mipc_camera,mipcm,mipc_camera,2,dataSensitivity,AvStreamData|BiometricData|NoData|TelemetryData|unsure,,,
cameras,mipcm:mipc_camera,mipcm,mipc_camera,2,firmwareUpdateModel,ManualFlash|NoUpdatePath|OtaAutomatic|OtaUserInitiated|unsure,,,
cameras,mipcm:mipc_camera,mipcm,mipc_camera,2,formFactor,Fixed|Portable|Worn|unsure,,,
cameras,mipcm:mipc_camera,mipcm,mipc_camera,2,hasWebAdminUI,true|false|unsure,,,
cameras,mipcm:mipc_camera,mipcm,mipc_camera,2,placement,Either|Indoor|Outdoor|unsure,,,
cameras,mipcm:mipc_camera,mipcm,mipc_camera,2,supportLifetime,DeclaredLifetime|UndeclaredLifetime|unsure,,,
cameras,panasonic:bb_hcm515,panasonic,bb_hcm515,1,actuatesPhysical,true|false|unsure,,,
cameras,panasonic:bb_hcm515,panasonic,bb_hcm515,1,actuationConsequence,ComfortActuation|NoActuation|PropertyActuation|SafetyActuation|unsure,,,
cameras,panasonic:bb_hcm515,panasonic,bb_hcm515,1,capturesAV,true|false|unsure,,,
cameras,panasonic:bb_hcm515,panasonic,bb_hcm515,1,cloudDependence,CloudOptional|CloudRequired|LocalOnly|unsure,,,
cameras,panasonic:bb_hcm515,panasonic,bb_hcm515,1,computeTier,AndroidDerived|EmbeddedLinux|McuClass|Rtos|unsure,,,
cameras,panasonic:bb_hcm515,panasonic,bb_hcm515,1,consumerAvailability,InstallerChannel|MixedChannel|RetailConsumer|unsure,,,
cameras,panasonic:bb_hcm515,panasonic,bb_hcm515,1,dataSensitivity,AvStreamData|BiometricData|NoData|TelemetryData|unsure,,,
cameras,panasonic:bb_hcm515,panasonic,bb_hcm515,1,firmwareUpdateModel,ManualFlash|NoUpdatePath|OtaAutomatic|OtaUserInitiated|unsure,,,
cameras,panasonic:bb_hcm515,panasonic,bb_hcm515,1,formFactor,Fixed|Portable|Worn|unsure,,,
cameras,panasonic:bb_hcm515,panasonic,bb_hcm515,1,hasWebAdminUI,true|false|unsure,,,
cameras,panasonic:bb_hcm515,panasonic,bb_hcm515,1,placement,Either|Indoor|Outdoor|unsure,,,
cameras,panasonic:bb_hcm515,panasonic,bb_hcm515,1,supportLifetime,DeclaredLifetime|UndeclaredLifetime|unsure,,,
cameras,tonnet:tat-70432n,tonnet,tat-70432n,2,actuatesPhysical,true|false|unsure,,,
cameras,tonnet:tat-70432n,tonnet,tat-70432n,2,actuationConsequence,ComfortActuation|NoActuation|PropertyActuation|SafetyActuation|unsure,,,
cameras,tonnet:tat-70432n,tonnet,tat-70432n,2,capturesAV,true|false|unsure,,,
cameras,tonnet:tat-70432n,tonnet,tat-70432n,2,cloudDependence,CloudOptional|CloudRequired|LocalOnly|unsure,,,
cameras,tonnet:tat-70432n,tonnet,tat-70432n,2,computeTier,AndroidDerived|EmbeddedLinux|McuClass|Rtos|unsure,,,
cameras,tonnet:tat-70432n,tonnet,tat-70432n,2,consumerAvailability,InstallerChannel|MixedChannel|RetailConsumer|unsure,,,
cameras,tonnet:tat-70432n,tonnet,tat-70432n,2,dataSensitivity,AvStreamData|BiometricData|NoData|TelemetryData|unsure,,,
cameras,tonnet:tat-70432n,tonnet,tat-70432n,2,firmwareUpdateModel,ManualFlash|NoUpdatePath|OtaAutomatic|OtaUserInitiated|unsure,,,
cameras,tonnet:tat-70432n,tonnet,tat-70432n,2,formFactor,Fixed|Portable|Worn|unsure,,,
cameras,tonnet:tat-70432n,tonnet,tat-70432n,2,hasWebAdminUI,true|false|unsure,,,
cameras,tonnet:tat-70432n,tonnet,tat-70432n,2,placement,Either|Indoor|Outdoor|unsure,,,
cameras,tonnet:tat-70432n,tonnet,tat-70432n,2,supportLifetime,DeclaredLifetime|UndeclaredLifetime|unsure,,,
cameras,tvt:td-2104ts-hp,tvt,td-2104ts-hp,1,actuatesPhysical,true|false|unsure,,,
cameras,tvt:td-2104ts-hp,tvt,td-2104ts-hp,1,actuationConsequence,ComfortActuation|NoActuation|PropertyActuation|SafetyActuation|unsure,,,
cameras,tvt:td-2104ts-hp,tvt,td-2104ts-hp,1,capturesAV,true|false|unsure,,,
cameras,tvt:td-2104ts-hp,tvt,td-2104ts-hp,1,cloudDependence,CloudOptional|CloudRequired|LocalOnly|unsure,,,
cameras,tvt:td-2104ts-hp,tvt,td-2104ts-hp,1,computeTier,AndroidDerived|EmbeddedLinux|McuClass|Rtos|unsure,,,
cameras,tvt:td-2104ts-hp,tvt,td-2104ts-hp,1,consumerAvailability,InstallerChannel|MixedChannel|RetailConsumer|unsure,,,
cameras,tvt:td-2104ts-hp,tvt,td-2104ts-hp,1,dataSensitivity,AvStreamData|BiometricData|NoData|TelemetryData|unsure,,,
cameras,tvt:td-2104ts-hp,tvt,td-2104ts-hp,1,firmwareUpdateModel,ManualFlash|NoUpdatePath|OtaAutomatic|OtaUserInitiated|unsure,,,
cameras,tvt:td-2104ts-hp,tvt,td-2104ts-hp,1,formFactor,Fixed|Portable|Worn|unsure,,,
cameras,tvt:td-2104ts-hp,tvt,td-2104ts-hp,1,hasWebAdminUI,true|false|unsure,,,
cameras,tvt:td-2104ts-hp,tvt,td-2104ts-hp,1,placement,Either|Indoor|Outdoor|unsure,,,
cameras,tvt:td-2104ts-hp,tvt,td-2104ts-hp,1,supportLifetime,DeclaredLifetime|UndeclaredLifetime|unsure,,,
cameras,tvt:td-2116ts-cl,tvt,td-2116ts-cl,1,actuatesPhysical,true|false|unsure,,,
cameras,tvt:td-2116ts-cl,tvt,td-2116ts-cl,1,actuationConsequence,ComfortActuation|NoActuation|PropertyActuation|SafetyActuation|unsure,,,
cameras,tvt:td-2116ts-cl,tvt,td-2116ts-cl,1,capturesAV,true|false|unsure,,,
cameras,tvt:td-2116ts-cl,tvt,td-2116ts-cl,1,cloudDependence,CloudOptional|CloudRequired|LocalOnly|unsure,,,
cameras,tvt:td-2116ts-cl,tvt,td-2116ts-cl,1,computeTier,AndroidDerived|EmbeddedLinux|McuClass|Rtos|unsure,,,
cameras,tvt:td-2116ts-cl,tvt,td-2116ts-cl,1,consumerAvailability,InstallerChannel|MixedChannel|RetailConsumer|unsure,,,
cameras,tvt:td-2116ts-cl,tvt,td-2116ts-cl,1,dataSensitivity,AvStreamData|BiometricData|NoData|TelemetryData|unsure,,,
cameras,tvt:td-2116ts-cl,tvt,td-2116ts-cl,1,firmwareUpdateModel,ManualFlash|NoUpdatePath|OtaAutomatic|OtaUserInitiated|unsure,,,
cameras,tvt:td-2116ts-cl,tvt,td-2116ts-cl,1,formFactor,Fixed|Portable|Worn|unsure,,,
cameras,tvt:td-2116ts-cl,tvt,td-2116ts-cl,1,hasWebAdminUI,true|false|unsure,,,
cameras,tvt:td-2116ts-cl,tvt,td-2116ts-cl,1,placement,Either|Indoor|Outdoor|unsure,,,
cameras,tvt:td-2116ts-cl,tvt,td-2116ts-cl,1,supportLifetime,DeclaredLifetime|UndeclaredLifetime|unsure,,,
cameras,tvt:td-2116ts-hc,tvt,td-2116ts-hc,1,actuatesPhysical,true|false|unsure,,,
cameras,tvt:td-2116ts-hc,tvt,td-2116ts-hc,1,actuationConsequence,ComfortActuation|NoActuation|PropertyActuation|SafetyActuation|unsure,,,
cameras,tvt:td-2116ts-hc,tvt,td-2116ts-hc,1,capturesAV,true|false|unsure,,,
cameras,tvt:td-2116ts-hc,tvt,td-2116ts-hc,1,cloudDependence,CloudOptional|CloudRequired|LocalOnly|unsure,,,
cameras,tvt:td-2116ts-hc,tvt,td-2116ts-hc,1,computeTier,AndroidDerived|EmbeddedLinux|McuClass|Rtos|unsure,,,
cameras,tvt:td-2116ts-hc,tvt,td-2116ts-hc,1,consumerAvailability,InstallerChannel|MixedChannel|RetailConsumer|unsure,,,
cameras,tvt:td-2116ts-hc,tvt,td-2116ts-hc,1,dataSensitivity,AvStreamData|BiometricData|NoData|TelemetryData|unsure,,,
cameras,tvt:td-2116ts-hc,tvt,td-2116ts-hc,1,firmwareUpdateModel,ManualFlash|NoUpdatePath|OtaAutomatic|OtaUserInitiated|unsure,,,
cameras,tvt:td-2116ts-hc,tvt,td-2116ts-hc,1,formFactor,Fixed|Portable|Worn|unsure,,,
cameras,tvt:td-2116ts-hc,tvt,td-2116ts-hc,1,hasWebAdminUI,true|false|unsure,,,
cameras,tvt:td-2116ts-hc,tvt,td-2116ts-hc,1,placement,Either|Indoor|Outdoor|unsure,,,
cameras,tvt:td-2116ts-hc,tvt,td-2116ts-hc,1,supportLifetime,DeclaredLifetime|UndeclaredLifetime|unsure,,,
cameras,xiongmaitech:ipg-50h20pt-s,xiongmaitech,ipg-50h20pt-s,1,actuatesPhysical,true|false|unsure,,,
cameras,xiongmaitech:ipg-50h20pt-s,xiongmaitech,ipg-50h20pt-s,1,actuationConsequence,ComfortActuation|NoActuation|PropertyActuation|SafetyActuation|unsure,,,
cameras,xiongmaitech:ipg-50h20pt-s,xiongmaitech,ipg-50h20pt-s,1,capturesAV,true|false|unsure,,,
cameras,xiongmaitech:ipg-50h20pt-s,xiongmaitech,ipg-50h20pt-s,1,cloudDependence,CloudOptional|CloudRequired|LocalOnly|unsure,,,
cameras,xiongmaitech:ipg-50h20pt-s,xiongmaitech,ipg-50h20pt-s,1,computeTier,AndroidDerived|EmbeddedLinux|McuClass|Rtos|unsure,,,
cameras,xiongmaitech:ipg-50h20pt-s,xiongmaitech,ipg-50h20pt-s,1,consumerAvailability,InstallerChannel|MixedChannel|RetailConsumer|unsure,,,
cameras,xiongmaitech:ipg-50h20pt-s,xiongmaitech,ipg-50h20pt-s,1,dataSensitivity,AvStreamData|BiometricData|NoData|TelemetryData|unsure,,,
cameras,xiongmaitech:ipg-50h20pt-s,xiongmaitech,ipg-50h20pt-s,1,firmwareUpdateModel,ManualFlash|NoUpdatePath|OtaAutomatic|OtaUserInitiated|unsure,,,
cameras,xiongmaitech:ipg-50h20pt-s,xiongmaitech,ipg-50h20pt-s,1,formFactor,Fixed|Portable|Worn|unsure,,,
cameras,xiongmaitech:ipg-50h20pt-s,xiongmaitech,ipg-50h20pt-s,1,hasWebAdminUI,true|false|unsure,,,
cameras,xiongmaitech:ipg-50h20pt-s,xiongmaitech,ipg-50h20pt-s,1,placement,Either|Indoor|Outdoor|unsure,,,
cameras,xiongmaitech:ipg-50h20pt-s,xiongmaitech,ipg-50h20pt-s,1,supportLifetime,DeclaredLifetime|UndeclaredLifetime|unsure,,,
cameras,xiongmaitech:ipg-53h13pes-s,xiongmaitech,ipg-53h13pes-s,1,actuatesPhysical,true|false|unsure,,,
cameras,xiongmaitech:ipg-53h13pes-s,xiongmaitech,ipg-53h13pes-s,1,actuationConsequence,ComfortActuation|NoActuation|PropertyActuation|SafetyActuation|unsure,,,
cameras,xiongmaitech:ipg-53h13pes-s,xiongmaitech,ipg-53h13pes-s,1,capturesAV,true|false|unsure,,,
cameras,xiongmaitech:ipg-53h13pes-s,xiongmaitech,ipg-53h13pes-s,1,cloudDependence,CloudOptional|CloudRequired|LocalOnly|unsure,,,
cameras,xiongmaitech:ipg-53h13pes-s,xiongmaitech,ipg-53h13pes-s,1,computeTier,AndroidDerived|EmbeddedLinux|McuClass|Rtos|unsure,,,
cameras,xiongmaitech:ipg-53h13pes-s,xiongmaitech,ipg-53h13pes-s,1,consumerAvailability,InstallerChannel|MixedChannel|RetailConsumer|unsure,,,
cameras,xiongmaitech:ipg-53h13pes-s,xiongmaitech,ipg-53h13pes-s,1,dataSensitivity,AvStreamData|BiometricData|NoData|TelemetryData|unsure,,,
cameras,xiongmaitech:ipg-53h13pes-s,xiongmaitech,ipg-53h13pes-s,1,firmwareUpdateModel,ManualFlash|NoUpdatePath|OtaAutomatic|OtaUserInitiated|unsure,,,
cameras,xiongmaitech:ipg-53h13pes-s,xiongmaitech,ipg-53h13pes-s,1,formFactor,Fixed|Portable|Worn|unsure,,,
cameras,xiongmaitech:ipg-53h13pes-s,xiongmaitech,ipg-53h13pes-s,1,hasWebAdminUI,true|false|unsure,,,
cameras,xiongmaitech:ipg-53h13pes-s,xiongmaitech,ipg-53h13pes-s,1,placement,Either|Indoor|Outdoor|unsure,,,
cameras,xiongmaitech:ipg-53h13pes-s,xiongmaitech,ipg-53h13pes-s,1,supportLifetime,DeclaredLifetime|UndeclaredLifetime|unsure,,,
cameras,xiongmaitech:ipm-50hv10pt-wr,xiongmaitech,ipm-50hv10pt-wr,1,actuatesPhysical,true|false|unsure,,,
cameras,xiongmaitech:ipm-50hv10pt-wr,xiongmaitech,ipm-50hv10pt-wr,1,actuationConsequence,ComfortActuation|NoActuation|PropertyActuation|SafetyActuation|unsure,,,
cameras,xiongmaitech:ipm-50hv10pt-wr,xiongmaitech,ipm-50hv10pt-wr,1,capturesAV,true|false|unsure,,,
cameras,xiongmaitech:ipm-50hv10pt-wr,xiongmaitech,ipm-50hv10pt-wr,1,cloudDependence,CloudOptional|CloudRequired|LocalOnly|unsure,,,
cameras,xiongmaitech:ipm-50hv10pt-wr,xiongmaitech,ipm-50hv10pt-wr,1,computeTier,AndroidDerived|EmbeddedLinux|McuClass|Rtos|unsure,,,
cameras,xiongmaitech:ipm-50hv10pt-wr,xiongmaitech,ipm-50hv10pt-wr,1,consumerAvailability,InstallerChannel|MixedChannel|RetailConsumer|unsure,,,
cameras,xiongmaitech:ipm-50hv10pt-wr,xiongmaitech,ipm-50hv10pt-wr,1,dataSensitivity,AvStreamData|BiometricData|NoData|TelemetryData|unsure,,,
cameras,xiongmaitech:ipm-50hv10pt-wr,xiongmaitech,ipm-50hv10pt-wr,1,firmwareUpdateModel,ManualFlash|NoUpdatePath|OtaAutomatic|OtaUserInitiated|unsure,,,
cameras,xiongmaitech:ipm-50hv10pt-wr,xiongmaitech,ipm-50hv10pt-wr,1,formFactor,Fixed|Portable|Worn|unsure,,,
cameras,xiongmaitech:ipm-50hv10pt-wr,xiongmaitech,ipm-50hv10pt-wr,1,hasWebAdminUI,true|false|unsure,,,
cameras,xiongmaitech:ipm-50hv10pt-wr,xiongmaitech,ipm-50hv10pt-wr,1,placement,Either|Indoor|Outdoor|unsure,,,
cameras,xiongmaitech:ipm-50hv10pt-wr,xiongmaitech,ipm-50hv10pt-wr,1,supportLifetime,DeclaredLifetime|UndeclaredLifetime|unsure,,,
cameras,xiongmaitech:nbd7004t-p,xiongmaitech,nbd7004t-p,1,actuatesPhysical,true|false|unsure,,,
cameras,xiongmaitech:nbd7004t-p,xiongmaitech,nbd7004t-p,1,actuationConsequence,ComfortActuation|NoActuation|PropertyActuation|SafetyActuation|unsure,,,
cameras,xiongmaitech:nbd7004t-p,xiongmaitech,nbd7004t-p,1,capturesAV,true|false|unsure,,,
cameras,xiongmaitech:nbd7004t-p,xiongmaitech,nbd7004t-p,1,cloudDependence,CloudOptional|CloudRequired|LocalOnly|unsure,,,
cameras,xiongmaitech:nbd7004t-p,xiongmaitech,nbd7004t-p,1,computeTier,AndroidDerived|EmbeddedLinux|McuClass|Rtos|unsure,,,
cameras,xiongmaitech:nbd7004t-p,xiongmaitech,nbd7004t-p,1,consumerAvailability,InstallerChannel|MixedChannel|RetailConsumer|unsure,,,
cameras,xiongmaitech:nbd7004t-p,xiongmaitech,nbd7004t-p,1,dataSensitivity,AvStreamData|BiometricData|NoData|TelemetryData|unsure,,,
cameras,xiongmaitech:nbd7004t-p,xiongmaitech,nbd7004t-p,1,firmwareUpdateModel,ManualFlash|NoUpdatePath|OtaAutomatic|OtaUserInitiated|unsure,,,
cameras,xiongmaitech:nbd7004t-p,xiongmaitech,nbd7004t-p,1,formFactor,Fixed|Portable|Worn|unsure,,,
cameras,xiongmaitech:nbd7004t-p,xiongmaitech,nbd7004t-p,1,hasWebAdminUI,true|false|unsure,,,
cameras,xiongmaitech:nbd7004t-p,xiongmaitech,nbd7004t-p,1,placement,Either|Indoor|Outdoor|unsure,,,
cameras,xiongmaitech:nbd7004t-p,xiongmaitech,nbd7004t-p,1,supportLifetime,DeclaredLifetime|UndeclaredLifetime|unsure,,,
cameras,yitechnology:yi_home_camera,yitechnology,yi_home_camera,12,actuatesPhysical,true|false|unsure,,,
cameras,yitechnology:yi_home_camera,yitechnology,yi_home_camera,12,actuationConsequence,ComfortActuation|NoActuation|PropertyActuation|SafetyActuation|unsure,,,
cameras,yitechnology:yi_home_camera,yitechnology,yi_home_camera,12,capturesAV,true|false|unsure,,,
cameras,yitechnology:yi_home_camera,yitechnology,yi_home_camera,12,cloudDependence,CloudOptional|CloudRequired|LocalOnly|unsure,,,
cameras,yitechnology:yi_home_camera,yitechnology,yi_home_camera,12,computeTier,AndroidDerived|EmbeddedLinux|McuClass|Rtos|unsure,,,
cameras,yitechnology:yi_home_camera,yitechnology,yi_home_camera,12,consumerAvailability,InstallerChannel|MixedChannel|RetailConsumer|unsure,,,
cameras,yitechnology:yi_home_camera,yitechnology,yi_home_camera,12,dataSensitivity,AvStreamData|BiometricData|NoData|TelemetryData|unsure,,,
cameras,yitechnology:yi_home_camera,yitechnology,yi_home_camera,12,firmwareUpdateModel,ManualFlash|NoUpdatePath|OtaAutomatic|OtaUserInitiated|unsure,,,
cameras,yitechnology:yi_home_camera,yitechnology,yi_home_camera,12,formFactor,Fixed|Portable|Worn|unsure,,,
cameras,yitechnology:yi_home_camera,yitechnology,yi_home_camera,12,hasWebAdminUI,true|false|unsure,,,
cameras,yitechnology:yi_home_camera,yitechnology,yi_home_camera,12,placement,Either|Indoor|Outdoor|unsure,,,
cameras,yitechnology:yi_home_camera,yitechnology,yi_home_camera,12,supportLifetime,DeclaredLifetime|UndeclaredLifetime|unsure,,,
cameras,zavio:f312a,zavio,f312a,4,actuatesPhysical,true|false|unsure,,,
cameras,zavio:f312a,zavio,f312a,4,actuationConsequence,ComfortActuation|NoActuation|PropertyActuation|SafetyActuation|unsure,,,
cameras,zavio:f312a,zavio,f312a,4,capturesAV,true|false|unsure,,,
cameras,zavio:f312a,zavio,f312a,4,cloudDependence,CloudOptional|CloudRequired|LocalOnly|unsure,,,
cameras,zavio:f312a,zavio,f312a,4,computeTier,AndroidDerived|EmbeddedLinux|McuClass|Rtos|unsure,,,
cameras,zavio:f312a,zavio,f312a,4,consumerAvailability,InstallerChannel|MixedChannel|RetailConsumer|unsure,,,
cameras,zavio:f312a,zavio,f312a,4,dataSensitivity,AvStreamData|BiometricData|NoData|TelemetryData|unsure,,,
cameras,zavio:f312a,zavio,f312a,4,firmwareUpdateModel,ManualFlash|NoUpdatePath|OtaAutomatic|OtaUserInitiated|unsure,,,
cameras,zavio:f312a,zavio,f312a,4,formFactor,Fixed|Portable|Worn|unsure,,,
cameras,zavio:f312a,zavio,f312a,4,hasWebAdminUI,true|false|unsure,,,
cameras,zavio:f312a,zavio,f312a,4,placement,Either|Indoor|Outdoor|unsure,,,
cameras,zavio:f312a,zavio,f312a,4,supportLifetime,DeclaredLifetime|UndeclaredLifetime|unsure,,,
doorbell,adt:lifeshield_diy_hd_video_doorbell,adt,lifeshield_diy_hd_video_doorbell,1,actuatesPhysical,true|false|unsure,,,
doorbell,adt:lifeshield_diy_hd_video_doorbell,adt,lifeshield_diy_hd_video_doorbell,1,actuationConsequence,ComfortActuation|NoActuation|PropertyActuation|SafetyActuation|unsure,,,
doorbell,adt:lifeshield_diy_hd_video_doorbell,adt,lifeshield_diy_hd_video_doorbell,1,capturesAV,true|false|unsure,,,
doorbell,adt:lifeshield_diy_hd_video_doorbell,adt,lifeshield_diy_hd_video_doorbell,1,cloudDependence,CloudOptional|CloudRequired|LocalOnly|unsure,,,
doorbell,adt:lifeshield_diy_hd_video_doorbell,adt,lifeshield_diy_hd_video_doorbell,1,computeTier,AndroidDerived|EmbeddedLinux|McuClass|Rtos|unsure,,,
doorbell,adt:lifeshield_diy_hd_video_doorbell,adt,lifeshield_diy_hd_video_doorbell,1,consumerAvailability,InstallerChannel|MixedChannel|RetailConsumer|unsure,,,
doorbell,adt:lifeshield_diy_hd_video_doorbell,adt,lifeshield_diy_hd_video_doorbell,1,dataSensitivity,AvStreamData|BiometricData|NoData|TelemetryData|unsure,,,
doorbell,adt:lifeshield_diy_hd_video_doorbell,adt,lifeshield_diy_hd_video_doorbell,1,firmwareUpdateModel,ManualFlash|NoUpdatePath|OtaAutomatic|OtaUserInitiated|unsure,,,
doorbell,adt:lifeshield_diy_hd_video_doorbell,adt,lifeshield_diy_hd_video_doorbell,1,formFactor,Fixed|Portable|Worn|unsure,,,
doorbell,adt:lifeshield_diy_hd_video_doorbell,adt,lifeshield_diy_hd_video_doorbell,1,hasWebAdminUI,true|false|unsure,,,
doorbell,adt:lifeshield_diy_hd_video_doorbell,adt,lifeshield_diy_hd_video_doorbell,1,placement,Either|Indoor|Outdoor|unsure,,,
doorbell,adt:lifeshield_diy_hd_video_doorbell,adt,lifeshield_diy_hd_video_doorbell,1,supportLifetime,DeclaredLifetime|UndeclaredLifetime|unsure,,,
doorbell,aiphone:gt-db-vn,aiphone,gt-db-vn,1,actuatesPhysical,true|false|unsure,,,
doorbell,aiphone:gt-db-vn,aiphone,gt-db-vn,1,actuationConsequence,ComfortActuation|NoActuation|PropertyActuation|SafetyActuation|unsure,,,
doorbell,aiphone:gt-db-vn,aiphone,gt-db-vn,1,capturesAV,true|false|unsure,,,
doorbell,aiphone:gt-db-vn,aiphone,gt-db-vn,1,cloudDependence,CloudOptional|CloudRequired|LocalOnly|unsure,,,
doorbell,aiphone:gt-db-vn,aiphone,gt-db-vn,1,computeTier,AndroidDerived|EmbeddedLinux|McuClass|Rtos|unsure,,,
doorbell,aiphone:gt-db-vn,aiphone,gt-db-vn,1,consumerAvailability,InstallerChannel|MixedChannel|RetailConsumer|unsure,,,
doorbell,aiphone:gt-db-vn,aiphone,gt-db-vn,1,dataSensitivity,AvStreamData|BiometricData|NoData|TelemetryData|unsure,,,
doorbell,aiphone:gt-db-vn,aiphone,gt-db-vn,1,firmwareUpdateModel,ManualFlash|NoUpdatePath|OtaAutomatic|OtaUserInitiated|unsure,,,
doorbell,aiphone:gt-db-vn,aiphone,gt-db-vn,1,formFactor,Fixed|Portable|Worn|unsure,,,
doorbell,aiphone:gt-db-vn,aiphone,gt-db-vn,1,hasWebAdminUI,true|false|unsure,,,
doorbell,aiphone:gt-db-vn,aiphone,gt-db-vn,1,placement,Either|Indoor|Outdoor|unsure,,,
doorbell,aiphone:gt-db-vn,aiphone,gt-db-vn,1,supportLifetime,DeclaredLifetime|UndeclaredLifetime|unsure,,,
doorbell,aiphone:gt-dmb,aiphone,gt-dmb,1,actuatesPhysical,true|false|unsure,,,
doorbell,aiphone:gt-dmb,aiphone,gt-dmb,1,actuationConsequence,ComfortActuation|NoActuation|PropertyActuation|SafetyActuation|unsure,,,
doorbell,aiphone:gt-dmb,aiphone,gt-dmb,1,capturesAV,true|false|unsure,,,
doorbell,aiphone:gt-dmb,aiphone,gt-dmb,1,cloudDependence,CloudOptional|CloudRequired|LocalOnly|unsure,,,
doorbell,aiphone:gt-dmb,aiphone,gt-dmb,1,computeTier,AndroidDerived|EmbeddedLinux|McuClass|Rtos|unsure,,,
doorbell,aiphone:gt-dmb,aiphone,gt-dmb,1,consumerAvailability,InstallerChannel|MixedChannel|RetailConsumer|unsure,,,
doorbell,aiphone:gt-dmb,aiphone,gt-dmb,1,dataSensitivity,AvStreamData|BiometricData|NoData|TelemetryData|unsure,,,
doorbell,aiphone:gt-dmb,aiphone,gt-dmb,1,firmwareUpdateModel,ManualFlash|NoUpdatePath|OtaAutomatic|OtaUserInitiated|unsure,,,
doorbell,aiphone:gt-dmb,aiphone,gt-dmb,1,formFactor,Fixed|Portable|Worn|unsure,,,
doorbell,aiphone:gt-dmb,aiphone,gt-dmb,1,hasWebAdminUI,true|false|unsure,,,
doorbell,aiphone:gt-dmb,aiphone,gt-dmb,1,placement,Either|Indoor|Outdoor|unsure,,,
doorbell,aiphone:gt-dmb,aiphone,gt-dmb,1,supportLifetime,DeclaredLifetime|UndeclaredLifetime|unsure,,,
doorbell,aiphone:gt-dmb-lvn,aiphone,gt-dmb-lvn,1,actuatesPhysical,true|false|unsure,,,
doorbell,aiphone:gt-dmb-lvn,aiphone,gt-dmb-lvn,1,actuationConsequence,ComfortActuation|NoActuation|PropertyActuation|SafetyActuation|unsure,,,
doorbell,aiphone:gt-dmb-lvn,aiphone,gt-dmb-lvn,1,capturesAV,true|false|unsure,,,
doorbell,aiphone:gt-dmb-lvn,aiphone,gt-dmb-lvn,1,cloudDependence,CloudOptional|CloudRequired|LocalOnly|unsure,,,
doorbell,aiphone:gt-dmb-lvn,aiphone,gt-dmb-lvn,1,computeTier,AndroidDerived|EmbeddedLinux|McuClass|Rtos|unsure,,,
doorbell,aiphone:gt-dmb-lvn,aiphone,gt-dmb-lvn,1,consumerAvailability,InstallerChannel|MixedChannel|RetailConsumer|unsure,,,
doorbell,aiphone:gt-dmb-lvn,aiphone,gt-dmb-lvn,1,dataSensitivity,AvStreamData|BiometricData|NoData|TelemetryData|unsure,,,
doorbell,aiphone:gt-dmb-lvn,aiphone,gt-dmb-lvn,1,firmwareUpdateModel,ManualFlash|NoUpdatePath|OtaAutomatic|OtaUserInitiated|unsure,,,
doorbell,aiphone:gt-dmb-lvn,aiphone,gt-dmb-lvn,1,formFactor,Fixed|Portable|Worn|unsure,,,
doorbell,aiphone:gt-dmb-lvn,aiphone,gt-dmb-lvn,1,hasWebAdminUI,true|false|unsure,,,
doorbell,aiphone:gt-dmb-lvn,aiphone,gt-dmb-lvn,1,placement,Either|Indoor|Outdoor|unsure,,,
doorbell,aiphone:gt-dmb-lvn,aiphone,gt-dmb-lvn,1,supportLifetime,DeclaredLifetime|UndeclaredLifetime|unsure,,,
doorbell,aiphone:gt-dmb-n,aiphone,gt-dmb-n,1,actuatesPhysical,true|false|unsure,,,
doorbell,aiphone:gt-dmb-n,aiphone,gt-dmb-n,1,actuationConsequence,ComfortActuation|NoActuation|PropertyActuation|SafetyActuation|unsure,,,
doorbell,aiphone:gt-dmb-n,aiphone,gt-dmb-n,1,capturesAV,true|false|unsure,,,
doorbell,aiphone:gt-dmb-n,aiphone,gt-dmb-n,1,cloudDependence,CloudOptional|CloudRequired|LocalOnly|unsure,,,
doorbell,aiphone:gt-dmb-n,aiphone,gt-dmb-n,1,computeTier,AndroidDerived|EmbeddedLinux|McuClass|Rtos|unsure,,,
doorbell,aiphone:gt-dmb-n,aiphone,gt-dmb-n,1,consumerAvailability,InstallerChannel|MixedChannel|RetailConsumer|unsure,,,
doorbell,aiphone:gt-dmb-n,aiphone,gt-dmb-n,1,dataSensitivity,AvStreamData|BiometricData|NoData|TelemetryData|unsure,,,
doorbell,aiphone:gt-dmb-n,aiphone,gt-dmb-n,1,firmwareUpdateModel,ManualFlash|NoUpdatePath|OtaAutomatic|OtaUserInitiated|unsure,,,
doorbell,aiphone:gt-dmb-n,aiphone,gt-dmb-n,1,formFactor,Fixed|Portable|Worn|unsure,,,
doorbell,aiphone:gt-dmb-n,aiphone,gt-dmb-n,1,hasWebAdminUI,true|false|unsure,,,
doorbell,aiphone:gt-dmb-n,aiphone,gt-dmb-n,1,placement,Either|Indoor|Outdoor|unsure,,,
doorbell,aiphone:gt-dmb-n,aiphone,gt-dmb-n,1,supportLifetime,DeclaredLifetime|UndeclaredLifetime|unsure,,,
doorbell,akuvox:c313w-2,akuvox,c313w-2,2,actuatesPhysical,true|false|unsure,,,
doorbell,akuvox:c313w-2,akuvox,c313w-2,2,actuationConsequence,ComfortActuation|NoActuation|PropertyActuation|SafetyActuation|unsure,,,
doorbell,akuvox:c313w-2,akuvox,c313w-2,2,capturesAV,true|false|unsure,,,
doorbell,akuvox:c313w-2,akuvox,c313w-2,2,cloudDependence,CloudOptional|CloudRequired|LocalOnly|unsure,,,
doorbell,akuvox:c313w-2,akuvox,c313w-2,2,computeTier,AndroidDerived|EmbeddedLinux|McuClass|Rtos|unsure,,,
doorbell,akuvox:c313w-2,akuvox,c313w-2,2,consumerAvailability,InstallerChannel|MixedChannel|RetailConsumer|unsure,,,
doorbell,akuvox:c313w-2,akuvox,c313w-2,2,dataSensitivity,AvStreamData|BiometricData|NoData|TelemetryData|unsure,,,
doorbell,akuvox:c313w-2,akuvox,c313w-2,2,firmwareUpdateModel,ManualFlash|NoUpdatePath|OtaAutomatic|OtaUserInitiated|unsure,,,
doorbell,akuvox:c313w-2,akuvox,c313w-2,2,formFactor,Fixed|Portable|Worn|unsure,,,
doorbell,akuvox:c313w-2,akuvox,c313w-2,2,hasWebAdminUI,true|false|unsure,,,
doorbell,akuvox:c313w-2,akuvox,c313w-2,2,placement,Either|Indoor|Outdoor|unsure,,,
doorbell,akuvox:c313w-2,akuvox,c313w-2,2,supportLifetime,DeclaredLifetime|UndeclaredLifetime|unsure,,,
doorbell,akuvox:c315,akuvox,c315,1,actuatesPhysical,true|false|unsure,,,
doorbell,akuvox:c315,akuvox,c315,1,actuationConsequence,ComfortActuation|NoActuation|PropertyActuation|SafetyActuation|unsure,,,
doorbell,akuvox:c315,akuvox,c315,1,capturesAV,true|false|unsure,,,
doorbell,akuvox:c315,akuvox,c315,1,cloudDependence,CloudOptional|CloudRequired|LocalOnly|unsure,,,
doorbell,akuvox:c315,akuvox,c315,1,computeTier,AndroidDerived|EmbeddedLinux|McuClass|Rtos|unsure,,,
doorbell,akuvox:c315,akuvox,c315,1,consumerAvailability,InstallerChannel|MixedChannel|RetailConsumer|unsure,,,
doorbell,akuvox:c315,akuvox,c315,1,dataSensitivity,AvStreamData|BiometricData|NoData|TelemetryData|unsure,,,
doorbell,akuvox:c315,akuvox,c315,1,firmwareUpdateModel,ManualFlash|NoUpdatePath|OtaAutomatic|OtaUserInitiated|unsure,,,
doorbell,akuvox:c315,akuvox,c315,1,formFactor,Fixed|Portable|Worn|unsure,,,
doorbell,akuvox:c315,akuvox,c315,1,hasWebAdminUI,true|false|unsure,,,
doorbell,akuvox:c315,akuvox,c315,1,placement,Either|Indoor|Outdoor|unsure,,,
doorbell,akuvox:c315,akuvox,c315,1,supportLifetime,DeclaredLifetime|UndeclaredLifetime|unsure,,,
doorbell,akuvox:e11,akuvox,e11,13,actuatesPhysical,true|false|unsure,,,
doorbell,akuvox:e11,akuvox,e11,13,actuationConsequence,ComfortActuation|NoActuation|PropertyActuation|SafetyActuation|unsure,,,
doorbell,akuvox:e11,akuvox,e11,13,capturesAV,true|false|unsure,,,
doorbell,akuvox:e11,akuvox,e11,13,cloudDependence,CloudOptional|CloudRequired|LocalOnly|unsure,,,
doorbell,akuvox:e11,akuvox,e11,13,computeTier,AndroidDerived|EmbeddedLinux|McuClass|Rtos|unsure,,,
doorbell,akuvox:e11,akuvox,e11,13,consumerAvailability,InstallerChannel|MixedChannel|RetailConsumer|unsure,,,
doorbell,akuvox:e11,akuvox,e11,13,dataSensitivity,AvStreamData|BiometricData|NoData|TelemetryData|unsure,,,
doorbell,akuvox:e11,akuvox,e11,13,firmwareUpdateModel,ManualFlash|NoUpdatePath|OtaAutomatic|OtaUserInitiated|unsure,,,
doorbell,akuvox:e11,akuvox,e11,13,formFactor,Fixed|Portable|Worn|unsure,,,
doorbell,akuvox:e11,akuvox,e11,13,hasWebAdminUI,true|false|unsure,,,
doorbell,akuvox:e11,akuvox,e11,13,placement,Either|Indoor|Outdoor|unsure,,,
doorbell,akuvox:e11,akuvox,e11,13,supportLifetime,DeclaredLifetime|UndeclaredLifetime|unsure,,,
doorbell,akuvox:e16c,akuvox,e16c,1,actuatesPhysical,true|false|unsure,,,
doorbell,akuvox:e16c,akuvox,e16c,1,actuationConsequence,ComfortActuation|NoActuation|PropertyActuation|SafetyActuation|unsure,,,
doorbell,akuvox:e16c,akuvox,e16c,1,capturesAV,true|false|unsure,,,
doorbell,akuvox:e16c,akuvox,e16c,1,cloudDependence,CloudOptional|CloudRequired|LocalOnly|unsure,,,
doorbell,akuvox:e16c,akuvox,e16c,1,computeTier,AndroidDerived|EmbeddedLinux|McuClass|Rtos|unsure,,,
doorbell,akuvox:e16c,akuvox,e16c,1,consumerAvailability,InstallerChannel|MixedChannel|RetailConsumer|unsure,,,
doorbell,akuvox:e16c,akuvox,e16c,1,dataSensitivity,AvStreamData|BiometricData|NoData|TelemetryData|unsure,,,
doorbell,akuvox:e16c,akuvox,e16c,1,firmwareUpdateModel,ManualFlash|NoUpdatePath|OtaAutomatic|OtaUserInitiated|unsure,,,
doorbell,akuvox:e16c,akuvox,e16c,1,formFactor,Fixed|Portable|Worn|unsure,,,
doorbell,akuvox:e16c,akuvox,e16c,1,hasWebAdminUI,true|false|unsure,,,
doorbell,akuvox:e16c,akuvox,e16c,1,placement,Either|Indoor|Outdoor|unsure,,,
doorbell,akuvox:e16c,akuvox,e16c,1,supportLifetime,DeclaredLifetime|UndeclaredLifetime|unsure,,,
doorbell,akuvox:nc-2,akuvox,nc-2,2,actuatesPhysical,true|false|unsure,,,
doorbell,akuvox:nc-2,akuvox,nc-2,2,actuationConsequence,ComfortActuation|NoActuation|PropertyActuation|SafetyActuation|unsure,,,
doorbell,akuvox:nc-2,akuvox,nc-2,2,capturesAV,true|false|unsure,,,
doorbell,akuvox:nc-2,akuvox,nc-2,2,cloudDependence,CloudOptional|CloudRequired|LocalOnly|unsure,,,
doorbell,akuvox:nc-2,akuvox,nc-2,2,computeTier,AndroidDerived|EmbeddedLinux|McuClass|Rtos|unsure,,,
doorbell,akuvox:nc-2,akuvox,nc-2,2,consumerAvailability,InstallerChannel|MixedChannel|RetailConsumer|unsure,,,
doorbell,akuvox:nc-2,akuvox,nc-2,2,dataSensitivity,AvStreamData|BiometricData|NoData|TelemetryData|unsure,,,
doorbell,akuvox:nc-2,akuvox,nc-2,2,firmwareUpdateModel,ManualFlash|NoUpdatePath|OtaAutomatic|OtaUserInitiated|unsure,,,
doorbell,akuvox:nc-2,akuvox,nc-2,2,formFactor,Fixed|Portable|Worn|unsure,,,
doorbell,akuvox:nc-2,akuvox,nc-2,2,hasWebAdminUI,true|false|unsure,,,
doorbell,akuvox:nc-2,akuvox,nc-2,2,placement,Either|Indoor|Outdoor|unsure,,,
doorbell,akuvox:nc-2,akuvox,nc-2,2,supportLifetime,DeclaredLifetime|UndeclaredLifetime|unsure,,,
doorbell,akuvox:ns-2,akuvox,ns-2,2,actuatesPhysical,true|false|unsure,,,
doorbell,akuvox:ns-2,akuvox,ns-2,2,actuationConsequence,ComfortActuation|NoActuation|PropertyActuation|SafetyActuation|unsure,,,
doorbell,akuvox:ns-2,akuvox,ns-2,2,capturesAV,true|false|unsure,,,
doorbell,akuvox:ns-2,akuvox,ns-2,2,cloudDependence,CloudOptional|CloudRequired|LocalOnly|unsure,,,
doorbell,akuvox:ns-2,akuvox,ns-2,2,computeTier,AndroidDerived|EmbeddedLinux|McuClass|Rtos|unsure,,,
doorbell,akuvox:ns-2,akuvox,ns-2,2,consumerAvailability,InstallerChannel|MixedChannel|RetailConsumer|unsure,,,
doorbell,akuvox:ns-2,akuvox,ns-2,2,dataSensitivity,AvStreamData|BiometricData|NoData|TelemetryData|unsure,,,
doorbell,akuvox:ns-2,akuvox,ns-2,2,firmwareUpdateModel,ManualFlash|NoUpdatePath|OtaAutomatic|OtaUserInitiated|unsure,,,
doorbell,akuvox:ns-2,akuvox,ns-2,2,formFactor,Fixed|Portable|Worn|unsure,,,
doorbell,akuvox:ns-2,akuvox,ns-2,2,hasWebAdminUI,true|false|unsure,,,
doorbell,akuvox:ns-2,akuvox,ns-2,2,placement,Either|Indoor|Outdoor|unsure,,,
doorbell,akuvox:ns-2,akuvox,ns-2,2,supportLifetime,DeclaredLifetime|UndeclaredLifetime|unsure,,,
doorbell,akuvox:nx-2,akuvox,nx-2,2,actuatesPhysical,true|false|unsure,,,
doorbell,akuvox:nx-2,akuvox,nx-2,2,actuationConsequence,ComfortActuation|NoActuation|PropertyActuation|SafetyActuation|unsure,,,
doorbell,akuvox:nx-2,akuvox,nx-2,2,capturesAV,true|false|unsure,,,
doorbell,akuvox:nx-2,akuvox,nx-2,2,cloudDependence,CloudOptional|CloudRequired|LocalOnly|unsure,,,
doorbell,akuvox:nx-2,akuvox,nx-2,2,computeTier,AndroidDerived|EmbeddedLinux|McuClass|Rtos|unsure,,,
doorbell,akuvox:nx-2,akuvox,nx-2,2,consumerAvailability,InstallerChannel|MixedChannel|RetailConsumer|unsure,,,
doorbell,akuvox:nx-2,akuvox,nx-2,2,dataSensitivity,AvStreamData|BiometricData|NoData|TelemetryData|unsure,,,
doorbell,akuvox:nx-2,akuvox,nx-2,2,firmwareUpdateModel,ManualFlash|NoUpdatePath|OtaAutomatic|OtaUserInitiated|unsure,,,
doorbell,akuvox:nx-2,akuvox,nx-2,2,formFactor,Fixed|Portable|Worn|unsure,,,
doorbell,akuvox:nx-2,akuvox,nx-2,2,hasWebAdminUI,true|false|unsure,,,
doorbell,akuvox:nx-2,akuvox,nx-2,2,placement,Either|Indoor|Outdoor|unsure,,,
doorbell,akuvox:nx-2,akuvox,nx-2,2,supportLifetime,DeclaredLifetime|UndeclaredLifetime|unsure,,,
doorbell,akuvox:r20a-2,akuvox,r20a-2,2,actuatesPhysical,true|false|unsure,,,
doorbell,akuvox:r20a-2,akuvox,r20a-2,2,actuationConsequence,ComfortActuation|NoActuation|PropertyActuation|SafetyActuation|unsure,,,
doorbell,akuvox:r20a-2,akuvox,r20a-2,2,capturesAV,true|false|unsure,,,
doorbell,akuvox:r20a-2,akuvox,r20a-2,2,cloudDependence,CloudOptional|CloudRequired|LocalOnly|unsure,,,
doorbell,akuvox:r20a-2,akuvox,r20a-2,2,computeTier,AndroidDerived|EmbeddedLinux|McuClass|Rtos|unsure,,,
doorbell,akuvox:r20a-2,akuvox,r20a-2,2,consumerAvailability,InstallerChannel|MixedChannel|RetailConsumer|unsure,,,
doorbell,akuvox:r20a-2,akuvox,r20a-2,2,dataSensitivity,AvStreamData|BiometricData|NoData|TelemetryData|unsure,,,
doorbell,akuvox:r20a-2,akuvox,r20a-2,2,firmwareUpdateModel,ManualFlash|NoUpdatePath|OtaAutomatic|OtaUserInitiated|unsure,,,
doorbell,akuvox:r20a-2,akuvox,r20a-2,2,formFactor,Fixed|Portable|Worn|unsure,,,
doorbell,akuvox:r20a-2,akuvox,r20a-2,2,hasWebAdminUI,true|false|unsure,,,
doorbell,akuvox:r20a-2,akuvox,r20a-2,2,placement,Either|Indoor|Outdoor|unsure,,,
doorbell,akuvox:r20a-2,akuvox,r20a-2,2,supportLifetime,DeclaredLifetime|UndeclaredLifetime|unsure,,,
doorbell,akuvox:r20k-2,akuvox,r20k-2,2,actuatesPhysical,true|false|unsure,,,
doorbell,akuvox:r20k-2,akuvox,r20k-2,2,actuationConsequence,ComfortActuation|NoActuation|PropertyActuation|SafetyActuation|unsure,,,
doorbell,akuvox:r20k-2,akuvox,r20k-2,2,capturesAV,true|false|unsure,,,
doorbell,akuvox:r20k-2,akuvox,r20k-2,2,cloudDependence,CloudOptional|CloudRequired|LocalOnly|unsure,,,
doorbell,akuvox:r20k-2,akuvox,r20k-2,2,computeTier,AndroidDerived|EmbeddedLinux|McuClass|Rtos|unsure,,,
doorbell,akuvox:r20k-2,akuvox,r20k-2,2,consumerAvailability,InstallerChannel|MixedChannel|RetailConsumer|unsure,,,
doorbell,akuvox:r20k-2,akuvox,r20k-2,2,dataSensitivity,AvStreamData|BiometricData|NoData|TelemetryData|unsure,,,
doorbell,akuvox:r20k-2,akuvox,r20k-2,2,firmwareUpdateModel,ManualFlash|NoUpdatePath|OtaAutomatic|OtaUserInitiated|unsure,,,
doorbell,akuvox:r20k-2,akuvox,r20k-2,2,formFactor,Fixed|Portable|Worn|unsure,,,
doorbell,akuvox:r20k-2,akuvox,r20k-2,2,hasWebAdminUI,true|false|unsure,,,
doorbell,akuvox:r20k-2,akuvox,r20k-2,2,placement,Either|Indoor|Outdoor|unsure,,,
doorbell,akuvox:r20k-2,akuvox,r20k-2,2,supportLifetime,DeclaredLifetime|UndeclaredLifetime|unsure,,,
doorbell,akuvox:r29,akuvox,r29,2,actuatesPhysical,true|false|unsure,,,
doorbell,akuvox:r29,akuvox,r29,2,actuationConsequence,ComfortActuation|NoActuation|PropertyActuation|SafetyActuation|unsure,,,
doorbell,akuvox:r29,akuvox,r29,2,capturesAV,true|false|unsure,,,
doorbell,akuvox:r29,akuvox,r29,2,cloudDependence,CloudOptional|CloudRequired|LocalOnly|unsure,,,
doorbell,akuvox:r29,akuvox,r29,2,computeTier,AndroidDerived|EmbeddedLinux|McuClass|Rtos|unsure,,,
doorbell,akuvox:r29,akuvox,r29,2,consumerAvailability,InstallerChannel|MixedChannel|RetailConsumer|unsure,,,
doorbell,akuvox:r29,akuvox,r29,2,dataSensitivity,AvStreamData|BiometricData|NoData|TelemetryData|unsure,,,
doorbell,akuvox:r29,akuvox,r29,2,firmwareUpdateModel,ManualFlash|NoUpdatePath|OtaAutomatic|OtaUserInitiated|unsure,,,
doorbell,akuvox:r29,akuvox,r29,2,formFactor,Fixed|Portable|Worn|unsure,,,
doorbell,akuvox:r29,akuvox,r29,2,hasWebAdminUI,true|false|unsure,,,
doorbell,akuvox:r29,akuvox,r29,2,placement,Either|Indoor|Outdoor|unsure,,,
doorbell,akuvox:r29,akuvox,r29,2,supportLifetime,DeclaredLifetime|UndeclaredLifetime|unsure,,,
doorbell,akuvox:s532,akuvox,s532,2,actuatesPhysical,true|false|unsure,,,
doorbell,akuvox:s532,akuvox,s532,2,actuationConsequence,ComfortActuation|NoActuation|PropertyActuation|SafetyActuation|unsure,,,
doorbell,akuvox:s532,akuvox,s532,2,capturesAV,true|false|unsure,,,
doorbell,akuvox:s532,akuvox,s532,2,cloudDependence,CloudOptional|CloudRequired|LocalOnly|unsure,,,
doorbell,akuvox:s532,akuvox,s532,2,computeTier,AndroidDerived|EmbeddedLinux|McuClass|Rtos|unsure,,,
doorbell,akuvox:s532,akuvox,s532,2,consumerAvailability,InstallerChannel|MixedChannel|RetailConsumer|unsure,,,
doorbell,akuvox:s532,akuvox,s532,2,dataSensitivity,AvStreamData|BiometricData|NoData|TelemetryData|unsure,,,
doorbell,akuvox:s532,akuvox,s532,2,firmwareUpdateModel,ManualFlash|NoUpdatePath|OtaAutomatic|OtaUserInitiated|unsure,,,
doorbell,akuvox:s532,akuvox,s532,2,formFactor,Fixed|Portable|Worn|unsure,,,
doorbell,akuvox:s532,akuvox,s532,2,hasWebAdminUI,true|false|unsure,,,
doorbell,akuvox:s532,akuvox,s532,2,placement,Either|Indoor|Outdoor|unsure,,,
doorbell,akuvox:s532,akuvox,s532,2,supportLifetime,DeclaredLifetime|UndeclaredLifetime|unsure,,,
doorbell,akuvox:s539,akuvox,s539,2,actuatesPhysical,true|false|unsure,,,
doorbell,akuvox:s539,akuvox,s539,2,actuationConsequence,ComfortActuation|NoActuation|PropertyActuation|SafetyActuation|unsure,,,
doorbell,akuvox:s539,akuvox,s539,2,capturesAV,true|false|unsure,,,
doorbell,akuvox:s539,akuvox,s539,2,cloudDependence,CloudOptional|CloudRequired|LocalOnly|unsure,,,
doorbell,akuvox:s539,akuvox,s539,2,computeTier,AndroidDerived|EmbeddedLinux|McuClass|Rtos|unsure,,,
doorbell,akuvox:s539,akuvox,s539,2,consumerAvailability,InstallerChannel|MixedChannel|RetailConsumer|unsure,,,
doorbell,akuvox:s539,akuvox,s539,2,dataSensitivity,AvStreamData|BiometricData|NoData|TelemetryData|unsure,,,
doorbell,akuvox:s539,akuvox,s539,2,firmwareUpdateModel,ManualFlash|NoUpdatePath|OtaAutomatic|OtaUserInitiated|unsure,,,
doorbell,akuvox:s539,akuvox,s539,2,formFactor,Fixed|Portable|Worn|unsure,,,
doorbell,akuvox:s539,akuvox,s539,2,hasWebAdminUI,true|false|unsure,,,
doorbell,akuvox:s539,akuvox,s539,2,placement,Either|Indoor|Outdoor|unsure,,,
doorbell,akuvox:s539,akuvox,s539,2,supportLifetime,DeclaredLifetime|UndeclaredLifetime|unsure,,,
doorbell,akuvox:x912,akuvox,x912,2,actuatesPhysical,true|false|unsure,,,
doorbell,akuvox:x912,akuvox,x912,2,actuationConsequence,ComfortActuation|NoActuation|PropertyActuation|SafetyActuation|unsure,,,
doorbell,akuvox:x912,akuvox,x912,2,capturesAV,true|false|unsure,,,
doorbell,akuvox:x912,akuvox,x912,2,cloudDependence,CloudOptional|CloudRequired|LocalOnly|unsure,,,
doorbell,akuvox:x912,akuvox,x912,2,computeTier,AndroidDerived|EmbeddedLinux|McuClass|Rtos|unsure,,,
doorbell,akuvox:x912,akuvox,x912,2,consumerAvailability,InstallerChannel|MixedChannel|RetailConsumer|unsure,,,
doorbell,akuvox:x912,akuvox,x912,2,dataSensitivity,AvStreamData|BiometricData|NoData|TelemetryData|unsure,,,
doorbell,akuvox:x912,akuvox,x912,2,firmwareUpdateModel,ManualFlash|NoUpdatePath|OtaAutomatic|OtaUserInitiated|unsure,,,
doorbell,akuvox:x912,akuvox,x912,2,formFactor,Fixed|Portable|Worn|unsure,,,
doorbell,akuvox:x912,akuvox,x912,2,hasWebAdminUI,true|false|unsure,,,
doorbell,akuvox:x912,akuvox,x912,2,placement,Either|Indoor|Outdoor|unsure,,,
doorbell,akuvox:x912,akuvox,x912,2,supportLifetime,DeclaredLifetime|UndeclaredLifetime|unsure,,,
doorbell,akuvox:x915,akuvox,x915,2,actuatesPhysical,true|false|unsure,,,
doorbell,akuvox:x915,akuvox,x915,2,actuationConsequence,ComfortActuation|NoActuation|PropertyActuation|SafetyActuation|unsure,,,
doorbell,akuvox:x915,akuvox,x915,2,capturesAV,true|false|unsure,,,
doorbell,akuvox:x915,akuvox,x915,2,cloudDependence,CloudOptional|CloudRequired|LocalOnly|unsure,,,
doorbell,akuvox:x915,akuvox,x915,2,computeTier,AndroidDerived|EmbeddedLinux|McuClass|Rtos|unsure,,,
doorbell,akuvox:x915,akuvox,x915,2,consumerAvailability,InstallerChannel|MixedChannel|RetailConsumer|unsure,,,
doorbell,akuvox:x915,akuvox,x915,2,dataSensitivity,AvStreamData|BiometricData|NoData|TelemetryData|unsure,,,
doorbell,akuvox:x915,akuvox,x915,2,firmwareUpdateModel,ManualFlash|NoUpdatePath|OtaAutomatic|OtaUserInitiated|unsure,,,
doorbell,akuvox:x915,akuvox,x915,2,formFactor,Fixed|Portable|Worn|unsure,,,
doorbell,akuvox:x915,akuvox,x915,2,hasWebAdminUI,true|false|unsure,,,
doorbell,akuvox:x915,akuvox,x915,2,placement,Either|Indoor|Outdoor|unsure,,,
doorbell,akuvox:x915,akuvox,x915,2,supportLifetime,DeclaredLifetime|UndeclaredLifetime|unsure,,,
doorbell,akuvox:x916,akuvox,x916,2,actuatesPhysical,true|false|unsure,,,
doorbell,akuvox:x916,akuvox,x916,2,actuationConsequence,ComfortActuation|NoActuation|PropertyActuation|SafetyActuation|unsure,,,
doorbell,akuvox:x916,akuvox,x916,2,capturesAV,true|false|unsure,,,
doorbell,akuvox:x916,akuvox,x916,2,cloudDependence,CloudOptional|CloudRequired|LocalOnly|unsure,,,
doorbell,akuvox:x916,akuvox,x916,2,computeTier,AndroidDerived|EmbeddedLinux|McuClass|Rtos|unsure,,,
doorbell,akuvox:x916,akuvox,x916,2,consumerAvailability,InstallerChannel|MixedChannel|RetailConsumer|unsure,,,
doorbell,akuvox:x916,akuvox,x916,2,dataSensitivity,AvStreamData|BiometricData|NoData|TelemetryData|unsure,,,
doorbell,akuvox:x916,akuvox,x916,2,firmwareUpdateModel,ManualFlash|NoUpdatePath|OtaAutomatic|OtaUserInitiated|unsure,,,
doorbell,akuvox:x916,akuvox,x916,2,formFactor,Fixed|Portable|Worn|unsure,,,
doorbell,akuvox:x916,akuvox,x916,2,hasWebAdminUI,true|false|unsure,,,
doorbell,akuvox:x916,akuvox,x916,2,placement,Either|Indoor|Outdoor|unsure,,,
doorbell,akuvox:x916,akuvox,x916,2,supportLifetime,DeclaredLifetime|UndeclaredLifetime|unsure,,,
doorbell,amazon:ring_video_doorbell,amazon,ring_video_doorbell,1,actuatesPhysical,true|false|unsure,,,
doorbell,amazon:ring_video_doorbell,amazon,ring_video_doorbell,1,actuationConsequence,ComfortActuation|NoActuation|PropertyActuation|SafetyActuation|unsure,,,
doorbell,amazon:ring_video_doorbell,amazon,ring_video_doorbell,1,capturesAV,true|false|unsure,,,
doorbell,amazon:ring_video_doorbell,amazon,ring_video_doorbell,1,cloudDependence,CloudOptional|CloudRequired|LocalOnly|unsure,,,
doorbell,amazon:ring_video_doorbell,amazon,ring_video_doorbell,1,computeTier,AndroidDerived|EmbeddedLinux|McuClass|Rtos|unsure,,,
doorbell,amazon:ring_video_doorbell,amazon,ring_video_doorbell,1,consumerAvailability,InstallerChannel|MixedChannel|RetailConsumer|unsure,,,
doorbell,amazon:ring_video_doorbell,amazon,ring_video_doorbell,1,dataSensitivity,AvStreamData|BiometricData|NoData|TelemetryData|unsure,,,
doorbell,amazon:ring_video_doorbell,amazon,ring_video_doorbell,1,firmwareUpdateModel,ManualFlash|NoUpdatePath|OtaAutomatic|OtaUserInitiated|unsure,,,
doorbell,amazon:ring_video_doorbell,amazon,ring_video_doorbell,1,formFactor,Fixed|Portable|Worn|unsure,,,
doorbell,amazon:ring_video_doorbell,amazon,ring_video_doorbell,1,hasWebAdminUI,true|false|unsure,,,
doorbell,amazon:ring_video_doorbell,amazon,ring_video_doorbell,1,placement,Either|Indoor|Outdoor|unsure,,,
doorbell,amazon:ring_video_doorbell,amazon,ring_video_doorbell,1,supportLifetime,DeclaredLifetime|UndeclaredLifetime|unsure,,,
doorbell,dbell:db01-s,dbell,db01-s,1,actuatesPhysical,true|false|unsure,,,
doorbell,dbell:db01-s,dbell,db01-s,1,actuationConsequence,ComfortActuation|NoActuation|PropertyActuation|SafetyActuation|unsure,,,
doorbell,dbell:db01-s,dbell,db01-s,1,capturesAV,true|false|unsure,,,
doorbell,dbell:db01-s,dbell,db01-s,1,cloudDependence,CloudOptional|CloudRequired|LocalOnly|unsure,,,
doorbell,dbell:db01-s,dbell,db01-s,1,computeTier,AndroidDerived|EmbeddedLinux|McuClass|Rtos|unsure,,,
doorbell,dbell:db01-s,dbell,db01-s,1,consumerAvailability,InstallerChannel|MixedChannel|RetailConsumer|unsure,,,
doorbell,dbell:db01-s,dbell,db01-s,1,dataSensitivity,AvStreamData|BiometricData|NoData|TelemetryData|unsure,,,
doorbell,dbell:db01-s,dbell,db01-s,1,firmwareUpdateModel,ManualFlash|NoUpdatePath|OtaAutomatic|OtaUserInitiated|unsure,,,
doorbell,dbell:db01-s,dbell,db01-s,1,formFactor,Fixed|Portable|Worn|unsure,,,
doorbell,dbell:db01-s,dbell,db01-s,1,hasWebAdminUI,true|false|unsure,,,
doorbell,dbell:db01-s,dbell,db01-s,1,placement,Either|Indoor|Outdoor|unsure,,,
doorbell,dbell:db01-s,dbell,db01-s,1,supportLifetime,DeclaredLifetime|UndeclaredLifetime|unsure,,,
doorbell,fermax:outdoor_panel,fermax,outdoor_panel,1,actuatesPhysical,true|false|unsure,,,
doorbell,fermax:outdoor_panel,fermax,outdoor_panel,1,actuationConsequence,ComfortActuation|NoActuation|PropertyActuation|SafetyActuation|unsure,,,
doorbell,fermax:outdoor_panel,fermax,outdoor_panel,1,capturesAV,true|false|unsure,,,
doorbell,fermax:outdoor_panel,fermax,outdoor_panel,1,cloudDependence,CloudOptional|CloudRequired|LocalOnly|unsure,,,
doorbell,fermax:outdoor_panel,fermax,outdoor_panel,1,computeTier,AndroidDerived|EmbeddedLinux|McuClass|Rtos|unsure,,,
doorbell,fermax:outdoor_panel,fermax,outdoor_panel,1,consumerAvailability,InstallerChannel|MixedChannel|RetailConsumer|unsure,,,
doorbell,fermax:outdoor_panel,fermax,outdoor_panel,1,dataSensitivity,AvStreamData|BiometricData|NoData|TelemetryData|unsure,,,
doorbell,fermax:outdoor_panel,fermax,outdoor_panel,1,firmwareUpdateModel,ManualFlash|NoUpdatePath|OtaAutomatic|OtaUserInitiated|unsure,,,
doorbell,fermax:outdoor_panel,fermax,outdoor_panel,1,formFactor,Fixed|Portable|Worn|unsure,,,
doorbell,fermax:outdoor_panel,fermax,outdoor_panel,1,hasWebAdminUI,true|false|unsure,,,
doorbell,fermax:outdoor_panel,fermax,outdoor_panel,1,placement,Either|Indoor|Outdoor|unsure,,,
doorbell,fermax:outdoor_panel,fermax,outdoor_panel,1,supportLifetime,DeclaredLifetime|UndeclaredLifetime|unsure,,,
doorbell,"google:nest_cam_\(indoor\,_wired\)",google,"nest_cam_\(indoor\,_wired\)",1,actuatesPhysical,true|false|unsure,,,
doorbell,"google:nest_cam_\(indoor\,_wired\)",google,"nest_cam_\(indoor\,_wired\)",1,actuationConsequence,ComfortActuation|NoActuation|PropertyActuation|SafetyActuation|unsure,,,
doorbell,"google:nest_cam_\(indoor\,_wired\)",google,"nest_cam_\(indoor\,_wired\)",1,capturesAV,true|false|unsure,,,
doorbell,"google:nest_cam_\(indoor\,_wired\)",google,"nest_cam_\(indoor\,_wired\)",1,cloudDependence,CloudOptional|CloudRequired|LocalOnly|unsure,,,
doorbell,"google:nest_cam_\(indoor\,_wired\)",google,"nest_cam_\(indoor\,_wired\)",1,computeTier,AndroidDerived|EmbeddedLinux|McuClass|Rtos|unsure,,,
doorbell,"google:nest_cam_\(indoor\,_wired\)",google,"nest_cam_\(indoor\,_wired\)",1,consumerAvailability,InstallerChannel|MixedChannel|RetailConsumer|unsure,,,
doorbell,"google:nest_cam_\(indoor\,_wired\)",google,"nest_cam_\(indoor\,_wired\)",1,dataSensitivity,AvStreamData|BiometricData|NoData|TelemetryData|unsure,,,
doorbell,"google:nest_cam_\(indoor\,_wired\)",google,"nest_cam_\(indoor\,_wired\)",1,firmwareUpdateModel,ManualFlash|NoUpdatePath|OtaAutomatic|OtaUserInitiated|unsure,,,
doorbell,"google:nest_cam_\(indoor\,_wired\)",google,"nest_cam_\(indoor\,_wired\)",1,formFactor,Fixed|Portable|Worn|unsure,,,
doorbell,"google:nest_cam_\(indoor\,_wired\)",google,"nest_cam_\(indoor\,_wired\)",1,hasWebAdminUI,true|false|unsure,,,
doorbell,"google:nest_cam_\(indoor\,_wired\)",google,"nest_cam_\(indoor\,_wired\)",1,placement,Either|Indoor|Outdoor|unsure,,,
doorbell,"google:nest_cam_\(indoor\,_wired\)",google,"nest_cam_\(indoor\,_wired\)",1,supportLifetime,DeclaredLifetime|UndeclaredLifetime|unsure,,,
doorbell,"google:nest_cam_\(outdoor_or_indoor\,_battery\)",google,"nest_cam_\(outdoor_or_indoor\,_battery\)",1,actuatesPhysical,true|false|unsure,,,
doorbell,"google:nest_cam_\(outdoor_or_indoor\,_battery\)",google,"nest_cam_\(outdoor_or_indoor\,_battery\)",1,actuationConsequence,ComfortActuation|NoActuation|PropertyActuation|SafetyActuation|unsure,,,
doorbell,"google:nest_cam_\(outdoor_or_indoor\,_battery\)",google,"nest_cam_\(outdoor_or_indoor\,_battery\)",1,capturesAV,true|false|unsure,,,
doorbell,"google:nest_cam_\(outdoor_or_indoor\,_battery\)",google,"nest_cam_\(outdoor_or_indoor\,_battery\)",1,cloudDependence,CloudOptional|CloudRequired|LocalOnly|unsure,,,
doorbell,"google:nest_cam_\(outdoor_or_indoor\,_battery\)",google,"nest_cam_\(outdoor_or_indoor\,_battery\)",1,computeTier,AndroidDerived|EmbeddedLinux|McuClass|Rtos|unsure,,,
doorbell,"google:nest_cam_\(outdoor_or_indoor\,_battery\)",google,"nest_cam_\(outdoor_or_indoor\,_battery\)",1,consumerAvailability,InstallerChannel|MixedChannel|RetailConsumer|unsure,,,
doorbell,"google:nest_cam_\(outdoor_or_indoor\,_battery\)",google,"nest_cam_\(outdoor_or_indoor\,_battery\)",1,dataSensitivity,AvStreamData|BiometricData|NoData|TelemetryData|unsure,,,
doorbell,"google:nest_cam_\(outdoor_or_indoor\,_battery\)",google,"nest_cam_\(outdoor_or_indoor\,_battery\)",1,firmwareUpdateModel,ManualFlash|NoUpdatePath|OtaAutomatic|OtaUserInitiated|unsure,,,
doorbell,"google:nest_cam_\(outdoor_or_indoor\,_battery\)",google,"nest_cam_\(outdoor_or_indoor\,_battery\)",1,formFactor,Fixed|Portable|Worn|unsure,,,
doorbell,"google:nest_cam_\(outdoor_or_indoor\,_battery\)",google,"nest_cam_\(outdoor_or_indoor\,_battery\)",1,hasWebAdminUI,true|false|unsure,,,
doorbell,"google:nest_cam_\(outdoor_or_indoor\,_battery\)",google,"nest_cam_\(outdoor_or_indoor\,_battery\)",1,placement,Either|Indoor|Outdoor|unsure,,,
doorbell,"google:nest_cam_\(outdoor_or_indoor\,_battery\)",google,"nest_cam_\(outdoor_or_indoor\,_battery\)",1,supportLifetime,DeclaredLifetime|UndeclaredLifetime|unsure,,,
doorbell,google:nest_cam_with_floodlight,google,nest_cam_with_floodlight,1,actuatesPhysical,true|false|unsure,,,
doorbell,google:nest_cam_with_floodlight,google,nest_cam_with_floodlight,1,actuationConsequence,ComfortActuation|NoActuation|PropertyActuation|SafetyActuation|unsure,,,
doorbell,google:nest_cam_with_floodlight,google,nest_cam_with_floodlight,1,capturesAV,true|false|unsure,,,
doorbell,google:nest_cam_with_floodlight,google,nest_cam_with_floodlight,1,cloudDependence,CloudOptional|CloudRequired|LocalOnly|unsure,,,
doorbell,google:nest_cam_with_floodlight,google,nest_cam_with_floodlight,1,computeTier,AndroidDerived|EmbeddedLinux|McuClass|Rtos|unsure,,,
doorbell,google:nest_cam_with_floodlight,google,nest_cam_with_floodlight,1,consumerAvailability,InstallerChannel|MixedChannel|RetailConsumer|unsure,,,
doorbell,google:nest_cam_with_floodlight,google,nest_cam_with_floodlight,1,dataSensitivity,AvStreamData|BiometricData|NoData|TelemetryData|unsure,,,
doorbell,google:nest_cam_with_floodlight,google,nest_cam_with_floodlight,1,firmwareUpdateModel,ManualFlash|NoUpdatePath|OtaAutomatic|OtaUserInitiated|unsure,,,
doorbell,google:nest_cam_with_floodlight,google,nest_cam_with_floodlight,1,formFactor,Fixed|Portable|Worn|unsure,,,
doorbell,google:nest_cam_with_floodlight,google,nest_cam_with_floodlight,1,hasWebAdminUI,true|false|unsure,,,
doorbell,google:nest_cam_with_floodlight,google,nest_cam_with_floodlight,1,placement,Either|Indoor|Outdoor|unsure,,,
doorbell,google:nest_cam_with_floodlight,google,nest_cam_with_floodlight,1,supportLifetime,DeclaredLifetime|UndeclaredLifetime|unsure,,,
doorbell,google:nest_doorbell_\(battery\),google,nest_doorbell_\(battery\),1,actuatesPhysical,true|false|unsure,,,
doorbell,google:nest_doorbell_\(battery\),google,nest_doorbell_\(battery\),1,actuationConsequence,ComfortActuation|NoActuation|PropertyActuation|SafetyActuation|unsure,,,
doorbell,google:nest_doorbell_\(battery\),google,nest_doorbell_\(battery\),1,capturesAV,true|false|unsure,,,
doorbell,google:nest_doorbell_\(battery\),google,nest_doorbell_\(battery\),1,cloudDependence,CloudOptional|CloudRequired|LocalOnly|unsure,,,
doorbell,google:nest_doorbell_\(battery\),google,nest_doorbell_\(battery\),1,computeTier,AndroidDerived|EmbeddedLinux|McuClass|Rtos|unsure,,,
doorbell,google:nest_doorbell_\(battery\),google,nest_doorbell_\(battery\),1,consumerAvailability,InstallerChannel|MixedChannel|RetailConsumer|unsure,,,
doorbell,google:nest_doorbell_\(battery\),google,nest_doorbell_\(battery\),1,dataSensitivity,AvStreamData|BiometricData|NoData|TelemetryData|unsure,,,
doorbell,google:nest_doorbell_\(battery\),google,nest_doorbell_\(battery\),1,firmwareUpdateModel,ManualFlash|NoUpdatePath|OtaAutomatic|OtaUserInitiated|unsure,,,
doorbell,google:nest_doorbell_\(battery\),google,nest_doorbell_\(battery\),1,formFactor,Fixed|Portable|Worn|unsure,,,
doorbell,google:nest_doorbell_\(battery\),google,nest_doorbell_\(battery\),1,hasWebAdminUI,true|false|unsure,,,
doorbell,google:nest_doorbell_\(battery\),google,nest_doorbell_\(battery\),1,placement,Either|Indoor|Outdoor|unsure,,,
doorbell,google:nest_doorbell_\(battery\),google,nest_doorbell_\(battery\),1,supportLifetime,DeclaredLifetime|UndeclaredLifetime|unsure,,,
doorbell,nightowlsp:smart_doorbell,nightowlsp,smart_doorbell,1,actuatesPhysical,true|false|unsure,,,
doorbell,nightowlsp:smart_doorbell,nightowlsp,smart_doorbell,1,actuationConsequence,ComfortActuation|NoActuation|PropertyActuation|SafetyActuation|unsure,,,
doorbell,nightowlsp:smart_doorbell,nightowlsp,smart_doorbell,1,capturesAV,true|false|unsure,,,
doorbell,nightowlsp:smart_doorbell,nightowlsp,smart_doorbell,1,cloudDependence,CloudOptional|CloudRequired|LocalOnly|unsure,,,
doorbell,nightowlsp:smart_doorbell,nightowlsp,smart_doorbell,1,computeTier,AndroidDerived|EmbeddedLinux|McuClass|Rtos|unsure,,,
doorbell,nightowlsp:smart_doorbell,nightowlsp,smart_doorbell,1,consumerAvailability,InstallerChannel|MixedChannel|RetailConsumer|unsure,,,
doorbell,nightowlsp:smart_doorbell,nightowlsp,smart_doorbell,1,dataSensitivity,AvStreamData|BiometricData|NoData|TelemetryData|unsure,,,
doorbell,nightowlsp:smart_doorbell,nightowlsp,smart_doorbell,1,firmwareUpdateModel,ManualFlash|NoUpdatePath|OtaAutomatic|OtaUserInitiated|unsure,,,
doorbell,nightowlsp:smart_doorbell,nightowlsp,smart_doorbell,1,formFactor,Fixed|Portable|Worn|unsure,,,
doorbell,nightowlsp:smart_doorbell,nightowlsp,smart_doorbell,1,hasWebAdminUI,true|false|unsure,,,
doorbell,nightowlsp:smart_doorbell,nightowlsp,smart_doorbell,1,placement,Either|Indoor|Outdoor|unsure,,,
doorbell,nightowlsp:smart_doorbell,nightowlsp,smart_doorbell,1,supportLifetime,DeclaredLifetime|UndeclaredLifetime|unsure,,,
doorbell,nightowlsp:wdb-20,nightowlsp,wdb-20,1,actuatesPhysical,true|false|unsure,,,
doorbell,nightowlsp:wdb-20,nightowlsp,wdb-20,1,actuationConsequence,ComfortActuation|NoActuation|PropertyActuation|SafetyActuation|unsure,,,
doorbell,nightowlsp:wdb-20,nightowlsp,wdb-20,1,capturesAV,true|false|unsure,,,
doorbell,nightowlsp:wdb-20,nightowlsp,wdb-20,1,cloudDependence,CloudOptional|CloudRequired|LocalOnly|unsure,,,
doorbell,nightowlsp:wdb-20,nightowlsp,wdb-20,1,computeTier,AndroidDerived|EmbeddedLinux|McuClass|Rtos|unsure,,,
doorbell,nightowlsp:wdb-20,nightowlsp,wdb-20,1,consumerAvailability,InstallerChannel|MixedChannel|RetailConsumer|unsure,,,
doorbell,nightowlsp:wdb-20,nightowlsp,wdb-20,1,dataSensitivity,AvStreamData|BiometricData|NoData|TelemetryData|unsure,,,
doorbell,nightowlsp:wdb-20,nightowlsp,wdb-20,1,firmwareUpdateModel,ManualFlash|NoUpdatePath|OtaAutomatic|OtaUserInitiated|unsure,,,
doorbell,nightowlsp:wdb-20,nightowlsp,wdb-20,1,formFactor,Fixed|Portable|Worn|unsure,,,
doorbell,nightowlsp:wdb-20,nightowlsp,wdb-20,1,hasWebAdminUI,true|false|unsure,,,
doorbell,nightowlsp:wdb-20,nightowlsp,wdb-20,1,placement,Either|Indoor|Outdoor|unsure,,,
doorbell,nightowlsp:wdb-20,nightowlsp,wdb-20,1,supportLifetime,DeclaredLifetime|UndeclaredLifetime|unsure,,,
doorbell,reolink:smart_2k\+_plug-in_wi-fi_video_doorbell_with_chime,reolink,smart_2k\+_plug-in_wi-fi_video_doorbell_with_chime,3,actuatesPhysical,true|false|unsure,,,
doorbell,reolink:smart_2k\+_plug-in_wi-fi_video_doorbell_with_chime,reolink,smart_2k\+_plug-in_wi-fi_video_doorbell_with_chime,3,actuationConsequence,ComfortActuation|NoActuation|PropertyActuation|SafetyActuation|unsure,,,
doorbell,reolink:smart_2k\+_plug-in_wi-fi_video_doorbell_with_chime,reolink,smart_2k\+_plug-in_wi-fi_video_doorbell_with_chime,3,capturesAV,true|false|unsure,,,
doorbell,reolink:smart_2k\+_plug-in_wi-fi_video_doorbell_with_chime,reolink,smart_2k\+_plug-in_wi-fi_video_doorbell_with_chime,3,cloudDependence,CloudOptional|CloudRequired|LocalOnly|unsure,,,
doorbell,reolink:smart_2k\+_plug-in_wi-fi_video_doorbell_with_chime,reolink,smart_2k\+_plug-in_wi-fi_video_doorbell_with_chime,3,computeTier,AndroidDerived|EmbeddedLinux|McuClass|Rtos|unsure,,,
doorbell,reolink:smart_2k\+_plug-in_wi-fi_video_doorbell_with_chime,reolink,smart_2k\+_plug-in_wi-fi_video_doorbell_with_chime,3,consumerAvailability,InstallerChannel|MixedChannel|RetailConsumer|unsure,,,
doorbell,reolink:smart_2k\+_plug-in_wi-fi_video_doorbell_with_chime,reolink,smart_2k\+_plug-in_wi-fi_video_doorbell_with_chime,3,dataSensitivity,AvStreamData|BiometricData|NoData|TelemetryData|unsure,,,
doorbell,reolink:smart_2k\+_plug-in_wi-fi_video_doorbell_with_chime,reolink,smart_2k\+_plug-in_wi-fi_video_doorbell_with_chime,3,firmwareUpdateModel,ManualFlash|NoUpdatePath|OtaAutomatic|OtaUserInitiated|unsure,,,
doorbell,reolink:smart_2k\+_plug-in_wi-fi_video_doorbell_with_chime,reolink,smart_2k\+_plug-in_wi-fi_video_doorbell_with_chime,3,formFactor,Fixed|Portable|Worn|unsure,,,
doorbell,reolink:smart_2k\+_plug-in_wi-fi_video_doorbell_with_chime,reolink,smart_2k\+_plug-in_wi-fi_video_doorbell_with_chime,3,hasWebAdminUI,true|false|unsure,,,
doorbell,reolink:smart_2k\+_plug-in_wi-fi_video_doorbell_with_chime,reolink,smart_2k\+_plug-in_wi-fi_video_doorbell_with_chime,3,placement,Either|Indoor|Outdoor|unsure,,,
doorbell,reolink:smart_2k\+_plug-in_wi-fi_video_doorbell_with_chime,reolink,smart_2k\+_plug-in_wi-fi_video_doorbell_with_chime,3,supportLifetime,DeclaredLifetime|UndeclaredLifetime|unsure,,,
doorbell,ring:ring,ring,ring,1,actuatesPhysical,true|false|unsure,,,
doorbell,ring:ring,ring,ring,1,actuationConsequence,ComfortActuation|NoActuation|PropertyActuation|SafetyActuation|unsure,,,
doorbell,ring:ring,ring,ring,1,capturesAV,true|false|unsure,,,
doorbell,ring:ring,ring,ring,1,cloudDependence,CloudOptional|CloudRequired|LocalOnly|unsure,,,
doorbell,ring:ring,ring,ring,1,computeTier,AndroidDerived|EmbeddedLinux|McuClass|Rtos|unsure,,,
doorbell,ring:ring,ring,ring,1,consumerAvailability,InstallerChannel|MixedChannel|RetailConsumer|unsure,,,
doorbell,ring:ring,ring,ring,1,dataSensitivity,AvStreamData|BiometricData|NoData|TelemetryData|unsure,,,
doorbell,ring:ring,ring,ring,1,firmwareUpdateModel,ManualFlash|NoUpdatePath|OtaAutomatic|OtaUserInitiated|unsure,,,
doorbell,ring:ring,ring,ring,1,formFactor,Fixed|Portable|Worn|unsure,,,
doorbell,ring:ring,ring,ring,1,hasWebAdminUI,true|false|unsure,,,
doorbell,ring:ring,ring,ring,1,placement,Either|Indoor|Outdoor|unsure,,,
doorbell,ring:ring,ring,ring,1,supportLifetime,DeclaredLifetime|UndeclaredLifetime|unsure,,,
doorbell,siedle:sg_150-0,siedle,sg_150-0,2,actuatesPhysical,true|false|unsure,,,
doorbell,siedle:sg_150-0,siedle,sg_150-0,2,actuationConsequence,ComfortActuation|NoActuation|PropertyActuation|SafetyActuation|unsure,,,
doorbell,siedle:sg_150-0,siedle,sg_150-0,2,capturesAV,true|false|unsure,,,
doorbell,siedle:sg_150-0,siedle,sg_150-0,2,cloudDependence,CloudOptional|CloudRequired|LocalOnly|unsure,,,
doorbell,siedle:sg_150-0,siedle,sg_150-0,2,computeTier,AndroidDerived|EmbeddedLinux|McuClass|Rtos|unsure,,,
doorbell,siedle:sg_150-0,siedle,sg_150-0,2,consumerAvailability,InstallerChannel|MixedChannel|RetailConsumer|unsure,,,
doorbell,siedle:sg_150-0,siedle,sg_150-0,2,dataSensitivity,AvStreamData|BiometricData|NoData|TelemetryData|unsure,,,
doorbell,siedle:sg_150-0,siedle,sg_150-0,2,firmwareUpdateModel,ManualFlash|NoUpdatePath|OtaAutomatic|OtaUserInitiated|unsure,,,
doorbell,siedle:sg_150-0,siedle,sg_150-0,2,formFactor,Fixed|Portable|Worn|unsure,,,
doorbell,siedle:sg_150-0,siedle,sg_150-0,2,hasWebAdminUI,true|false|unsure,,,
doorbell,siedle:sg_150-0,siedle,sg_150-0,2,placement,Either|Indoor|Outdoor|unsure,,,
doorbell,siedle:sg_150-0,siedle,sg_150-0,2,supportLifetime,DeclaredLifetime|UndeclaredLifetime|unsure,,,
doorlock,assaabloy:yale_keyless_smart_lock,assaabloy,yale_keyless_smart_lock,1,actuatesPhysical,true|false|unsure,,,
doorlock,assaabloy:yale_keyless_smart_lock,assaabloy,yale_keyless_smart_lock,1,actuationConsequence,ComfortActuation|NoActuation|PropertyActuation|SafetyActuation|unsure,,,
doorlock,assaabloy:yale_keyless_smart_lock,assaabloy,yale_keyless_smart_lock,1,capturesAV,true|false|unsure,,,
doorlock,assaabloy:yale_keyless_smart_lock,assaabloy,yale_keyless_smart_lock,1,cloudDependence,CloudOptional|CloudRequired|LocalOnly|unsure,,,
doorlock,assaabloy:yale_keyless_smart_lock,assaabloy,yale_keyless_smart_lock,1,computeTier,AndroidDerived|EmbeddedLinux|McuClass|Rtos|unsure,,,
doorlock,assaabloy:yale_keyless_smart_lock,assaabloy,yale_keyless_smart_lock,1,consumerAvailability,InstallerChannel|MixedChannel|RetailConsumer|unsure,,,
doorlock,assaabloy:yale_keyless_smart_lock,assaabloy,yale_keyless_smart_lock,1,dataSensitivity,AvStreamData|BiometricData|NoData|TelemetryData|unsure,,,
doorlock,assaabloy:yale_keyless_smart_lock,assaabloy,yale_keyless_smart_lock,1,firmwareUpdateModel,ManualFlash|NoUpdatePath|OtaAutomatic|OtaUserInitiated|unsure,,,
doorlock,assaabloy:yale_keyless_smart_lock,assaabloy,yale_keyless_smart_lock,1,formFactor,Fixed|Portable|Worn|unsure,,,
doorlock,assaabloy:yale_keyless_smart_lock,assaabloy,yale_keyless_smart_lock,1,hasWebAdminUI,true|false|unsure,,,
doorlock,assaabloy:yale_keyless_smart_lock,assaabloy,yale_keyless_smart_lock,1,placement,Either|Indoor|Outdoor|unsure,,,
doorlock,assaabloy:yale_keyless_smart_lock,assaabloy,yale_keyless_smart_lock,1,supportLifetime,DeclaredLifetime|UndeclaredLifetime|unsure,,,
doorlock,august:connect_wi-fi_bridge,august,connect_wi-fi_bridge,1,actuatesPhysical,true|false|unsure,,,
doorlock,august:connect_wi-fi_bridge,august,connect_wi-fi_bridge,1,actuationConsequence,ComfortActuation|NoActuation|PropertyActuation|SafetyActuation|unsure,,,
doorlock,august:connect_wi-fi_bridge,august,connect_wi-fi_bridge,1,capturesAV,true|false|unsure,,,
doorlock,august:connect_wi-fi_bridge,august,connect_wi-fi_bridge,1,cloudDependence,CloudOptional|CloudRequired|LocalOnly|unsure,,,
doorlock,august:connect_wi-fi_bridge,august,connect_wi-fi_bridge,1,computeTier,AndroidDerived|EmbeddedLinux|McuClass|Rtos|unsure,,,
doorlock,august:connect_wi-fi_bridge,august,connect_wi-fi_bridge,1,consumerAvailability,InstallerChannel|MixedChannel|RetailConsumer|unsure,,,
doorlock,august:connect_wi-fi_bridge,august,connect_wi-fi_bridge,1,dataSensitivity,AvStreamData|BiometricData|NoData|TelemetryData|unsure,,,
doorlock,august:connect_wi-fi_bridge,august,connect_wi-fi_bridge,1,firmwareUpdateModel,ManualFlash|NoUpdatePath|OtaAutomatic|OtaUserInitiated|unsure,,,
doorlock,august:connect_wi-fi_bridge,august,connect_wi-fi_bridge,1,formFactor,Fixed|Portable|Worn|unsure,,,
doorlock,august:connect_wi-fi_bridge,august,connect_wi-fi_bridge,1,hasWebAdminUI,true|false|unsure,,,
doorlock,august:connect_wi-fi_bridge,august,connect_wi-fi_bridge,1,placement,Either|Indoor|Outdoor|unsure,,,
doorlock,august:connect_wi-fi_bridge,august,connect_wi-fi_bridge,1,supportLifetime,DeclaredLifetime|UndeclaredLifetime|unsure,,,
doorlock,cef:fortessa_ftbtld,cef,fortessa_ftbtld,1,actuatesPhysical,true|false|unsure,,,
doorlock,cef:fortessa_ftbtld,cef,fortessa_ftbtld,1,actuationConsequence,ComfortActuation|NoActuation|PropertyActuation|SafetyActuation|unsure,,,
doorlock,cef:fortessa_ftbtld,cef,fortessa_ftbtld,1,capturesAV,true|false|unsure,,,
doorlock,cef:fortessa_ftbtld,cef,fortessa_ftbtld,1,cloudDependence,CloudOptional|CloudRequired|LocalOnly|unsure,,,
doorlock,cef:fortessa_ftbtld,cef,fortessa_ftbtld,1,computeTier,AndroidDerived|EmbeddedLinux|McuClass|Rtos|unsure,,,
doorlock,cef:fortessa_ftbtld,cef,fortessa_ftbtld,1,consumerAvailability,InstallerChannel|MixedChannel|RetailConsumer|unsure,,,
doorlock,cef:fortessa_ftbtld,cef,fortessa_ftbtld,1,dataSensitivity,AvStreamData|BiometricData|NoData|TelemetryData|unsure,,,
doorlock,cef:fortessa_ftbtld,cef,fortessa_ftbtld,1,firmwareUpdateModel,ManualFlash|NoUpdatePath|OtaAutomatic|OtaUserInitiated|unsure,,,
doorlock,cef:fortessa_ftbtld,cef,fortessa_ftbtld,1,formFactor,Fixed|Portable|Worn|unsure,,,
doorlock,cef:fortessa_ftbtld,cef,fortessa_ftbtld,1,hasWebAdminUI,true|false|unsure,,,
doorlock,cef:fortessa_ftbtld,cef,fortessa_ftbtld,1,placement,Either|Indoor|Outdoor|unsure,,,
doorlock,cef:fortessa_ftbtld,cef,fortessa_ftbtld,1,supportLifetime,DeclaredLifetime|UndeclaredLifetime|unsure,,,
doorlock,dialog-semiconductor:da14680,dialog-semiconductor,da14680,1,actuatesPhysical,true|false|unsure,,,
doorlock,dialog-semiconductor:da14680,dialog-semiconductor,da14680,1,actuationConsequence,ComfortActuation|NoActuation|PropertyActuation|SafetyActuation|unsure,,,
doorlock,dialog-semiconductor:da14680,dialog-semiconductor,da14680,1,capturesAV,true|false|unsure,,,
doorlock,dialog-semiconductor:da14680,dialog-semiconductor,da14680,1,cloudDependence,CloudOptional|CloudRequired|LocalOnly|unsure,,,
doorlock,dialog-semiconductor:da14680,dialog-semiconductor,da14680,1,computeTier,AndroidDerived|EmbeddedLinux|McuClass|Rtos|unsure,,,
doorlock,dialog-semiconductor:da14680,dialog-semiconductor,da14680,1,consumerAvailability,InstallerChannel|MixedChannel|RetailConsumer|unsure,,,
doorlock,dialog-semiconductor:da14680,dialog-semiconductor,da14680,1,dataSensitivity,AvStreamData|BiometricData|NoData|TelemetryData|unsure,,,
doorlock,dialog-semiconductor:da14680,dialog-semiconductor,da14680,1,firmwareUpdateModel,ManualFlash|NoUpdatePath|OtaAutomatic|OtaUserInitiated|unsure,,,
doorlock,dialog-semiconductor:da14680,dialog-semiconductor,da14680,1,formFactor,Fixed|Portable|Worn|unsure,,,
doorlock,dialog-semiconductor:da14680,dialog-semiconductor,da14680,1,hasWebAdminUI,true|false|unsure,,,
doorlock,dialog-semiconductor:da14680,dialog-semiconductor,da14680,1,placement,Either|Indoor|Outdoor|unsure,,,
doorlock,dialog-semiconductor:da14680,dialog-semiconductor,da14680,1,supportLifetime,DeclaredLifetime|UndeclaredLifetime|unsure,,,
doorlock,dialog-semiconductor:da14681,dialog-semiconductor,da14681,1,actuatesPhysical,true|false|unsure,,,
doorlock,dialog-semiconductor:da14681,dialog-semiconductor,da14681,1,actuationConsequence,ComfortActuation|NoActuation|PropertyActuation|SafetyActuation|unsure,,,
doorlock,dialog-semiconductor:da14681,dialog-semiconductor,da14681,1,capturesAV,true|false|unsure,,,
doorlock,dialog-semiconductor:da14681,dialog-semiconductor,da14681,1,cloudDependence,CloudOptional|CloudRequired|LocalOnly|unsure,,,
doorlock,dialog-semiconductor:da14681,dialog-semiconductor,da14681,1,computeTier,AndroidDerived|EmbeddedLinux|McuClass|Rtos|unsure,,,
doorlock,dialog-semiconductor:da14681,dialog-semiconductor,da14681,1,consumerAvailability,InstallerChannel|MixedChannel|RetailConsumer|unsure,,,
doorlock,dialog-semiconductor:da14681,dialog-semiconductor,da14681,1,dataSensitivity,AvStreamData|BiometricData|NoData|TelemetryData|unsure,,,
doorlock,dialog-semiconductor:da14681,dialog-semiconductor,da14681,1,firmwareUpdateModel,ManualFlash|NoUpdatePath|OtaAutomatic|OtaUserInitiated|unsure,,,
doorlock,dialog-semiconductor:da14681,dialog-semiconductor,da14681,1,formFactor,Fixed|Portable|Worn|unsure,,,
doorlock,dialog-semiconductor:da14681,dialog-semiconductor,da14681,1,hasWebAdminUI,true|false|unsure,,,
doorlock,dialog-semiconductor:da14681,dialog-semiconductor,da14681,1,placement,Either|Indoor|Outdoor|unsure,,,
doorlock,dialog-semiconductor:da14681,dialog-semiconductor,da14681,1,supportLifetime,DeclaredLifetime|UndeclaredLifetime|unsure,,,
doorlock,dialog-semiconductor:da14682,dialog-semiconductor,da14682,1,actuatesPhysical,true|false|unsure,,,
doorlock,dialog-semiconductor:da14682,dialog-semiconductor,da14682,1,actuationConsequence,ComfortActuation|NoActuation|PropertyActuation|SafetyActuation|unsure,,,
doorlock,dialog-semiconductor:da14682,dialog-semiconductor,da14682,1,capturesAV,true|false|unsure,,,
doorlock,dialog-semiconductor:da14682,dialog-semiconductor,da14682,1,cloudDependence,CloudOptional|CloudRequired|LocalOnly|unsure,,,
doorlock,dialog-semiconductor:da14682,dialog-semiconductor,da14682,1,computeTier,AndroidDerived|EmbeddedLinux|McuClass|Rtos|unsure,,,
doorlock,dialog-semiconductor:da14682,dialog-semiconductor,da14682,1,consumerAvailability,InstallerChannel|MixedChannel|RetailConsumer|unsure,,,
doorlock,dialog-semiconductor:da14682,dialog-semiconductor,da14682,1,dataSensitivity,AvStreamData|BiometricData|NoData|TelemetryData|unsure,,,
doorlock,dialog-semiconductor:da14682,dialog-semiconductor,da14682,1,firmwareUpdateModel,ManualFlash|NoUpdatePath|OtaAutomatic|OtaUserInitiated|unsure,,,
doorlock,dialog-semiconductor:da14682,dialog-semiconductor,da14682,1,formFactor,Fixed|Portable|Worn|unsure,,,
doorlock,dialog-semiconductor:da14682,dialog-semiconductor,da14682,1,hasWebAdminUI,true|false|unsure,,,
doorlock,dialog-semiconductor:da14682,dialog-semiconductor,da14682,1,placement,Either|Indoor|Outdoor|unsure,,,
doorlock,dialog-semiconductor:da14682,dialog-semiconductor,da14682,1,supportLifetime,DeclaredLifetime|UndeclaredLifetime|unsure,,,
doorlock,dialog-semiconductor:da14683,dialog-semiconductor,da14683,1,actuatesPhysical,true|false|unsure,,,
doorlock,dialog-semiconductor:da14683,dialog-semiconductor,da14683,1,actuationConsequence,ComfortActuation|NoActuation|PropertyActuation|SafetyActuation|unsure,,,
doorlock,dialog-semiconductor:da14683,dialog-semiconductor,da14683,1,capturesAV,true|false|unsure,,,
doorlock,dialog-semiconductor:da14683,dialog-semiconductor,da14683,1,cloudDependence,CloudOptional|CloudRequired|LocalOnly|unsure,,,
doorlock,dialog-semiconductor:da14683,dialog-semiconductor,da14683,1,computeTier,AndroidDerived|EmbeddedLinux|McuClass|Rtos|unsure,,,
doorlock,dialog-semiconductor:da14683,dialog-semiconductor,da14683,1,consumerAvailability,InstallerChannel|MixedChannel|RetailConsumer|unsure,,,
doorlock,dialog-semiconductor:da14683,dialog-semiconductor,da14683,1,dataSensitivity,AvStreamData|BiometricData|NoData|TelemetryData|unsure,,,
doorlock,dialog-semiconductor:da14683,dialog-semiconductor,da14683,1,firmwareUpdateModel,ManualFlash|NoUpdatePath|OtaAutomatic|OtaUserInitiated|unsure,,,
doorlock,dialog-semiconductor:da14683,dialog-semiconductor,da14683,1,formFactor,Fixed|Portable|Worn|unsure,,,
doorlock,dialog-semiconductor:da14683,dialog-semiconductor,da14683,1,hasWebAdminUI,true|false|unsure,,,
doorlock,dialog-semiconductor:da14683,dialog-semiconductor,da14683,1,placement,Either|Indoor|Outdoor|unsure,,,
doorlock,dialog-semiconductor:da14683,dialog-semiconductor,da14683,1,supportLifetime,DeclaredLifetime|UndeclaredLifetime|unsure,,,
doorlock,etekcity:3-in-1_smart_door_lock,etekcity,3-in-1_smart_door_lock,1,actuatesPhysical,true|false|unsure,,,
doorlock,etekcity:3-in-1_smart_door_lock,etekcity,3-in-1_smart_door_lock,1,actuationConsequence,ComfortActuation|NoActuation|PropertyActuation|SafetyActuation|unsure,,,
doorlock,etekcity:3-in-1_smart_door_lock,etekcity,3-in-1_smart_door_lock,1,capturesAV,true|false|unsure,,,
doorlock,etekcity:3-in-1_smart_door_lock,etekcity,3-in-1_smart_door_lock,1,cloudDependence,CloudOptional|CloudRequired|LocalOnly|unsure,,,
doorlock,etekcity:3-in-1_smart_door_lock,etekcity,3-in-1_smart_door_lock,1,computeTier,AndroidDerived|EmbeddedLinux|McuClass|Rtos|unsure,,,
doorlock,etekcity:3-in-1_smart_door_lock,etekcity,3-in-1_smart_door_lock,1,consumerAvailability,InstallerChannel|MixedChannel|RetailConsumer|unsure,,,
doorlock,etekcity:3-in-1_smart_door_lock,etekcity,3-in-1_smart_door_lock,1,dataSensitivity,AvStreamData|BiometricData|NoData|TelemetryData|unsure,,,
doorlock,etekcity:3-in-1_smart_door_lock,etekcity,3-in-1_smart_door_lock,1,firmwareUpdateModel,ManualFlash|NoUpdatePath|OtaAutomatic|OtaUserInitiated|unsure,,,
doorlock,etekcity:3-in-1_smart_door_lock,etekcity,3-in-1_smart_door_lock,1,formFactor,Fixed|Portable|Worn|unsure,,,
doorlock,etekcity:3-in-1_smart_door_lock,etekcity,3-in-1_smart_door_lock,1,hasWebAdminUI,true|false|unsure,,,
doorlock,etekcity:3-in-1_smart_door_lock,etekcity,3-in-1_smart_door_lock,1,placement,Either|Indoor|Outdoor|unsure,,,
doorlock,etekcity:3-in-1_smart_door_lock,etekcity,3-in-1_smart_door_lock,1,supportLifetime,DeclaredLifetime|UndeclaredLifetime|unsure,,,
doorlock,flient:smart_lock_advanced,flient,smart_lock_advanced,2,actuatesPhysical,true|false|unsure,,,
doorlock,flient:smart_lock_advanced,flient,smart_lock_advanced,2,actuationConsequence,ComfortActuation|NoActuation|PropertyActuation|SafetyActuation|unsure,,,
doorlock,flient:smart_lock_advanced,flient,smart_lock_advanced,2,capturesAV,true|false|unsure,,,
doorlock,flient:smart_lock_advanced,flient,smart_lock_advanced,2,cloudDependence,CloudOptional|CloudRequired|LocalOnly|unsure,,,
doorlock,flient:smart_lock_advanced,flient,smart_lock_advanced,2,computeTier,AndroidDerived|EmbeddedLinux|McuClass|Rtos|unsure,,,
doorlock,flient:smart_lock_advanced,flient,smart_lock_advanced,2,consumerAvailability,InstallerChannel|MixedChannel|RetailConsumer|unsure,,,
doorlock,flient:smart_lock_advanced,flient,smart_lock_advanced,2,dataSensitivity,AvStreamData|BiometricData|NoData|TelemetryData|unsure,,,
doorlock,flient:smart_lock_advanced,flient,smart_lock_advanced,2,firmwareUpdateModel,ManualFlash|NoUpdatePath|OtaAutomatic|OtaUserInitiated|unsure,,,
doorlock,flient:smart_lock_advanced,flient,smart_lock_advanced,2,formFactor,Fixed|Portable|Worn|unsure,,,
doorlock,flient:smart_lock_advanced,flient,smart_lock_advanced,2,hasWebAdminUI,true|false|unsure,,,
doorlock,flient:smart_lock_advanced,flient,smart_lock_advanced,2,placement,Either|Indoor|Outdoor|unsure,,,
doorlock,flient:smart_lock_advanced,flient,smart_lock_advanced,2,supportLifetime,DeclaredLifetime|UndeclaredLifetime|unsure,,,
doorlock,geniecompany:aladdin_connect_garage_door_opener,geniecompany,aladdin_connect_garage_door_opener,2,actuatesPhysical,true|false|unsure,,,
doorlock,geniecompany:aladdin_connect_garage_door_opener,geniecompany,aladdin_connect_garage_door_opener,2,actuationConsequence,ComfortActuation|NoActuation|PropertyActuation|SafetyActuation|unsure,,,
doorlock,geniecompany:aladdin_connect_garage_door_opener,geniecompany,aladdin_connect_garage_door_opener,2,capturesAV,true|false|unsure,,,
doorlock,geniecompany:aladdin_connect_garage_door_opener,geniecompany,aladdin_connect_garage_door_opener,2,cloudDependence,CloudOptional|CloudRequired|LocalOnly|unsure,,,
doorlock,geniecompany:aladdin_connect_garage_door_opener,geniecompany,aladdin_connect_garage_door_opener,2,computeTier,AndroidDerived|EmbeddedLinux|McuClass|Rtos|unsure,,,
doorlock,geniecompany:aladdin_connect_garage_door_opener,geniecompany,aladdin_connect_garage_door_opener,2,consumerAvailability,InstallerChannel|MixedChannel|RetailConsumer|unsure,,,
doorlock,geniecompany:aladdin_connect_garage_door_opener,geniecompany,aladdin_connect_garage_door_opener,2,dataSensitivity,AvStreamData|BiometricData|NoData|TelemetryData|unsure,,,
doorlock,geniecompany:aladdin_connect_garage_door_opener,geniecompany,aladdin_connect_garage_door_opener,2,firmwareUpdateModel,ManualFlash|NoUpdatePath|OtaAutomatic|OtaUserInitiated|unsure,,,
doorlock,geniecompany:aladdin_connect_garage_door_opener,geniecompany,aladdin_connect_garage_door_opener,2,formFactor,Fixed|Portable|Worn|unsure,,,
doorlock,geniecompany:aladdin_connect_garage_door_opener,geniecompany,aladdin_connect_garage_door_opener,2,hasWebAdminUI,true|false|unsure,,,
doorlock,geniecompany:aladdin_connect_garage_door_opener,geniecompany,aladdin_connect_garage_door_opener,2,placement,Either|Indoor|Outdoor|unsure,,,
doorlock,geniecompany:aladdin_connect_garage_door_opener,geniecompany,aladdin_connect_garage_door_opener,2,supportLifetime,DeclaredLifetime|UndeclaredLifetime|unsure,,,
doorlock,gluehome:glue_smart_lock,gluehome,glue_smart_lock,1,actuatesPhysical,true|false|unsure,,,
doorlock,gluehome:glue_smart_lock,gluehome,glue_smart_lock,1,actuationConsequence,ComfortActuation|NoActuation|PropertyActuation|SafetyActuation|unsure,,,
doorlock,gluehome:glue_smart_lock,gluehome,glue_smart_lock,1,capturesAV,true|false|unsure,,,
doorlock,gluehome:glue_smart_lock,gluehome,glue_smart_lock,1,cloudDependence,CloudOptional|CloudRequired|LocalOnly|unsure,,,
doorlock,gluehome:glue_smart_lock,gluehome,glue_smart_lock,1,computeTier,AndroidDerived|EmbeddedLinux|McuClass|Rtos|unsure,,,
doorlock,gluehome:glue_smart_lock,gluehome,glue_smart_lock,1,consumerAvailability,InstallerChannel|MixedChannel|RetailConsumer|unsure,,,
doorlock,gluehome:glue_smart_lock,gluehome,glue_smart_lock,1,dataSensitivity,AvStreamData|BiometricData|NoData|TelemetryData|unsure,,,
doorlock,gluehome:glue_smart_lock,gluehome,glue_smart_lock,1,firmwareUpdateModel,ManualFlash|NoUpdatePath|OtaAutomatic|OtaUserInitiated|unsure,,,
doorlock,gluehome:glue_smart_lock,gluehome,glue_smart_lock,1,formFactor,Fixed|Portable|Worn|unsure,,,
doorlock,gluehome:glue_smart_lock,gluehome,glue_smart_lock,1,hasWebAdminUI,true|false|unsure,,,
doorlock,gluehome:glue_smart_lock,gluehome,glue_smart_lock,1,placement,Either|Indoor|Outdoor|unsure,,,
doorlock,gluehome:glue_smart_lock,gluehome,glue_smart_lock,1,supportLifetime,DeclaredLifetime|UndeclaredLifetime|unsure,,,
doorlock,mica:fingerprint_bluetooth_padlock_fb50,mica,fingerprint_bluetooth_padlock_fb50,1,actuatesPhysical,true|false|unsure,,,
doorlock,mica:fingerprint_bluetooth_padlock_fb50,mica,fingerprint_bluetooth_padlock_fb50,1,actuationConsequence,ComfortActuation|NoActuation|PropertyActuation|SafetyActuation|unsure,,,
doorlock,mica:fingerprint_bluetooth_padlock_fb50,mica,fingerprint_bluetooth_padlock_fb50,1,capturesAV,true|false|unsure,,,
doorlock,mica:fingerprint_bluetooth_padlock_fb50,mica,fingerprint_bluetooth_padlock_fb50,1,cloudDependence,CloudOptional|CloudRequired|LocalOnly|unsure,,,
doorlock,mica:fingerprint_bluetooth_padlock_fb50,mica,fingerprint_bluetooth_padlock_fb50,1,computeTier,AndroidDerived|EmbeddedLinux|McuClass|Rtos|unsure,,,
doorlock,mica:fingerprint_bluetooth_padlock_fb50,mica,fingerprint_bluetooth_padlock_fb50,1,consumerAvailability,InstallerChannel|MixedChannel|RetailConsumer|unsure,,,
doorlock,mica:fingerprint_bluetooth_padlock_fb50,mica,fingerprint_bluetooth_padlock_fb50,1,dataSensitivity,AvStreamData|BiometricData|NoData|TelemetryData|unsure,,,
doorlock,mica:fingerprint_bluetooth_padlock_fb50,mica,fingerprint_bluetooth_padlock_fb50,1,firmwareUpdateModel,ManualFlash|NoUpdatePath|OtaAutomatic|OtaUserInitiated|unsure,,,
doorlock,mica:fingerprint_bluetooth_padlock_fb50,mica,fingerprint_bluetooth_padlock_fb50,1,formFactor,Fixed|Portable|Worn|unsure,,,
doorlock,mica:fingerprint_bluetooth_padlock_fb50,mica,fingerprint_bluetooth_padlock_fb50,1,hasWebAdminUI,true|false|unsure,,,
doorlock,mica:fingerprint_bluetooth_padlock_fb50,mica,fingerprint_bluetooth_padlock_fb50,1,placement,Either|Indoor|Outdoor|unsure,,,
doorlock,mica:fingerprint_bluetooth_padlock_fb50,mica,fingerprint_bluetooth_padlock_fb50,1,supportLifetime,DeclaredLifetime|UndeclaredLifetime|unsure,,,
doorlock,schlage:be468,schlage,be468,1,actuatesPhysical,true|false|unsure,,,
doorlock,schlage:be468,schlage,be468,1,actuationConsequence,ComfortActuation|NoActuation|PropertyActuation|SafetyActuation|unsure,,,
doorlock,schlage:be468,schlage,be468,1,capturesAV,true|false|unsure,,,
doorlock,schlage:be468,schlage,be468,1,cloudDependence,CloudOptional|CloudRequired|LocalOnly|unsure,,,
doorlock,schlage:be468,schlage,be468,1,computeTier,AndroidDerived|EmbeddedLinux|McuClass|Rtos|unsure,,,
doorlock,schlage:be468,schlage,be468,1,consumerAvailability,InstallerChannel|MixedChannel|RetailConsumer|unsure,,,
doorlock,schlage:be468,schlage,be468,1,dataSensitivity,AvStreamData|BiometricData|NoData|TelemetryData|unsure,,,
doorlock,schlage:be468,schlage,be468,1,firmwareUpdateModel,ManualFlash|NoUpdatePath|OtaAutomatic|OtaUserInitiated|unsure,,,
doorlock,schlage:be468,schlage,be468,1,formFactor,Fixed|Portable|Worn|unsure,,,
doorlock,schlage:be468,schlage,be468,1,hasWebAdminUI,true|false|unsure,,,
doorlock,schlage:be468,schlage,be468,1,placement,Either|Indoor|Outdoor|unsure,,,
doorlock,schlage:be468,schlage,be468,1,supportLifetime,DeclaredLifetime|UndeclaredLifetime|unsure,,,
doorlock,sguda:u-lock,sguda,u-lock,2,actuatesPhysical,true|false|unsure,,,
doorlock,sguda:u-lock,sguda,u-lock,2,actuationConsequence,ComfortActuation|NoActuation|PropertyActuation|SafetyActuation|unsure,,,
doorlock,sguda:u-lock,sguda,u-lock,2,capturesAV,true|false|unsure,,,
doorlock,sguda:u-lock,sguda,u-lock,2,cloudDependence,CloudOptional|CloudRequired|LocalOnly|unsure,,,
doorlock,sguda:u-lock,sguda,u-lock,2,computeTier,AndroidDerived|EmbeddedLinux|McuClass|Rtos|unsure,,,
doorlock,sguda:u-lock,sguda,u-lock,2,consumerAvailability,InstallerChannel|MixedChannel|RetailConsumer|unsure,,,
doorlock,sguda:u-lock,sguda,u-lock,2,dataSensitivity,AvStreamData|BiometricData|NoData|TelemetryData|unsure,,,
doorlock,sguda:u-lock,sguda,u-lock,2,firmwareUpdateModel,ManualFlash|NoUpdatePath|OtaAutomatic|OtaUserInitiated|unsure,,,
doorlock,sguda:u-lock,sguda,u-lock,2,formFactor,Fixed|Portable|Worn|unsure,,,
doorlock,sguda:u-lock,sguda,u-lock,2,hasWebAdminUI,true|false|unsure,,,
doorlock,sguda:u-lock,sguda,u-lock,2,placement,Either|Indoor|Outdoor|unsure,,,
doorlock,sguda:u-lock,sguda,u-lock,2,supportLifetime,DeclaredLifetime|UndeclaredLifetime|unsure,,,
doorlock,silabs:500_series,silabs,500_series,1,actuatesPhysical,true|false|unsure,,,
doorlock,silabs:500_series,silabs,500_series,1,actuationConsequence,ComfortActuation|NoActuation|PropertyActuation|SafetyActuation|unsure,,,
doorlock,silabs:500_series,silabs,500_series,1,capturesAV,true|false|unsure,,,
doorlock,silabs:500_series,silabs,500_series,1,cloudDependence,CloudOptional|CloudRequired|LocalOnly|unsure,,,
doorlock,silabs:500_series,silabs,500_series,1,computeTier,AndroidDerived|EmbeddedLinux|McuClass|Rtos|unsure,,,
doorlock,silabs:500_series,silabs,500_series,1,consumerAvailability,InstallerChannel|MixedChannel|RetailConsumer|unsure,,,
doorlock,silabs:500_series,silabs,500_series,1,dataSensitivity,AvStreamData|BiometricData|NoData|TelemetryData|unsure,,,
doorlock,silabs:500_series,silabs,500_series,1,firmwareUpdateModel,ManualFlash|NoUpdatePath|OtaAutomatic|OtaUserInitiated|unsure,,,
doorlock,silabs:500_series,silabs,500_series,1,formFactor,Fixed|Portable|Worn|unsure,,,
doorlock,silabs:500_series,silabs,500_series,1,hasWebAdminUI,true|false|unsure,,,
doorlock,silabs:500_series,silabs,500_series,1,placement,Either|Indoor|Outdoor|unsure,,,
doorlock,silabs:500_series,silabs,500_series,1,supportLifetime,DeclaredLifetime|UndeclaredLifetime|unsure,,,
doorlock,sulimet:5-in-1_smart_door_lock,sulimet,5-in-1_smart_door_lock,1,actuatesPhysical,true|false|unsure,,,
doorlock,sulimet:5-in-1_smart_door_lock,sulimet,5-in-1_smart_door_lock,1,actuationConsequence,ComfortActuation|NoActuation|PropertyActuation|SafetyActuation|unsure,,,
doorlock,sulimet:5-in-1_smart_door_lock,sulimet,5-in-1_smart_door_lock,1,capturesAV,true|false|unsure,,,
doorlock,sulimet:5-in-1_smart_door_lock,sulimet,5-in-1_smart_door_lock,1,cloudDependence,CloudOptional|CloudRequired|LocalOnly|unsure,,,
doorlock,sulimet:5-in-1_smart_door_lock,sulimet,5-in-1_smart_door_lock,1,computeTier,AndroidDerived|EmbeddedLinux|McuClass|Rtos|unsure,,,
doorlock,sulimet:5-in-1_smart_door_lock,sulimet,5-in-1_smart_door_lock,1,consumerAvailability,InstallerChannel|MixedChannel|RetailConsumer|unsure,,,
doorlock,sulimet:5-in-1_smart_door_lock,sulimet,5-in-1_smart_door_lock,1,dataSensitivity,AvStreamData|BiometricData|NoData|TelemetryData|unsure,,,
doorlock,sulimet:5-in-1_smart_door_lock,sulimet,5-in-1_smart_door_lock,1,firmwareUpdateModel,ManualFlash|NoUpdatePath|OtaAutomatic|OtaUserInitiated|unsure,,,
doorlock,sulimet:5-in-1_smart_door_lock,sulimet,5-in-1_smart_door_lock,1,formFactor,Fixed|Portable|Worn|unsure,,,
doorlock,sulimet:5-in-1_smart_door_lock,sulimet,5-in-1_smart_door_lock,1,hasWebAdminUI,true|false|unsure,,,
doorlock,sulimet:5-in-1_smart_door_lock,sulimet,5-in-1_smart_door_lock,1,placement,Either|Indoor|Outdoor|unsure,,,
doorlock,sulimet:5-in-1_smart_door_lock,sulimet,5-in-1_smart_door_lock,1,supportLifetime,DeclaredLifetime|UndeclaredLifetime|unsure,,,
doorlock,tinxy:smart_wifi_door_lock,tinxy,smart_wifi_door_lock,1,actuatesPhysical,true|false|unsure,,,
doorlock,tinxy:smart_wifi_door_lock,tinxy,smart_wifi_door_lock,1,actuationConsequence,ComfortActuation|NoActuation|PropertyActuation|SafetyActuation|unsure,,,
doorlock,tinxy:smart_wifi_door_lock,tinxy,smart_wifi_door_lock,1,capturesAV,true|false|unsure,,,
doorlock,tinxy:smart_wifi_door_lock,tinxy,smart_wifi_door_lock,1,cloudDependence,CloudOptional|CloudRequired|LocalOnly|unsure,,,
doorlock,tinxy:smart_wifi_door_lock,tinxy,smart_wifi_door_lock,1,computeTier,AndroidDerived|EmbeddedLinux|McuClass|Rtos|unsure,,,
doorlock,tinxy:smart_wifi_door_lock,tinxy,smart_wifi_door_lock,1,consumerAvailability,InstallerChannel|MixedChannel|RetailConsumer|unsure,,,
doorlock,tinxy:smart_wifi_door_lock,tinxy,smart_wifi_door_lock,1,dataSensitivity,AvStreamData|BiometricData|NoData|TelemetryData|unsure,,,
doorlock,tinxy:smart_wifi_door_lock,tinxy,smart_wifi_door_lock,1,firmwareUpdateModel,ManualFlash|NoUpdatePath|OtaAutomatic|OtaUserInitiated|unsure,,,
doorlock,tinxy:smart_wifi_door_lock,tinxy,smart_wifi_door_lock,1,formFactor,Fixed|Portable|Worn|unsure,,,
doorlock,tinxy:smart_wifi_door_lock,tinxy,smart_wifi_door_lock,1,hasWebAdminUI,true|false|unsure,,,
doorlock,tinxy:smart_wifi_door_lock,tinxy,smart_wifi_door_lock,1,placement,Either|Indoor|Outdoor|unsure,,,
doorlock,tinxy:smart_wifi_door_lock,tinxy,smart_wifi_door_lock,1,supportLifetime,DeclaredLifetime|UndeclaredLifetime|unsure,,,
doorlock,tinxy:wifi_lock_controller_v1_rf,tinxy,wifi_lock_controller_v1_rf,3,actuatesPhysical,true|false|unsure,,,
doorlock,tinxy:wifi_lock_controller_v1_rf,tinxy,wifi_lock_controller_v1_rf,3,actuationConsequence,ComfortActuation|NoActuation|PropertyActuation|SafetyActuation|unsure,,,
doorlock,tinxy:wifi_lock_controller_v1_rf,tinxy,wifi_lock_controller_v1_rf,3,capturesAV,true|false|unsure,,,
doorlock,tinxy:wifi_lock_controller_v1_rf,tinxy,wifi_lock_controller_v1_rf,3,cloudDependence,CloudOptional|CloudRequired|LocalOnly|unsure,,,
doorlock,tinxy:wifi_lock_controller_v1_rf,tinxy,wifi_lock_controller_v1_rf,3,computeTier,AndroidDerived|EmbeddedLinux|McuClass|Rtos|unsure,,,
doorlock,tinxy:wifi_lock_controller_v1_rf,tinxy,wifi_lock_controller_v1_rf,3,consumerAvailability,InstallerChannel|MixedChannel|RetailConsumer|unsure,,,
doorlock,tinxy:wifi_lock_controller_v1_rf,tinxy,wifi_lock_controller_v1_rf,3,dataSensitivity,AvStreamData|BiometricData|NoData|TelemetryData|unsure,,,
doorlock,tinxy:wifi_lock_controller_v1_rf,tinxy,wifi_lock_controller_v1_rf,3,firmwareUpdateModel,ManualFlash|NoUpdatePath|OtaAutomatic|OtaUserInitiated|unsure,,,
doorlock,tinxy:wifi_lock_controller_v1_rf,tinxy,wifi_lock_controller_v1_rf,3,formFactor,Fixed|Portable|Worn|unsure,,,
doorlock,tinxy:wifi_lock_controller_v1_rf,tinxy,wifi_lock_controller_v1_rf,3,hasWebAdminUI,true|false|unsure,,,
doorlock,tinxy:wifi_lock_controller_v1_rf,tinxy,wifi_lock_controller_v1_rf,3,placement,Either|Indoor|Outdoor|unsure,,,
doorlock,tinxy:wifi_lock_controller_v1_rf,tinxy,wifi_lock_controller_v1_rf,3,supportLifetime,DeclaredLifetime|UndeclaredLifetime|unsure,,,
doorlock,u-tec:ultraloq_ul3_bt,u-tec,ultraloq_ul3_bt,1,actuatesPhysical,true|false|unsure,,,
doorlock,u-tec:ultraloq_ul3_bt,u-tec,ultraloq_ul3_bt,1,actuationConsequence,ComfortActuation|NoActuation|PropertyActuation|SafetyActuation|unsure,,,
doorlock,u-tec:ultraloq_ul3_bt,u-tec,ultraloq_ul3_bt,1,capturesAV,true|false|unsure,,,
doorlock,u-tec:ultraloq_ul3_bt,u-tec,ultraloq_ul3_bt,1,cloudDependence,CloudOptional|CloudRequired|LocalOnly|unsure,,,
doorlock,u-tec:ultraloq_ul3_bt,u-tec,ultraloq_ul3_bt,1,computeTier,AndroidDerived|EmbeddedLinux|McuClass|Rtos|unsure,,,
doorlock,u-tec:ultraloq_ul3_bt,u-tec,ultraloq_ul3_bt,1,consumerAvailability,InstallerChannel|MixedChannel|RetailConsumer|unsure,,,
doorlock,u-tec:ultraloq_ul3_bt,u-tec,ultraloq_ul3_bt,1,dataSensitivity,AvStreamData|BiometricData|NoData|TelemetryData|unsure,,,
doorlock,u-tec:ultraloq_ul3_bt,u-tec,ultraloq_ul3_bt,1,firmwareUpdateModel,ManualFlash|NoUpdatePath|OtaAutomatic|OtaUserInitiated|unsure,,,
doorlock,u-tec:ultraloq_ul3_bt,u-tec,ultraloq_ul3_bt,1,formFactor,Fixed|Portable|Worn|unsure,,,
doorlock,u-tec:ultraloq_ul3_bt,u-tec,ultraloq_ul3_bt,1,hasWebAdminUI,true|false|unsure,,,
doorlock,u-tec:ultraloq_ul3_bt,u-tec,ultraloq_ul3_bt,1,placement,Either|Indoor|Outdoor|unsure,,,
doorlock,u-tec:ultraloq_ul3_bt,u-tec,ultraloq_ul3_bt,1,supportLifetime,DeclaredLifetime|UndeclaredLifetime|unsure,,,
doorlock,wafucn:wafu_keyless_smart_lock,wafucn,wafu_keyless_smart_lock,1,actuatesPhysical,true|false|unsure,,,
doorlock,wafucn:wafu_keyless_smart_lock,wafucn,wafu_keyless_smart_lock,1,actuationConsequence,ComfortActuation|NoActuation|PropertyActuation|SafetyActuation|unsure,,,
doorlock,wafucn:wafu_keyless_smart_lock,wafucn,wafu_keyless_smart_lock,1,capturesAV,true|false|unsure,,,
doorlock,wafucn:wafu_keyless_smart_lock,wafucn,wafu_keyless_smart_lock,1,cloudDependence,CloudOptional|CloudRequired|LocalOnly|unsure,,,
doorlock,wafucn:wafu_keyless_smart_lock,wafucn,wafu_keyless_smart_lock,1,computeTier,AndroidDerived|EmbeddedLinux|McuClass|Rtos|unsure,,,
doorlock,wafucn:wafu_keyless_smart_lock,wafucn,wafu_keyless_smart_lock,1,consumerAvailability,InstallerChannel|MixedChannel|RetailConsumer|unsure,,,
doorlock,wafucn:wafu_keyless_smart_lock,wafucn,wafu_keyless_smart_lock,1,dataSensitivity,AvStreamData|BiometricData|NoData|TelemetryData|unsure,,,
doorlock,wafucn:wafu_keyless_smart_lock,wafucn,wafu_keyless_smart_lock,1,firmwareUpdateModel,ManualFlash|NoUpdatePath|OtaAutomatic|OtaUserInitiated|unsure,,,
doorlock,wafucn:wafu_keyless_smart_lock,wafucn,wafu_keyless_smart_lock,1,formFactor,Fixed|Portable|Worn|unsure,,,
doorlock,wafucn:wafu_keyless_smart_lock,wafucn,wafu_keyless_smart_lock,1,hasWebAdminUI,true|false|unsure,,,
doorlock,wafucn:wafu_keyless_smart_lock,wafucn,wafu_keyless_smart_lock,1,placement,Either|Indoor|Outdoor|unsure,,,
doorlock,wafucn:wafu_keyless_smart_lock,wafucn,wafu_keyless_smart_lock,1,supportLifetime,DeclaredLifetime|UndeclaredLifetime|unsure,,,
ev-charging,abb:terra_ac_wallbox_80a,abb,terra_ac_wallbox_80a,2,actuatesPhysical,true|false|unsure,,,
ev-charging,abb:terra_ac_wallbox_80a,abb,terra_ac_wallbox_80a,2,actuationConsequence,ComfortActuation|NoActuation|PropertyActuation|SafetyActuation|unsure,,,
ev-charging,abb:terra_ac_wallbox_80a,abb,terra_ac_wallbox_80a,2,capturesAV,true|false|unsure,,,
ev-charging,abb:terra_ac_wallbox_80a,abb,terra_ac_wallbox_80a,2,cloudDependence,CloudOptional|CloudRequired|LocalOnly|unsure,,,
ev-charging,abb:terra_ac_wallbox_80a,abb,terra_ac_wallbox_80a,2,computeTier,AndroidDerived|EmbeddedLinux|McuClass|Rtos|unsure,,,
ev-charging,abb:terra_ac_wallbox_80a,abb,terra_ac_wallbox_80a,2,consumerAvailability,InstallerChannel|MixedChannel|RetailConsumer|unsure,,,
ev-charging,abb:terra_ac_wallbox_80a,abb,terra_ac_wallbox_80a,2,dataSensitivity,AvStreamData|BiometricData|NoData|TelemetryData|unsure,,,
ev-charging,abb:terra_ac_wallbox_80a,abb,terra_ac_wallbox_80a,2,firmwareUpdateModel,ManualFlash|NoUpdatePath|OtaAutomatic|OtaUserInitiated|unsure,,,
ev-charging,abb:terra_ac_wallbox_80a,abb,terra_ac_wallbox_80a,2,formFactor,Fixed|Portable|Worn|unsure,,,
ev-charging,abb:terra_ac_wallbox_80a,abb,terra_ac_wallbox_80a,2,hasWebAdminUI,true|false|unsure,,,
ev-charging,abb:terra_ac_wallbox_80a,abb,terra_ac_wallbox_80a,2,placement,Either|Indoor|Outdoor|unsure,,,
ev-charging,abb:terra_ac_wallbox_80a,abb,terra_ac_wallbox_80a,2,supportLifetime,DeclaredLifetime|UndeclaredLifetime|unsure,,,
ev-charging,abb:terra_ac_wallbox_ce_juno,abb,terra_ac_wallbox_ce_juno,2,actuatesPhysical,true|false|unsure,,,
ev-charging,abb:terra_ac_wallbox_ce_juno,abb,terra_ac_wallbox_ce_juno,2,actuationConsequence,ComfortActuation|NoActuation|PropertyActuation|SafetyActuation|unsure,,,
ev-charging,abb:terra_ac_wallbox_ce_juno,abb,terra_ac_wallbox_ce_juno,2,capturesAV,true|false|unsure,,,
ev-charging,abb:terra_ac_wallbox_ce_juno,abb,terra_ac_wallbox_ce_juno,2,cloudDependence,CloudOptional|CloudRequired|LocalOnly|unsure,,,
ev-charging,abb:terra_ac_wallbox_ce_juno,abb,terra_ac_wallbox_ce_juno,2,computeTier,AndroidDerived|EmbeddedLinux|McuClass|Rtos|unsure,,,
ev-charging,abb:terra_ac_wallbox_ce_juno,abb,terra_ac_wallbox_ce_juno,2,consumerAvailability,InstallerChannel|MixedChannel|RetailConsumer|unsure,,,
ev-charging,abb:terra_ac_wallbox_ce_juno,abb,terra_ac_wallbox_ce_juno,2,dataSensitivity,AvStreamData|BiometricData|NoData|TelemetryData|unsure,,,
ev-charging,abb:terra_ac_wallbox_ce_juno,abb,terra_ac_wallbox_ce_juno,2,firmwareUpdateModel,ManualFlash|NoUpdatePath|OtaAutomatic|OtaUserInitiated|unsure,,,
ev-charging,abb:terra_ac_wallbox_ce_juno,abb,terra_ac_wallbox_ce_juno,2,formFactor,Fixed|Portable|Worn|unsure,,,
ev-charging,abb:terra_ac_wallbox_ce_juno,abb,terra_ac_wallbox_ce_juno,2,hasWebAdminUI,true|false|unsure,,,
ev-charging,abb:terra_ac_wallbox_ce_juno,abb,terra_ac_wallbox_ce_juno,2,placement,Either|Indoor|Outdoor|unsure,,,
ev-charging,abb:terra_ac_wallbox_ce_juno,abb,terra_ac_wallbox_ce_juno,2,supportLifetime,DeclaredLifetime|UndeclaredLifetime|unsure,,,
ev-charging,abb:terra_ac_wallbox_ce_mid,abb,terra_ac_wallbox_ce_mid,2,actuatesPhysical,true|false|unsure,,,
ev-charging,abb:terra_ac_wallbox_ce_mid,abb,terra_ac_wallbox_ce_mid,2,actuationConsequence,ComfortActuation|NoActuation|PropertyActuation|SafetyActuation|unsure,,,
ev-charging,abb:terra_ac_wallbox_ce_mid,abb,terra_ac_wallbox_ce_mid,2,capturesAV,true|false|unsure,,,
ev-charging,abb:terra_ac_wallbox_ce_mid,abb,terra_ac_wallbox_ce_mid,2,cloudDependence,CloudOptional|CloudRequired|LocalOnly|unsure,,,
ev-charging,abb:terra_ac_wallbox_ce_mid,abb,terra_ac_wallbox_ce_mid,2,computeTier,AndroidDerived|EmbeddedLinux|McuClass|Rtos|unsure,,,
ev-charging,abb:terra_ac_wallbox_ce_mid,abb,terra_ac_wallbox_ce_mid,2,consumerAvailability,InstallerChannel|MixedChannel|RetailConsumer|unsure,,,
ev-charging,abb:terra_ac_wallbox_ce_mid,abb,terra_ac_wallbox_ce_mid,2,dataSensitivity,AvStreamData|BiometricData|NoData|TelemetryData|unsure,,,
ev-charging,abb:terra_ac_wallbox_ce_mid,abb,terra_ac_wallbox_ce_mid,2,firmwareUpdateModel,ManualFlash|NoUpdatePath|OtaAutomatic|OtaUserInitiated|unsure,,,
ev-charging,abb:terra_ac_wallbox_ce_mid,abb,terra_ac_wallbox_ce_mid,2,formFactor,Fixed|Portable|Worn|unsure,,,
ev-charging,abb:terra_ac_wallbox_ce_mid,abb,terra_ac_wallbox_ce_mid,2,hasWebAdminUI,true|false|unsure,,,
ev-charging,abb:terra_ac_wallbox_ce_mid,abb,terra_ac_wallbox_ce_mid,2,placement,Either|Indoor|Outdoor|unsure,,,
ev-charging,abb:terra_ac_wallbox_ce_mid,abb,terra_ac_wallbox_ce_mid,2,supportLifetime,DeclaredLifetime|UndeclaredLifetime|unsure,,,
ev-charging,abb:terra_ac_wallbox_ce_ptb,abb,terra_ac_wallbox_ce_ptb,2,actuatesPhysical,true|false|unsure,,,
ev-charging,abb:terra_ac_wallbox_ce_ptb,abb,terra_ac_wallbox_ce_ptb,2,actuationConsequence,ComfortActuation|NoActuation|PropertyActuation|SafetyActuation|unsure,,,
ev-charging,abb:terra_ac_wallbox_ce_ptb,abb,terra_ac_wallbox_ce_ptb,2,capturesAV,true|false|unsure,,,
ev-charging,abb:terra_ac_wallbox_ce_ptb,abb,terra_ac_wallbox_ce_ptb,2,cloudDependence,CloudOptional|CloudRequired|LocalOnly|unsure,,,
ev-charging,abb:terra_ac_wallbox_ce_ptb,abb,terra_ac_wallbox_ce_ptb,2,computeTier,AndroidDerived|EmbeddedLinux|McuClass|Rtos|unsure,,,
ev-charging,abb:terra_ac_wallbox_ce_ptb,abb,terra_ac_wallbox_ce_ptb,2,consumerAvailability,InstallerChannel|MixedChannel|RetailConsumer|unsure,,,
ev-charging,abb:terra_ac_wallbox_ce_ptb,abb,terra_ac_wallbox_ce_ptb,2,dataSensitivity,AvStreamData|BiometricData|NoData|TelemetryData|unsure,,,
ev-charging,abb:terra_ac_wallbox_ce_ptb,abb,terra_ac_wallbox_ce_ptb,2,firmwareUpdateModel,ManualFlash|NoUpdatePath|OtaAutomatic|OtaUserInitiated|unsure,,,
ev-charging,abb:terra_ac_wallbox_ce_ptb,abb,terra_ac_wallbox_ce_ptb,2,formFactor,Fixed|Portable|Worn|unsure,,,
ev-charging,abb:terra_ac_wallbox_ce_ptb,abb,terra_ac_wallbox_ce_ptb,2,hasWebAdminUI,true|false|unsure,,,
ev-charging,abb:terra_ac_wallbox_ce_ptb,abb,terra_ac_wallbox_ce_ptb,2,placement,Either|Indoor|Outdoor|unsure,,,
ev-charging,abb:terra_ac_wallbox_ce_ptb,abb,terra_ac_wallbox_ce_ptb,2,supportLifetime,DeclaredLifetime|UndeclaredLifetime|unsure,,,
ev-charging,abb:terra_ac_wallbox_ce_symbiosis,abb,terra_ac_wallbox_ce_symbiosis,2,actuatesPhysical,true|false|unsure,,,
ev-charging,abb:terra_ac_wallbox_ce_symbiosis,abb,terra_ac_wallbox_ce_symbiosis,2,actuationConsequence,ComfortActuation|NoActuation|PropertyActuation|SafetyActuation|unsure,,,
ev-charging,abb:terra_ac_wallbox_ce_symbiosis,abb,terra_ac_wallbox_ce_symbiosis,2,capturesAV,true|false|unsure,,,
ev-charging,abb:terra_ac_wallbox_ce_symbiosis,abb,terra_ac_wallbox_ce_symbiosis,2,cloudDependence,CloudOptional|CloudRequired|LocalOnly|unsure,,,
ev-charging,abb:terra_ac_wallbox_ce_symbiosis,abb,terra_ac_wallbox_ce_symbiosis,2,computeTier,AndroidDerived|EmbeddedLinux|McuClass|Rtos|unsure,,,
ev-charging,abb:terra_ac_wallbox_ce_symbiosis,abb,terra_ac_wallbox_ce_symbiosis,2,consumerAvailability,InstallerChannel|MixedChannel|RetailConsumer|unsure,,,
ev-charging,abb:terra_ac_wallbox_ce_symbiosis,abb,terra_ac_wallbox_ce_symbiosis,2,dataSensitivity,AvStreamData|BiometricData|NoData|TelemetryData|unsure,,,
ev-charging,abb:terra_ac_wallbox_ce_symbiosis,abb,terra_ac_wallbox_ce_symbiosis,2,firmwareUpdateModel,ManualFlash|NoUpdatePath|OtaAutomatic|OtaUserInitiated|unsure,,,
ev-charging,abb:terra_ac_wallbox_ce_symbiosis,abb,terra_ac_wallbox_ce_symbiosis,2,formFactor,Fixed|Portable|Worn|unsure,,,
ev-charging,abb:terra_ac_wallbox_ce_symbiosis,abb,terra_ac_wallbox_ce_symbiosis,2,hasWebAdminUI,true|false|unsure,,,
ev-charging,abb:terra_ac_wallbox_ce_symbiosis,abb,terra_ac_wallbox_ce_symbiosis,2,placement,Either|Indoor|Outdoor|unsure,,,
ev-charging,abb:terra_ac_wallbox_ce_symbiosis,abb,terra_ac_wallbox_ce_symbiosis,2,supportLifetime,DeclaredLifetime|UndeclaredLifetime|unsure,,,
ev-charging,abb:terra_ac_wallbox_jp,abb,terra_ac_wallbox_jp,2,actuatesPhysical,true|false|unsure,,,
ev-charging,abb:terra_ac_wallbox_jp,abb,terra_ac_wallbox_jp,2,actuationConsequence,ComfortActuation|NoActuation|PropertyActuation|SafetyActuation|unsure,,,
ev-charging,abb:terra_ac_wallbox_jp,abb,terra_ac_wallbox_jp,2,capturesAV,true|false|unsure,,,
ev-charging,abb:terra_ac_wallbox_jp,abb,terra_ac_wallbox_jp,2,cloudDependence,CloudOptional|CloudRequired|LocalOnly|unsure,,,
ev-charging,abb:terra_ac_wallbox_jp,abb,terra_ac_wallbox_jp,2,computeTier,AndroidDerived|EmbeddedLinux|McuClass|Rtos|unsure,,,
ev-charging,abb:terra_ac_wallbox_jp,abb,terra_ac_wallbox_jp,2,consumerAvailability,InstallerChannel|MixedChannel|RetailConsumer|unsure,,,
ev-charging,abb:terra_ac_wallbox_jp,abb,terra_ac_wallbox_jp,2,dataSensitivity,AvStreamData|BiometricData|NoData|TelemetryData|unsure,,,
ev-charging,abb:terra_ac_wallbox_jp,abb,terra_ac_wallbox_jp,2,firmwareUpdateModel,ManualFlash|NoUpdatePath|OtaAutomatic|OtaUserInitiated|unsure,,,
ev-charging,abb:terra_ac_wallbox_jp,abb,terra_ac_wallbox_jp,2,formFactor,Fixed|Portable|Worn|unsure,,,
ev-charging,abb:terra_ac_wallbox_jp,abb,terra_ac_wallbox_jp,2,hasWebAdminUI,true|false|unsure,,,
ev-charging,abb:terra_ac_wallbox_jp,abb,terra_ac_wallbox_jp,2,placement,Either|Indoor|Outdoor|unsure,,,
ev-charging,abb:terra_ac_wallbox_jp,abb,terra_ac_wallbox_jp,2,supportLifetime,DeclaredLifetime|UndeclaredLifetime|unsure,,,
ev-charging,abb:terra_ac_wallbox_ul32a,abb,terra_ac_wallbox_ul32a,2,actuatesPhysical,true|false|unsure,,,
ev-charging,abb:terra_ac_wallbox_ul32a,abb,terra_ac_wallbox_ul32a,2,actuationConsequence,ComfortActuation|NoActuation|PropertyActuation|SafetyActuation|unsure,,,
ev-charging,abb:terra_ac_wallbox_ul32a,abb,terra_ac_wallbox_ul32a,2,capturesAV,true|false|unsure,,,
ev-charging,abb:terra_ac_wallbox_ul32a,abb,terra_ac_wallbox_ul32a,2,cloudDependence,CloudOptional|CloudRequired|LocalOnly|unsure,,,
ev-charging,abb:terra_ac_wallbox_ul32a,abb,terra_ac_wallbox_ul32a,2,computeTier,AndroidDerived|EmbeddedLinux|McuClass|Rtos|unsure,,,
ev-charging,abb:terra_ac_wallbox_ul32a,abb,terra_ac_wallbox_ul32a,2,consumerAvailability,InstallerChannel|MixedChannel|RetailConsumer|unsure,,,
ev-charging,abb:terra_ac_wallbox_ul32a,abb,terra_ac_wallbox_ul32a,2,dataSensitivity,AvStreamData|BiometricData|NoData|TelemetryData|unsure,,,
ev-charging,abb:terra_ac_wallbox_ul32a,abb,terra_ac_wallbox_ul32a,2,firmwareUpdateModel,ManualFlash|NoUpdatePath|OtaAutomatic|OtaUserInitiated|unsure,,,
ev-charging,abb:terra_ac_wallbox_ul32a,abb,terra_ac_wallbox_ul32a,2,formFactor,Fixed|Portable|Worn|unsure,,,
ev-charging,abb:terra_ac_wallbox_ul32a,abb,terra_ac_wallbox_ul32a,2,hasWebAdminUI,true|false|unsure,,,
ev-charging,abb:terra_ac_wallbox_ul32a,abb,terra_ac_wallbox_ul32a,2,placement,Either|Indoor|Outdoor|unsure,,,
ev-charging,abb:terra_ac_wallbox_ul32a,abb,terra_ac_wallbox_ul32a,2,supportLifetime,DeclaredLifetime|UndeclaredLifetime|unsure,,,
ev-charging,abb:terra_ac_wallbox_ul40,abb,terra_ac_wallbox_ul40,2,actuatesPhysical,true|false|unsure,,,
ev-charging,abb:terra_ac_wallbox_ul40,abb,terra_ac_wallbox_ul40,2,actuationConsequence,ComfortActuation|NoActuation|PropertyActuation|SafetyActuation|unsure,,,
ev-charging,abb:terra_ac_wallbox_ul40,abb,terra_ac_wallbox_ul40,2,capturesAV,true|false|unsure,,,
ev-charging,abb:terra_ac_wallbox_ul40,abb,terra_ac_wallbox_ul40,2,cloudDependence,CloudOptional|CloudRequired|LocalOnly|unsure,,,
ev-charging,abb:terra_ac_wallbox_ul40,abb,terra_ac_wallbox_ul40,2,computeTier,AndroidDerived|EmbeddedLinux|McuClass|Rtos|unsure,,,
ev-charging,abb:terra_ac_wallbox_ul40,abb,terra_ac_wallbox_ul40,2,consumerAvailability,InstallerChannel|MixedChannel|RetailConsumer|unsure,,,
ev-charging,abb:terra_ac_wallbox_ul40,abb,terra_ac_wallbox_ul40,2,dataSensitivity,AvStreamData|BiometricData|NoData|TelemetryData|unsure,,,
ev-charging,abb:terra_ac_wallbox_ul40,abb,terra_ac_wallbox_ul40,2,firmwareUpdateModel,ManualFlash|NoUpdatePath|OtaAutomatic|OtaUserInitiated|unsure,,,
ev-charging,abb:terra_ac_wallbox_ul40,abb,terra_ac_wallbox_ul40,2,formFactor,Fixed|Portable|Worn|unsure,,,
ev-charging,abb:terra_ac_wallbox_ul40,abb,terra_ac_wallbox_ul40,2,hasWebAdminUI,true|false|unsure,,,
ev-charging,abb:terra_ac_wallbox_ul40,abb,terra_ac_wallbox_ul40,2,placement,Either|Indoor|Outdoor|unsure,,,
ev-charging,abb:terra_ac_wallbox_ul40,abb,terra_ac_wallbox_ul40,2,supportLifetime,DeclaredLifetime|UndeclaredLifetime|unsure,,,
ev-charging,autel:maxicharger_ac_elite_business_c50,autel,maxicharger_ac_elite_business_c50,5,actuatesPhysical,true|false|unsure,,,
ev-charging,autel:maxicharger_ac_elite_business_c50,autel,maxicharger_ac_elite_business_c50,5,actuationConsequence,ComfortActuation|NoActuation|PropertyActuation|SafetyActuation|unsure,,,
ev-charging,autel:maxicharger_ac_elite_business_c50,autel,maxicharger_ac_elite_business_c50,5,capturesAV,true|false|unsure,,,
ev-charging,autel:maxicharger_ac_elite_business_c50,autel,maxicharger_ac_elite_business_c50,5,cloudDependence,CloudOptional|CloudRequired|LocalOnly|unsure,,,
ev-charging,autel:maxicharger_ac_elite_business_c50,autel,maxicharger_ac_elite_business_c50,5,computeTier,AndroidDerived|EmbeddedLinux|McuClass|Rtos|unsure,,,
ev-charging,autel:maxicharger_ac_elite_business_c50,autel,maxicharger_ac_elite_business_c50,5,consumerAvailability,InstallerChannel|MixedChannel|RetailConsumer|unsure,,,
ev-charging,autel:maxicharger_ac_elite_business_c50,autel,maxicharger_ac_elite_business_c50,5,dataSensitivity,AvStreamData|BiometricData|NoData|TelemetryData|unsure,,,
ev-charging,autel:maxicharger_ac_elite_business_c50,autel,maxicharger_ac_elite_business_c50,5,firmwareUpdateModel,ManualFlash|NoUpdatePath|OtaAutomatic|OtaUserInitiated|unsure,,,
ev-charging,autel:maxicharger_ac_elite_business_c50,autel,maxicharger_ac_elite_business_c50,5,formFactor,Fixed|Portable|Worn|unsure,,,
ev-charging,autel:maxicharger_ac_elite_business_c50,autel,maxicharger_ac_elite_business_c50,5,hasWebAdminUI,true|false|unsure,,,
ev-charging,autel:maxicharger_ac_elite_business_c50,autel,maxicharger_ac_elite_business_c50,5,placement,Either|Indoor|Outdoor|unsure,,,
ev-charging,autel:maxicharger_ac_elite_business_c50,autel,maxicharger_ac_elite_business_c50,5,supportLifetime,DeclaredLifetime|UndeclaredLifetime|unsure,,,
ev-charging,chargepoint:home_flex,chargepoint,home_flex,2,actuatesPhysical,true|false|unsure,,,
ev-charging,chargepoint:home_flex,chargepoint,home_flex,2,actuationConsequence,ComfortActuation|NoActuation|PropertyActuation|SafetyActuation|unsure,,,
ev-charging,chargepoint:home_flex,chargepoint,home_flex,2,capturesAV,true|false|unsure,,,
ev-charging,chargepoint:home_flex,chargepoint,home_flex,2,cloudDependence,CloudOptional|CloudRequired|LocalOnly|unsure,,,
ev-charging,chargepoint:home_flex,chargepoint,home_flex,2,computeTier,AndroidDerived|EmbeddedLinux|McuClass|Rtos|unsure,,,
ev-charging,chargepoint:home_flex,chargepoint,home_flex,2,consumerAvailability,InstallerChannel|MixedChannel|RetailConsumer|unsure,,,
ev-charging,chargepoint:home_flex,chargepoint,home_flex,2,dataSensitivity,AvStreamData|BiometricData|NoData|TelemetryData|unsure,,,
ev-charging,chargepoint:home_flex,chargepoint,home_flex,2,firmwareUpdateModel,ManualFlash|NoUpdatePath|OtaAutomatic|OtaUserInitiated|unsure,,,
ev-charging,chargepoint:home_flex,chargepoint,home_flex,2,formFactor,Fixed|Portable|Worn|unsure,,,
ev-charging,chargepoint:home_flex,chargepoint,home_flex,2,hasWebAdminUI,true|false|unsure,,,
ev-charging,chargepoint:home_flex,chargepoint,home_flex,2,placement,Either|Indoor|Outdoor|unsure,,,
ev-charging,chargepoint:home_flex,chargepoint,home_flex,2,supportLifetime,DeclaredLifetime|UndeclaredLifetime|unsure,,,
ev-charging,chargepoint:home_flex_cph50,chargepoint,home_flex_cph50,3,actuatesPhysical,true|false|unsure,,,
ev-charging,chargepoint:home_flex_cph50,chargepoint,home_flex_cph50,3,actuationConsequence,ComfortActuation|NoActuation|PropertyActuation|SafetyActuation|unsure,,,
ev-charging,chargepoint:home_flex_cph50,chargepoint,home_flex_cph50,3,capturesAV,true|false|unsure,,,
ev-charging,chargepoint:home_flex_cph50,chargepoint,home_flex_cph50,3,cloudDependence,CloudOptional|CloudRequired|LocalOnly|unsure,,,
ev-charging,chargepoint:home_flex_cph50,chargepoint,home_flex_cph50,3,computeTier,AndroidDerived|EmbeddedLinux|McuClass|Rtos|unsure,,,
ev-charging,chargepoint:home_flex_cph50,chargepoint,home_flex_cph50,3,consumerAvailability,InstallerChannel|MixedChannel|RetailConsumer|unsure,,,
ev-charging,chargepoint:home_flex_cph50,chargepoint,home_flex_cph50,3,dataSensitivity,AvStreamData|BiometricData|NoData|TelemetryData|unsure,,,
ev-charging,chargepoint:home_flex_cph50,chargepoint,home_flex_cph50,3,firmwareUpdateModel,ManualFlash|NoUpdatePath|OtaAutomatic|OtaUserInitiated|unsure,,,
ev-charging,chargepoint:home_flex_cph50,chargepoint,home_flex_cph50,3,formFactor,Fixed|Portable|Worn|unsure,,,
ev-charging,chargepoint:home_flex_cph50,chargepoint,home_flex_cph50,3,hasWebAdminUI,true|false|unsure,,,
ev-charging,chargepoint:home_flex_cph50,chargepoint,home_flex_cph50,3,placement,Either|Indoor|Outdoor|unsure,,,
ev-charging,chargepoint:home_flex_cph50,chargepoint,home_flex_cph50,3,supportLifetime,DeclaredLifetime|UndeclaredLifetime|unsure,,,
ev-charging,chargepoint:home_flex_hardwired,chargepoint,home_flex_hardwired,6,actuatesPhysical,true|false|unsure,,,
ev-charging,chargepoint:home_flex_hardwired,chargepoint,home_flex_hardwired,6,actuationConsequence,ComfortActuation|NoActuation|PropertyActuation|SafetyActuation|unsure,,,
ev-charging,chargepoint:home_flex_hardwired,chargepoint,home_flex_hardwired,6,capturesAV,true|false|unsure,,,
ev-charging,chargepoint:home_flex_hardwired,chargepoint,home_flex_hardwired,6,cloudDependence,CloudOptional|CloudRequired|LocalOnly|unsure,,,
ev-charging,chargepoint:home_flex_hardwired,chargepoint,home_flex_hardwired,6,computeTier,AndroidDerived|EmbeddedLinux|McuClass|Rtos|unsure,,,
ev-charging,chargepoint:home_flex_hardwired,chargepoint,home_flex_hardwired,6,consumerAvailability,InstallerChannel|MixedChannel|RetailConsumer|unsure,,,
ev-charging,chargepoint:home_flex_hardwired,chargepoint,home_flex_hardwired,6,dataSensitivity,AvStreamData|BiometricData|NoData|TelemetryData|unsure,,,
ev-charging,chargepoint:home_flex_hardwired,chargepoint,home_flex_hardwired,6,firmwareUpdateModel,ManualFlash|NoUpdatePath|OtaAutomatic|OtaUserInitiated|unsure,,,
ev-charging,chargepoint:home_flex_hardwired,chargepoint,home_flex_hardwired,6,formFactor,Fixed|Portable|Worn|unsure,,,
ev-charging,chargepoint:home_flex_hardwired,chargepoint,home_flex_hardwired,6,hasWebAdminUI,true|false|unsure,,,
ev-charging,chargepoint:home_flex_hardwired,chargepoint,home_flex_hardwired,6,placement,Either|Indoor|Outdoor|unsure,,,
ev-charging,chargepoint:home_flex_hardwired,chargepoint,home_flex_hardwired,6,supportLifetime,DeclaredLifetime|UndeclaredLifetime|unsure,,,
ev-charging,chargepoint:home_flex_nema_14-50_plug,chargepoint,home_flex_nema_14-50_plug,6,actuatesPhysical,true|false|unsure,,,
ev-charging,chargepoint:home_flex_nema_14-50_plug,chargepoint,home_flex_nema_14-50_plug,6,actuationConsequence,ComfortActuation|NoActuation|PropertyActuation|SafetyActuation|unsure,,,
ev-charging,chargepoint:home_flex_nema_14-50_plug,chargepoint,home_flex_nema_14-50_plug,6,capturesAV,true|false|unsure,,,
ev-charging,chargepoint:home_flex_nema_14-50_plug,chargepoint,home_flex_nema_14-50_plug,6,cloudDependence,CloudOptional|CloudRequired|LocalOnly|unsure,,,
ev-charging,chargepoint:home_flex_nema_14-50_plug,chargepoint,home_flex_nema_14-50_plug,6,computeTier,AndroidDerived|EmbeddedLinux|McuClass|Rtos|unsure,,,
ev-charging,chargepoint:home_flex_nema_14-50_plug,chargepoint,home_flex_nema_14-50_plug,6,consumerAvailability,InstallerChannel|MixedChannel|RetailConsumer|unsure,,,
ev-charging,chargepoint:home_flex_nema_14-50_plug,chargepoint,home_flex_nema_14-50_plug,6,dataSensitivity,AvStreamData|BiometricData|NoData|TelemetryData|unsure,,,
ev-charging,chargepoint:home_flex_nema_14-50_plug,chargepoint,home_flex_nema_14-50_plug,6,firmwareUpdateModel,ManualFlash|NoUpdatePath|OtaAutomatic|OtaUserInitiated|unsure,,,
ev-charging,chargepoint:home_flex_nema_14-50_plug,chargepoint,home_flex_nema_14-50_plug,6,formFactor,Fixed|Portable|Worn|unsure,,,
ev-charging,chargepoint:home_flex_nema_14-50_plug,chargepoint,home_flex_nema_14-50_plug,6,hasWebAdminUI,true|false|unsure,,,
ev-charging,chargepoint:home_flex_nema_14-50_plug,chargepoint,home_flex_nema_14-50_plug,6,placement,Either|Indoor|Outdoor|unsure,,,
ev-charging,chargepoint:home_flex_nema_14-50_plug,chargepoint,home_flex_nema_14-50_plug,6,supportLifetime,DeclaredLifetime|UndeclaredLifetime|unsure,,,
ev-charging,chargepoint:home_flex_nema_6-50_plug,chargepoint,home_flex_nema_6-50_plug,6,actuatesPhysical,true|false|unsure,,,
ev-charging,chargepoint:home_flex_nema_6-50_plug,chargepoint,home_flex_nema_6-50_plug,6,actuationConsequence,ComfortActuation|NoActuation|PropertyActuation|SafetyActuation|unsure,,,
ev-charging,chargepoint:home_flex_nema_6-50_plug,chargepoint,home_flex_nema_6-50_plug,6,capturesAV,true|false|unsure,,,
ev-charging,chargepoint:home_flex_nema_6-50_plug,chargepoint,home_flex_nema_6-50_plug,6,cloudDependence,CloudOptional|CloudRequired|LocalOnly|unsure,,,
ev-charging,chargepoint:home_flex_nema_6-50_plug,chargepoint,home_flex_nema_6-50_plug,6,computeTier,AndroidDerived|EmbeddedLinux|McuClass|Rtos|unsure,,,
ev-charging,chargepoint:home_flex_nema_6-50_plug,chargepoint,home_flex_nema_6-50_plug,6,consumerAvailability,InstallerChannel|MixedChannel|RetailConsumer|unsure,,,
ev-charging,chargepoint:home_flex_nema_6-50_plug,chargepoint,home_flex_nema_6-50_plug,6,dataSensitivity,AvStreamData|BiometricData|NoData|TelemetryData|unsure,,,
ev-charging,chargepoint:home_flex_nema_6-50_plug,chargepoint,home_flex_nema_6-50_plug,6,firmwareUpdateModel,ManualFlash|NoUpdatePath|OtaAutomatic|OtaUserInitiated|unsure,,,
ev-charging,chargepoint:home_flex_nema_6-50_plug,chargepoint,home_flex_nema_6-50_plug,6,formFactor,Fixed|Portable|Worn|unsure,,,
ev-charging,chargepoint:home_flex_nema_6-50_plug,chargepoint,home_flex_nema_6-50_plug,6,hasWebAdminUI,true|false|unsure,,,
ev-charging,chargepoint:home_flex_nema_6-50_plug,chargepoint,home_flex_nema_6-50_plug,6,placement,Either|Indoor|Outdoor|unsure,,,
ev-charging,chargepoint:home_flex_nema_6-50_plug,chargepoint,home_flex_nema_6-50_plug,6,supportLifetime,DeclaredLifetime|UndeclaredLifetime|unsure,,,
ev-charging,garo:wallbox_glb,garo,wallbox_glb,4,actuatesPhysical,true|false|unsure,,,
ev-charging,garo:wallbox_glb,garo,wallbox_glb,4,actuationConsequence,ComfortActuation|NoActuation|PropertyActuation|SafetyActuation|unsure,,,
ev-charging,garo:wallbox_glb,garo,wallbox_glb,4,capturesAV,true|false|unsure,,,
ev-charging,garo:wallbox_glb,garo,wallbox_glb,4,cloudDependence,CloudOptional|CloudRequired|LocalOnly|unsure,,,
ev-charging,garo:wallbox_glb,garo,wallbox_glb,4,computeTier,AndroidDerived|EmbeddedLinux|McuClass|Rtos|unsure,,,
ev-charging,garo:wallbox_glb,garo,wallbox_glb,4,consumerAvailability,InstallerChannel|MixedChannel|RetailConsumer|unsure,,,
ev-charging,garo:wallbox_glb,garo,wallbox_glb,4,dataSensitivity,AvStreamData|BiometricData|NoData|TelemetryData|unsure,,,
ev-charging,garo:wallbox_glb,garo,wallbox_glb,4,firmwareUpdateModel,ManualFlash|NoUpdatePath|OtaAutomatic|OtaUserInitiated|unsure,,,
ev-charging,garo:wallbox_glb,garo,wallbox_glb,4,formFactor,Fixed|Portable|Worn|unsure,,,
ev-charging,garo:wallbox_glb,garo,wallbox_glb,4,hasWebAdminUI,true|false|unsure,,,
ev-charging,garo:wallbox_glb,garo,wallbox_glb,4,placement,Either|Indoor|Outdoor|unsure,,,
ev-charging,garo:wallbox_glb,garo,wallbox_glb,4,supportLifetime,DeclaredLifetime|UndeclaredLifetime|unsure,,,
ev-charging,garo:wallbox_glb\+_t2ev7,garo,wallbox_glb\+_t2ev7,1,actuatesPhysical,true|false|unsure,,,
ev-charging,garo:wallbox_glb\+_t2ev7,garo,wallbox_glb\+_t2ev7,1,actuationConsequence,ComfortActuation|NoActuation|PropertyActuation|SafetyActuation|unsure,,,
ev-charging,garo:wallbox_glb\+_t2ev7,garo,wallbox_glb\+_t2ev7,1,capturesAV,true|false|unsure,,,
ev-charging,garo:wallbox_glb\+_t2ev7,garo,wallbox_glb\+_t2ev7,1,cloudDependence,CloudOptional|CloudRequired|LocalOnly|unsure,,,
ev-charging,garo:wallbox_glb\+_t2ev7,garo,wallbox_glb\+_t2ev7,1,computeTier,AndroidDerived|EmbeddedLinux|McuClass|Rtos|unsure,,,
ev-charging,garo:wallbox_glb\+_t2ev7,garo,wallbox_glb\+_t2ev7,1,consumerAvailability,InstallerChannel|MixedChannel|RetailConsumer|unsure,,,
ev-charging,garo:wallbox_glb\+_t2ev7,garo,wallbox_glb\+_t2ev7,1,dataSensitivity,AvStreamData|BiometricData|NoData|TelemetryData|unsure,,,
ev-charging,garo:wallbox_glb\+_t2ev7,garo,wallbox_glb\+_t2ev7,1,firmwareUpdateModel,ManualFlash|NoUpdatePath|OtaAutomatic|OtaUserInitiated|unsure,,,
ev-charging,garo:wallbox_glb\+_t2ev7,garo,wallbox_glb\+_t2ev7,1,formFactor,Fixed|Portable|Worn|unsure,,,
ev-charging,garo:wallbox_glb\+_t2ev7,garo,wallbox_glb\+_t2ev7,1,hasWebAdminUI,true|false|unsure,,,
ev-charging,garo:wallbox_glb\+_t2ev7,garo,wallbox_glb\+_t2ev7,1,placement,Either|Indoor|Outdoor|unsure,,,
ev-charging,garo:wallbox_glb\+_t2ev7,garo,wallbox_glb\+_t2ev7,1,supportLifetime,DeclaredLifetime|UndeclaredLifetime|unsure,,,
ev-charging,garo:wallbox_gtb,garo,wallbox_gtb,4,actuatesPhysical,true|false|unsure,,,
ev-charging,garo:wallbox_gtb,garo,wallbox_gtb,4,actuationConsequence,ComfortActuation|NoActuation|PropertyActuation|SafetyActuation|unsure,,,
ev-charging,garo:wallbox_gtb,garo,wallbox_gtb,4,capturesAV,true|false|unsure,,,
ev-charging,garo:wallbox_gtb,garo,wallbox_gtb,4,cloudDependence,CloudOptional|CloudRequired|LocalOnly|unsure,,,
ev-charging,garo:wallbox_gtb,garo,wallbox_gtb,4,computeTier,AndroidDerived|EmbeddedLinux|McuClass|Rtos|unsure,,,
ev-charging,garo:wallbox_gtb,garo,wallbox_gtb,4,consumerAvailability,InstallerChannel|MixedChannel|RetailConsumer|unsure,,,
ev-charging,garo:wallbox_gtb,garo,wallbox_gtb,4,dataSensitivity,AvStreamData|BiometricData|NoData|TelemetryData|unsure,,,
ev-charging,garo:wallbox_gtb,garo,wallbox_gtb,4,firmwareUpdateModel,ManualFlash|NoUpdatePath|OtaAutomatic|OtaUserInitiated|unsure,,,
ev-charging,garo:wallbox_gtb,garo,wallbox_gtb,4,formFactor,Fixed|Portable|Worn|unsure,,,
ev-charging,garo:wallbox_gtb,garo,wallbox_gtb,4,hasWebAdminUI,true|false|unsure,,,
ev-charging,garo:wallbox_gtb,garo,wallbox_gtb,4,placement,Either|Indoor|Outdoor|unsure,,,
ev-charging,garo:wallbox_gtb,garo,wallbox_gtb,4,supportLifetime,DeclaredLifetime|UndeclaredLifetime|unsure,,,
ev-charging,garo:wallbox_gtc,garo,wallbox_gtc,4,actuatesPhysical,true|false|unsure,,,
ev-charging,garo:wallbox_gtc,garo,wallbox_gtc,4,actuationConsequence,ComfortActuation|NoActuation|PropertyActuation|SafetyActuation|unsure,,,
ev-charging,garo:wallbox_gtc,garo,wallbox_gtc,4,capturesAV,true|false|unsure,,,
ev-charging,garo:wallbox_gtc,garo,wallbox_gtc,4,cloudDependence,CloudOptional|CloudRequired|LocalOnly|unsure,,,
ev-charging,garo:wallbox_gtc,garo,wallbox_gtc,4,computeTier,AndroidDerived|EmbeddedLinux|McuClass|Rtos|unsure,,,
ev-charging,garo:wallbox_gtc,garo,wallbox_gtc,4,consumerAvailability,InstallerChannel|MixedChannel|RetailConsumer|unsure,,,
ev-charging,garo:wallbox_gtc,garo,wallbox_gtc,4,dataSensitivity,AvStreamData|BiometricData|NoData|TelemetryData|unsure,,,
ev-charging,garo:wallbox_gtc,garo,wallbox_gtc,4,firmwareUpdateModel,ManualFlash|NoUpdatePath|OtaAutomatic|OtaUserInitiated|unsure,,,
ev-charging,garo:wallbox_gtc,garo,wallbox_gtc,4,formFactor,Fixed|Portable|Worn|unsure,,,
ev-charging,garo:wallbox_gtc,garo,wallbox_gtc,4,hasWebAdminUI,true|false|unsure,,,
ev-charging,garo:wallbox_gtc,garo,wallbox_gtc,4,placement,Either|Indoor|Outdoor|unsure,,,
ev-charging,garo:wallbox_gtc,garo,wallbox_gtc,4,supportLifetime,DeclaredLifetime|UndeclaredLifetime|unsure,,,
ev-charging,schneider-electric:evb1a,schneider-electric,evb1a,2,actuatesPhysical,true|false|unsure,,,
ev-charging,schneider-electric:evb1a,schneider-electric,evb1a,2,actuationConsequence,ComfortActuation|NoActuation|PropertyActuation|SafetyActuation|unsure,,,
ev-charging,schneider-electric:evb1a,schneider-electric,evb1a,2,capturesAV,true|false|unsure,,,
ev-charging,schneider-electric:evb1a,schneider-electric,evb1a,2,cloudDependence,CloudOptional|CloudRequired|LocalOnly|unsure,,,
ev-charging,schneider-electric:evb1a,schneider-electric,evb1a,2,computeTier,AndroidDerived|EmbeddedLinux|McuClass|Rtos|unsure,,,
ev-charging,schneider-electric:evb1a,schneider-electric,evb1a,2,consumerAvailability,InstallerChannel|MixedChannel|RetailConsumer|unsure,,,
ev-charging,schneider-electric:evb1a,schneider-electric,evb1a,2,dataSensitivity,AvStreamData|BiometricData|NoData|TelemetryData|unsure,,,
ev-charging,schneider-electric:evb1a,schneider-electric,evb1a,2,firmwareUpdateModel,ManualFlash|NoUpdatePath|OtaAutomatic|OtaUserInitiated|unsure,,,
ev-charging,schneider-electric:evb1a,schneider-electric,evb1a,2,formFactor,Fixed|Portable|Worn|unsure,,,
ev-charging,schneider-electric:evb1a,schneider-electric,evb1a,2,hasWebAdminUI,true|false|unsure,,,
ev-charging,schneider-electric:evb1a,schneider-electric,evb1a,2,placement,Either|Indoor|Outdoor|unsure,,,
ev-charging,schneider-electric:evb1a,schneider-electric,evb1a,2,supportLifetime,DeclaredLifetime|UndeclaredLifetime|unsure,,,
ev-charging,schneider-electric:evc1s22p4,schneider-electric,evc1s22p4,2,actuatesPhysical,true|false|unsure,,,
ev-charging,schneider-electric:evc1s22p4,schneider-electric,evc1s22p4,2,actuationConsequence,ComfortActuation|NoActuation|PropertyActuation|SafetyActuation|unsure,,,
ev-charging,schneider-electric:evc1s22p4,schneider-electric,evc1s22p4,2,capturesAV,true|false|unsure,,,
ev-charging,schneider-electric:evc1s22p4,schneider-electric,evc1s22p4,2,cloudDependence,CloudOptional|CloudRequired|LocalOnly|unsure,,,
ev-charging,schneider-electric:evc1s22p4,schneider-electric,evc1s22p4,2,computeTier,AndroidDerived|EmbeddedLinux|McuClass|Rtos|unsure,,,
ev-charging,schneider-electric:evc1s22p4,schneider-electric,evc1s22p4,2,consumerAvailability,InstallerChannel|MixedChannel|RetailConsumer|unsure,,,
ev-charging,schneider-electric:evc1s22p4,schneider-electric,evc1s22p4,2,dataSensitivity,AvStreamData|BiometricData|NoData|TelemetryData|unsure,,,
ev-charging,schneider-electric:evc1s22p4,schneider-electric,evc1s22p4,2,firmwareUpdateModel,ManualFlash|NoUpdatePath|OtaAutomatic|OtaUserInitiated|unsure,,,
ev-charging,schneider-electric:evc1s22p4,schneider-electric,evc1s22p4,2,formFactor,Fixed|Portable|Worn|unsure,,,
ev-charging,schneider-electric:evc1s22p4,schneider-electric,evc1s22p4,2,hasWebAdminUI,true|false|unsure,,,
ev-charging,schneider-electric:evc1s22p4,schneider-electric,evc1s22p4,2,placement,Either|Indoor|Outdoor|unsure,,,
ev-charging,schneider-electric:evc1s22p4,schneider-electric,evc1s22p4,2,supportLifetime,DeclaredLifetime|UndeclaredLifetime|unsure,,,
ev-charging,schneider-electric:evc1s7p4,schneider-electric,evc1s7p4,2,actuatesPhysical,true|false|unsure,,,
ev-charging,schneider-electric:evc1s7p4,schneider-electric,evc1s7p4,2,actuationConsequence,ComfortActuation|NoActuation|PropertyActuation|SafetyActuation|unsure,,,
ev-charging,schneider-electric:evc1s7p4,schneider-electric,evc1s7p4,2,capturesAV,true|false|unsure,,,
ev-charging,schneider-electric:evc1s7p4,schneider-electric,evc1s7p4,2,cloudDependence,CloudOptional|CloudRequired|LocalOnly|unsure,,,
ev-charging,schneider-electric:evc1s7p4,schneider-electric,evc1s7p4,2,computeTier,AndroidDerived|EmbeddedLinux|McuClass|Rtos|unsure,,,
ev-charging,schneider-electric:evc1s7p4,schneider-electric,evc1s7p4,2,consumerAvailability,InstallerChannel|MixedChannel|RetailConsumer|unsure,,,
ev-charging,schneider-electric:evc1s7p4,schneider-electric,evc1s7p4,2,dataSensitivity,AvStreamData|BiometricData|NoData|TelemetryData|unsure,,,
ev-charging,schneider-electric:evc1s7p4,schneider-electric,evc1s7p4,2,firmwareUpdateModel,ManualFlash|NoUpdatePath|OtaAutomatic|OtaUserInitiated|unsure,,,
ev-charging,schneider-electric:evc1s7p4,schneider-electric,evc1s7p4,2,formFactor,Fixed|Portable|Worn|unsure,,,
ev-charging,schneider-electric:evc1s7p4,schneider-electric,evc1s7p4,2,hasWebAdminUI,true|false|unsure,,,
ev-charging,schneider-electric:evc1s7p4,schneider-electric,evc1s7p4,2,placement,Either|Indoor|Outdoor|unsure,,,
ev-charging,schneider-electric:evc1s7p4,schneider-electric,evc1s7p4,2,supportLifetime,DeclaredLifetime|UndeclaredLifetime|unsure,,,
ev-charging,schneider-electric:evf2,schneider-electric,evf2,2,actuatesPhysical,true|false|unsure,,,
ev-charging,schneider-electric:evf2,schneider-electric,evf2,2,actuationConsequence,ComfortActuation|NoActuation|PropertyActuation|SafetyActuation|unsure,,,
ev-charging,schneider-electric:evf2,schneider-electric,evf2,2,capturesAV,true|false|unsure,,,
ev-charging,schneider-electric:evf2,schneider-electric,evf2,2,cloudDependence,CloudOptional|CloudRequired|LocalOnly|unsure,,,
ev-charging,schneider-electric:evf2,schneider-electric,evf2,2,computeTier,AndroidDerived|EmbeddedLinux|McuClass|Rtos|unsure,,,
ev-charging,schneider-electric:evf2,schneider-electric,evf2,2,consumerAvailability,InstallerChannel|MixedChannel|RetailConsumer|unsure,,,
ev-charging,schneider-electric:evf2,schneider-electric,evf2,2,dataSensitivity,AvStreamData|BiometricData|NoData|TelemetryData|unsure,,,
ev-charging,schneider-electric:evf2,schneider-electric,evf2,2,firmwareUpdateModel,ManualFlash|NoUpdatePath|OtaAutomatic|OtaUserInitiated|unsure,,,
ev-charging,schneider-electric:evf2,schneider-electric,evf2,2,formFactor,Fixed|Portable|Worn|unsure,,,
ev-charging,schneider-electric:evf2,schneider-electric,evf2,2,hasWebAdminUI,true|false|unsure,,,
ev-charging,schneider-electric:evf2,schneider-electric,evf2,2,placement,Either|Indoor|Outdoor|unsure,,,
ev-charging,schneider-electric:evf2,schneider-electric,evf2,2,supportLifetime,DeclaredLifetime|UndeclaredLifetime|unsure,,,
ev-charging,schneider-electric:evlink_city_evc1s22p4,schneider-electric,evlink_city_evc1s22p4,18,actuatesPhysical,true|false|unsure,,,
ev-charging,schneider-electric:evlink_city_evc1s22p4,schneider-electric,evlink_city_evc1s22p4,18,actuationConsequence,ComfortActuation|NoActuation|PropertyActuation|SafetyActuation|unsure,,,
ev-charging,schneider-electric:evlink_city_evc1s22p4,schneider-electric,evlink_city_evc1s22p4,18,capturesAV,true|false|unsure,,,
ev-charging,schneider-electric:evlink_city_evc1s22p4,schneider-electric,evlink_city_evc1s22p4,18,cloudDependence,CloudOptional|CloudRequired|LocalOnly|unsure,,,
ev-charging,schneider-electric:evlink_city_evc1s22p4,schneider-electric,evlink_city_evc1s22p4,18,computeTier,AndroidDerived|EmbeddedLinux|McuClass|Rtos|unsure,,,
ev-charging,schneider-electric:evlink_city_evc1s22p4,schneider-electric,evlink_city_evc1s22p4,18,consumerAvailability,InstallerChannel|MixedChannel|RetailConsumer|unsure,,,
ev-charging,schneider-electric:evlink_city_evc1s22p4,schneider-electric,evlink_city_evc1s22p4,18,dataSensitivity,AvStreamData|BiometricData|NoData|TelemetryData|unsure,,,
ev-charging,schneider-electric:evlink_city_evc1s22p4,schneider-electric,evlink_city_evc1s22p4,18,firmwareUpdateModel,ManualFlash|NoUpdatePath|OtaAutomatic|OtaUserInitiated|unsure,,,
ev-charging,schneider-electric:evlink_city_evc1s22p4,schneider-electric,evlink_city_evc1s22p4,18,formFactor,Fixed|Portable|Worn|unsure,,,
ev-charging,schneider-electric:evlink_city_evc1s22p4,schneider-electric,evlink_city_evc1s22p4,18,hasWebAdminUI,true|false|unsure,,,
ev-charging,schneider-electric:evlink_city_evc1s22p4,schneider-electric,evlink_city_evc1s22p4,18,placement,Either|Indoor|Outdoor|unsure,,,
ev-charging,schneider-electric:evlink_city_evc1s22p4,schneider-electric,evlink_city_evc1s22p4,18,supportLifetime,DeclaredLifetime|UndeclaredLifetime|unsure,,,
ev-charging,schneider-electric:evlink_city_evc1s7p4,schneider-electric,evlink_city_evc1s7p4,18,actuatesPhysical,true|false|unsure,,,
ev-charging,schneider-electric:evlink_city_evc1s7p4,schneider-electric,evlink_city_evc1s7p4,18,actuationConsequence,ComfortActuation|NoActuation|PropertyActuation|SafetyActuation|unsure,,,
ev-charging,schneider-electric:evlink_city_evc1s7p4,schneider-electric,evlink_city_evc1s7p4,18,capturesAV,true|false|unsure,,,
ev-charging,schneider-electric:evlink_city_evc1s7p4,schneider-electric,evlink_city_evc1s7p4,18,cloudDependence,CloudOptional|CloudRequired|LocalOnly|unsure,,,
ev-charging,schneider-electric:evlink_city_evc1s7p4,schneider-electric,evlink_city_evc1s7p4,18,computeTier,AndroidDerived|EmbeddedLinux|McuClass|Rtos|unsure,,,
ev-charging,schneider-electric:evlink_city_evc1s7p4,schneider-electric,evlink_city_evc1s7p4,18,consumerAvailability,InstallerChannel|MixedChannel|RetailConsumer|unsure,,,
ev-charging,schneider-electric:evlink_city_evc1s7p4,schneider-electric,evlink_city_evc1s7p4,18,dataSensitivity,AvStreamData|BiometricData|NoData|TelemetryData|unsure,,,
ev-charging,schneider-electric:evlink_city_evc1s7p4,schneider-electric,evlink_city_evc1s7p4,18,firmwareUpdateModel,ManualFlash|NoUpdatePath|OtaAutomatic|OtaUserInitiated|unsure,,,
ev-charging,schneider-electric:evlink_city_evc1s7p4,schneider-electric,evlink_city_evc1s7p4,18,formFactor,Fixed|Portable|Worn|unsure,,,
ev-charging,schneider-electric:evlink_city_evc1s7p4,schneider-electric,evlink_city_evc1s7p4,18,hasWebAdminUI,true|false|unsure,,,
ev-charging,schneider-electric:evlink_city_evc1s7p4,schneider-electric,evlink_city_evc1s7p4,18,placement,Either|Indoor|Outdoor|unsure,,,
ev-charging,schneider-electric:evlink_city_evc1s7p4,schneider-electric,evlink_city_evc1s7p4,18,supportLifetime,DeclaredLifetime|UndeclaredLifetime|unsure,,,
ev-charging,schneider-electric:evlink_home,schneider-electric,evlink_home,1,actuatesPhysical,true|false|unsure,,,
ev-charging,schneider-electric:evlink_home,schneider-electric,evlink_home,1,actuationConsequence,ComfortActuation|NoActuation|PropertyActuation|SafetyActuation|unsure,,,
ev-charging,schneider-electric:evlink_home,schneider-electric,evlink_home,1,capturesAV,true|false|unsure,,,
ev-charging,schneider-electric:evlink_home,schneider-electric,evlink_home,1,cloudDependence,CloudOptional|CloudRequired|LocalOnly|unsure,,,
ev-charging,schneider-electric:evlink_home,schneider-electric,evlink_home,1,computeTier,AndroidDerived|EmbeddedLinux|McuClass|Rtos|unsure,,,
ev-charging,schneider-electric:evlink_home,schneider-electric,evlink_home,1,consumerAvailability,InstallerChannel|MixedChannel|RetailConsumer|unsure,,,
ev-charging,schneider-electric:evlink_home,schneider-electric,evlink_home,1,dataSensitivity,AvStreamData|BiometricData|NoData|TelemetryData|unsure,,,
ev-charging,schneider-electric:evlink_home,schneider-electric,evlink_home,1,firmwareUpdateModel,ManualFlash|NoUpdatePath|OtaAutomatic|OtaUserInitiated|unsure,,,
ev-charging,schneider-electric:evlink_home,schneider-electric,evlink_home,1,formFactor,Fixed|Portable|Worn|unsure,,,
ev-charging,schneider-electric:evlink_home,schneider-electric,evlink_home,1,hasWebAdminUI,true|false|unsure,,,
ev-charging,schneider-electric:evlink_home,schneider-electric,evlink_home,1,placement,Either|Indoor|Outdoor|unsure,,,
ev-charging,schneider-electric:evlink_home,schneider-electric,evlink_home,1,supportLifetime,DeclaredLifetime|UndeclaredLifetime|unsure,,,
ev-charging,schneider-electric:evlink_parking_ev.2,schneider-electric,evlink_parking_ev.2,13,actuatesPhysical,true|false|unsure,,,
ev-charging,schneider-electric:evlink_parking_ev.2,schneider-electric,evlink_parking_ev.2,13,actuationConsequence,ComfortActuation|NoActuation|PropertyActuation|SafetyActuation|unsure,,,
ev-charging,schneider-electric:evlink_parking_ev.2,schneider-electric,evlink_parking_ev.2,13,capturesAV,true|false|unsure,,,
ev-charging,schneider-electric:evlink_parking_ev.2,schneider-electric,evlink_parking_ev.2,13,cloudDependence,CloudOptional|CloudRequired|LocalOnly|unsure,,,
ev-charging,schneider-electric:evlink_parking_ev.2,schneider-electric,evlink_parking_ev.2,13,computeTier,AndroidDerived|EmbeddedLinux|McuClass|Rtos|unsure,,,
ev-charging,schneider-electric:evlink_parking_ev.2,schneider-electric,evlink_parking_ev.2,13,consumerAvailability,InstallerChannel|MixedChannel|RetailConsumer|unsure,,,
ev-charging,schneider-electric:evlink_parking_ev.2,schneider-electric,evlink_parking_ev.2,13,dataSensitivity,AvStreamData|BiometricData|NoData|TelemetryData|unsure,,,
ev-charging,schneider-electric:evlink_parking_ev.2,schneider-electric,evlink_parking_ev.2,13,firmwareUpdateModel,ManualFlash|NoUpdatePath|OtaAutomatic|OtaUserInitiated|unsure,,,
ev-charging,schneider-electric:evlink_parking_ev.2,schneider-electric,evlink_parking_ev.2,13,formFactor,Fixed|Portable|Worn|unsure,,,
ev-charging,schneider-electric:evlink_parking_ev.2,schneider-electric,evlink_parking_ev.2,13,hasWebAdminUI,true|false|unsure,,,
ev-charging,schneider-electric:evlink_parking_ev.2,schneider-electric,evlink_parking_ev.2,13,placement,Either|Indoor|Outdoor|unsure,,,
ev-charging,schneider-electric:evlink_parking_ev.2,schneider-electric,evlink_parking_ev.2,13,supportLifetime,DeclaredLifetime|UndeclaredLifetime|unsure,,,
ev-charging,schneider-electric:evlink_parking_evf2,schneider-electric,evlink_parking_evf2,18,actuatesPhysical,true|false|unsure,,,
ev-charging,schneider-electric:evlink_parking_evf2,schneider-electric,evlink_parking_evf2,18,actuationConsequence,ComfortActuation|NoActuation|PropertyActuation|SafetyActuation|unsure,,,
ev-charging,schneider-electric:evlink_parking_evf2,schneider-electric,evlink_parking_evf2,18,capturesAV,true|false|unsure,,,
ev-charging,schneider-electric:evlink_parking_evf2,schneider-electric,evlink_parking_evf2,18,cloudDependence,CloudOptional|CloudRequired|LocalOnly|unsure,,,
ev-charging,schneider-electric:evlink_parking_evf2,schneider-electric,evlink_parking_evf2,18,computeTier,AndroidDerived|EmbeddedLinux|McuClass|Rtos|unsure,,,
ev-charging,schneider-electric:evlink_parking_evf2,schneider-electric,evlink_parking_evf2,18,consumerAvailability,InstallerChannel|MixedChannel|RetailConsumer|unsure,,,
ev-charging,schneider-electric:evlink_parking_evf2,schneider-electric,evlink_parking_evf2,18,dataSensitivity,AvStreamData|BiometricData|NoData|TelemetryData|unsure,,,
ev-charging,schneider-electric:evlink_parking_evf2,schneider-electric,evlink_parking_evf2,18,firmwareUpdateModel,ManualFlash|NoUpdatePath|OtaAutomatic|OtaUserInitiated|unsure,,,
ev-charging,schneider-electric:evlink_parking_evf2,schneider-electric,evlink_parking_evf2,18,formFactor,Fixed|Portable|Worn|unsure,,,
ev-charging,schneider-electric:evlink_parking_evf2,schneider-electric,evlink_parking_evf2,18,hasWebAdminUI,true|false|unsure,,,
ev-charging,schneider-electric:evlink_parking_evf2,schneider-electric,evlink_parking_evf2,18,placement,Either|Indoor|Outdoor|unsure,,,
ev-charging,schneider-electric:evlink_parking_evf2,schneider-electric,evlink_parking_evf2,18,supportLifetime,DeclaredLifetime|UndeclaredLifetime|unsure,,,
ev-charging,schneider-electric:evlink_parking_evp2pe,schneider-electric,evlink_parking_evp2pe,5,actuatesPhysical,true|false|unsure,,,
ev-charging,schneider-electric:evlink_parking_evp2pe,schneider-electric,evlink_parking_evp2pe,5,actuationConsequence,ComfortActuation|NoActuation|PropertyActuation|SafetyActuation|unsure,,,
ev-charging,schneider-electric:evlink_parking_evp2pe,schneider-electric,evlink_parking_evp2pe,5,capturesAV,true|false|unsure,,,
ev-charging,schneider-electric:evlink_parking_evp2pe,schneider-electric,evlink_parking_evp2pe,5,cloudDependence,CloudOptional|CloudRequired|LocalOnly|unsure,,,
ev-charging,schneider-electric:evlink_parking_evp2pe,schneider-electric,evlink_parking_evp2pe,5,computeTier,AndroidDerived|EmbeddedLinux|McuClass|Rtos|unsure,,,
ev-charging,schneider-electric:evlink_parking_evp2pe,schneider-electric,evlink_parking_evp2pe,5,consumerAvailability,InstallerChannel|MixedChannel|RetailConsumer|unsure,,,
ev-charging,schneider-electric:evlink_parking_evp2pe,schneider-electric,evlink_parking_evp2pe,5,dataSensitivity,AvStreamData|BiometricData|NoData|TelemetryData|unsure,,,
ev-charging,schneider-electric:evlink_parking_evp2pe,schneider-electric,evlink_parking_evp2pe,5,firmwareUpdateModel,ManualFlash|NoUpdatePath|OtaAutomatic|OtaUserInitiated|unsure,,,
ev-charging,schneider-electric:evlink_parking_evp2pe,schneider-electric,evlink_parking_evp2pe,5,formFactor,Fixed|Portable|Worn|unsure,,,
ev-charging,schneider-electric:evlink_parking_evp2pe,schneider-electric,evlink_parking_evp2pe,5,hasWebAdminUI,true|false|unsure,,,
ev-charging,schneider-electric:evlink_parking_evp2pe,schneider-electric,evlink_parking_evp2pe,5,placement,Either|Indoor|Outdoor|unsure,,,
ev-charging,schneider-electric:evlink_parking_evp2pe,schneider-electric,evlink_parking_evp2pe,5,supportLifetime,DeclaredLifetime|UndeclaredLifetime|unsure,,,
ev-charging,schneider-electric:evlink_parking_evw2,schneider-electric,evlink_parking_evw2,18,actuatesPhysical,true|false|unsure,,,
ev-charging,schneider-electric:evlink_parking_evw2,schneider-electric,evlink_parking_evw2,18,actuationConsequence,ComfortActuation|NoActuation|PropertyActuation|SafetyActuation|unsure,,,
ev-charging,schneider-electric:evlink_parking_evw2,schneider-electric,evlink_parking_evw2,18,capturesAV,true|false|unsure,,,
ev-charging,schneider-electric:evlink_parking_evw2,schneider-electric,evlink_parking_evw2,18,cloudDependence,CloudOptional|CloudRequired|LocalOnly|unsure,,,
ev-charging,schneider-electric:evlink_parking_evw2,schneider-electric,evlink_parking_evw2,18,computeTier,AndroidDerived|EmbeddedLinux|McuClass|Rtos|unsure,,,
ev-charging,schneider-electric:evlink_parking_evw2,schneider-electric,evlink_parking_evw2,18,consumerAvailability,InstallerChannel|MixedChannel|RetailConsumer|unsure,,,
ev-charging,schneider-electric:evlink_parking_evw2,schneider-electric,evlink_parking_evw2,18,dataSensitivity,AvStreamData|BiometricData|NoData|TelemetryData|unsure,,,
ev-charging,schneider-electric:evlink_parking_evw2,schneider-electric,evlink_parking_evw2,18,firmwareUpdateModel,ManualFlash|NoUpdatePath|OtaAutomatic|OtaUserInitiated|unsure,,,
ev-charging,schneider-electric:evlink_parking_evw2,schneider-electric,evlink_parking_evw2,18,formFactor,Fixed|Portable|Worn|unsure,,,
ev-charging,schneider-electric:evlink_parking_evw2,schneider-electric,evlink_parking_evw2,18,hasWebAdminUI,true|false|unsure,,,
ev-charging,schneider-electric:evlink_parking_evw2,schneider-electric,evlink_parking_evw2,18,placement,Either|Indoor|Outdoor|unsure,,,
ev-charging,schneider-electric:evlink_parking_evw2,schneider-electric,evlink_parking_evw2,18,supportLifetime,DeclaredLifetime|UndeclaredLifetime|unsure,,,
ev-charging,schneider-electric:evlink_smart_wallbox_evb1a,schneider-electric,evlink_smart_wallbox_evb1a,18,actuatesPhysical,true|false|unsure,,,
ev-charging,schneider-electric:evlink_smart_wallbox_evb1a,schneider-electric,evlink_smart_wallbox_evb1a,18,actuationConsequence,ComfortActuation|NoActuation|PropertyActuation|SafetyActuation|unsure,,,
ev-charging,schneider-electric:evlink_smart_wallbox_evb1a,schneider-electric,evlink_smart_wallbox_evb1a,18,capturesAV,true|false|unsure,,,
ev-charging,schneider-electric:evlink_smart_wallbox_evb1a,schneider-electric,evlink_smart_wallbox_evb1a,18,cloudDependence,CloudOptional|CloudRequired|LocalOnly|unsure,,,
ev-charging,schneider-electric:evlink_smart_wallbox_evb1a,schneider-electric,evlink_smart_wallbox_evb1a,18,computeTier,AndroidDerived|EmbeddedLinux|McuClass|Rtos|unsure,,,
ev-charging,schneider-electric:evlink_smart_wallbox_evb1a,schneider-electric,evlink_smart_wallbox_evb1a,18,consumerAvailability,InstallerChannel|MixedChannel|RetailConsumer|unsure,,,
ev-charging,schneider-electric:evlink_smart_wallbox_evb1a,schneider-electric,evlink_smart_wallbox_evb1a,18,dataSensitivity,AvStreamData|BiometricData|NoData|TelemetryData|unsure,,,
ev-charging,schneider-electric:evlink_smart_wallbox_evb1a,schneider-electric,evlink_smart_wallbox_evb1a,18,firmwareUpdateModel,ManualFlash|NoUpdatePath|OtaAutomatic|OtaUserInitiated|unsure,,,
ev-charging,schneider-electric:evlink_smart_wallbox_evb1a,schneider-electric,evlink_smart_wallbox_evb1a,18,formFactor,Fixed|Portable|Worn|unsure,,,
ev-charging,schneider-electric:evlink_smart_wallbox_evb1a,schneider-electric,evlink_smart_wallbox_evb1a,18,hasWebAdminUI,true|false|unsure,,,
ev-charging,schneider-electric:evlink_smart_wallbox_evb1a,schneider-electric,evlink_smart_wallbox_evb1a,18,placement,Either|Indoor|Outdoor|unsure,,,
ev-charging,schneider-electric:evlink_smart_wallbox_evb1a,schneider-electric,evlink_smart_wallbox_evb1a,18,supportLifetime,DeclaredLifetime|UndeclaredLifetime|unsure,,,
ev-charging,schneider-electric:evp2pe,schneider-electric,evp2pe,2,actuatesPhysical,true|false|unsure,,,
ev-charging,schneider-electric:evp2pe,schneider-electric,evp2pe,2,actuationConsequence,ComfortActuation|NoActuation|PropertyActuation|SafetyActuation|unsure,,,
ev-charging,schneider-electric:evp2pe,schneider-electric,evp2pe,2,capturesAV,true|false|unsure,,,
ev-charging,schneider-electric:evp2pe,schneider-electric,evp2pe,2,cloudDependence,CloudOptional|CloudRequired|LocalOnly|unsure,,,
ev-charging,schneider-electric:evp2pe,schneider-electric,evp2pe,2,computeTier,AndroidDerived|EmbeddedLinux|McuClass|Rtos|unsure,,,
ev-charging,schneider-electric:evp2pe,schneider-electric,evp2pe,2,consumerAvailability,InstallerChannel|MixedChannel|RetailConsumer|unsure,,,
ev-charging,schneider-electric:evp2pe,schneider-electric,evp2pe,2,dataSensitivity,AvStreamData|BiometricData|NoData|TelemetryData|unsure,,,
ev-charging,schneider-electric:evp2pe,schneider-electric,evp2pe,2,firmwareUpdateModel,ManualFlash|NoUpdatePath|OtaAutomatic|OtaUserInitiated|unsure,,,
ev-charging,schneider-electric:evp2pe,schneider-electric,evp2pe,2,formFactor,Fixed|Portable|Worn|unsure,,,
ev-charging,schneider-electric:evp2pe,schneider-electric,evp2pe,2,hasWebAdminUI,true|false|unsure,,,
ev-charging,schneider-electric:evp2pe,schneider-electric,evp2pe,2,placement,Either|Indoor|Outdoor|unsure,,,
ev-charging,schneider-electric:evp2pe,schneider-electric,evp2pe,2,supportLifetime,DeclaredLifetime|UndeclaredLifetime|unsure,,,
ev-charging,schneider-electric:evw2,schneider-electric,evw2,2,actuatesPhysical,true|false|unsure,,,
ev-charging,schneider-electric:evw2,schneider-electric,evw2,2,actuationConsequence,ComfortActuation|NoActuation|PropertyActuation|SafetyActuation|unsure,,,
ev-charging,schneider-electric:evw2,schneider-electric,evw2,2,capturesAV,true|false|unsure,,,
ev-charging,schneider-electric:evw2,schneider-electric,evw2,2,cloudDependence,CloudOptional|CloudRequired|LocalOnly|unsure,,,
ev-charging,schneider-electric:evw2,schneider-electric,evw2,2,computeTier,AndroidDerived|EmbeddedLinux|McuClass|Rtos|unsure,,,
ev-charging,schneider-electric:evw2,schneider-electric,evw2,2,consumerAvailability,InstallerChannel|MixedChannel|RetailConsumer|unsure,,,
ev-charging,schneider-electric:evw2,schneider-electric,evw2,2,dataSensitivity,AvStreamData|BiometricData|NoData|TelemetryData|unsure,,,
ev-charging,schneider-electric:evw2,schneider-electric,evw2,2,firmwareUpdateModel,ManualFlash|NoUpdatePath|OtaAutomatic|OtaUserInitiated|unsure,,,
ev-charging,schneider-electric:evw2,schneider-electric,evw2,2,formFactor,Fixed|Portable|Worn|unsure,,,
ev-charging,schneider-electric:evw2,schneider-electric,evw2,2,hasWebAdminUI,true|false|unsure,,,
ev-charging,schneider-electric:evw2,schneider-electric,evw2,2,placement,Either|Indoor|Outdoor|unsure,,,
ev-charging,schneider-electric:evw2,schneider-electric,evw2,2,supportLifetime,DeclaredLifetime|UndeclaredLifetime|unsure,,,
ev-charging,tesla:wall_connector,tesla,wall_connector,2,actuatesPhysical,true|false|unsure,,,
ev-charging,tesla:wall_connector,tesla,wall_connector,2,actuationConsequence,ComfortActuation|NoActuation|PropertyActuation|SafetyActuation|unsure,,,
ev-charging,tesla:wall_connector,tesla,wall_connector,2,capturesAV,true|false|unsure,,,
ev-charging,tesla:wall_connector,tesla,wall_connector,2,cloudDependence,CloudOptional|CloudRequired|LocalOnly|unsure,,,
ev-charging,tesla:wall_connector,tesla,wall_connector,2,computeTier,AndroidDerived|EmbeddedLinux|McuClass|Rtos|unsure,,,
ev-charging,tesla:wall_connector,tesla,wall_connector,2,consumerAvailability,InstallerChannel|MixedChannel|RetailConsumer|unsure,,,
ev-charging,tesla:wall_connector,tesla,wall_connector,2,dataSensitivity,AvStreamData|BiometricData|NoData|TelemetryData|unsure,,,
ev-charging,tesla:wall_connector,tesla,wall_connector,2,firmwareUpdateModel,ManualFlash|NoUpdatePath|OtaAutomatic|OtaUserInitiated|unsure,,,
ev-charging,tesla:wall_connector,tesla,wall_connector,2,formFactor,Fixed|Portable|Worn|unsure,,,
ev-charging,tesla:wall_connector,tesla,wall_connector,2,hasWebAdminUI,true|false|unsure,,,
ev-charging,tesla:wall_connector,tesla,wall_connector,2,placement,Either|Indoor|Outdoor|unsure,,,
ev-charging,tesla:wall_connector,tesla,wall_connector,2,supportLifetime,DeclaredLifetime|UndeclaredLifetime|unsure,,,
ev-charging,vw:id.charger_connect,vw,id.charger_connect,1,actuatesPhysical,true|false|unsure,,,
ev-charging,vw:id.charger_connect,vw,id.charger_connect,1,actuationConsequence,ComfortActuation|NoActuation|PropertyActuation|SafetyActuation|unsure,,,
ev-charging,vw:id.charger_connect,vw,id.charger_connect,1,capturesAV,true|false|unsure,,,
ev-charging,vw:id.charger_connect,vw,id.charger_connect,1,cloudDependence,CloudOptional|CloudRequired|LocalOnly|unsure,,,
ev-charging,vw:id.charger_connect,vw,id.charger_connect,1,computeTier,AndroidDerived|EmbeddedLinux|McuClass|Rtos|unsure,,,
ev-charging,vw:id.charger_connect,vw,id.charger_connect,1,consumerAvailability,InstallerChannel|MixedChannel|RetailConsumer|unsure,,,
ev-charging,vw:id.charger_connect,vw,id.charger_connect,1,dataSensitivity,AvStreamData|BiometricData|NoData|TelemetryData|unsure,,,
ev-charging,vw:id.charger_connect,vw,id.charger_connect,1,firmwareUpdateModel,ManualFlash|NoUpdatePath|OtaAutomatic|OtaUserInitiated|unsure,,,
ev-charging,vw:id.charger_connect,vw,id.charger_connect,1,formFactor,Fixed|Portable|Worn|unsure,,,
ev-charging,vw:id.charger_connect,vw,id.charger_connect,1,hasWebAdminUI,true|false|unsure,,,
ev-charging,vw:id.charger_connect,vw,id.charger_connect,1,placement,Either|Indoor|Outdoor|unsure,,,
ev-charging,vw:id.charger_connect,vw,id.charger_connect,1,supportLifetime,DeclaredLifetime|UndeclaredLifetime|unsure,,,
ev-charging,vw:id.charger_pro,vw,id.charger_pro,1,actuatesPhysical,true|false|unsure,,,
ev-charging,vw:id.charger_pro,vw,id.charger_pro,1,actuationConsequence,ComfortActuation|NoActuation|PropertyActuation|SafetyActuation|unsure,,,
ev-charging,vw:id.charger_pro,vw,id.charger_pro,1,capturesAV,true|false|unsure,,,
ev-charging,vw:id.charger_pro,vw,id.charger_pro,1,cloudDependence,CloudOptional|CloudRequired|LocalOnly|unsure,,,
ev-charging,vw:id.charger_pro,vw,id.charger_pro,1,computeTier,AndroidDerived|EmbeddedLinux|McuClass|Rtos|unsure,,,
ev-charging,vw:id.charger_pro,vw,id.charger_pro,1,consumerAvailability,InstallerChannel|MixedChannel|RetailConsumer|unsure,,,
ev-charging,vw:id.charger_pro,vw,id.charger_pro,1,dataSensitivity,AvStreamData|BiometricData|NoData|TelemetryData|unsure,,,
ev-charging,vw:id.charger_pro,vw,id.charger_pro,1,firmwareUpdateModel,ManualFlash|NoUpdatePath|OtaAutomatic|OtaUserInitiated|unsure,,,
ev-charging,vw:id.charger_pro,vw,id.charger_pro,1,formFactor,Fixed|Portable|Worn|unsure,,,
ev-charging,vw:id.charger_pro,vw,id.charger_pro,1,hasWebAdminUI,true|false|unsure,,,
ev-charging,vw:id.charger_pro,vw,id.charger_pro,1,placement,Either|Indoor|Outdoor|unsure,,,
ev-charging,vw:id.charger_pro,vw,id.charger_pro,1,supportLifetime,DeclaredLifetime|UndeclaredLifetime|unsure,,,
ev-charging,wolfbox:level_2_ev_charger,wolfbox,level_2_ev_charger,5,actuatesPhysical,true|false|unsure,,,
ev-charging,wolfbox:level_2_ev_charger,wolfbox,level_2_ev_charger,5,actuationConsequence,ComfortActuation|NoActuation|PropertyActuation|SafetyActuation|unsure,,,
ev-charging,wolfbox:level_2_ev_charger,wolfbox,level_2_ev_charger,5,capturesAV,true|false|unsure,,,
ev-charging,wolfbox:level_2_ev_charger,wolfbox,level_2_ev_charger,5,cloudDependence,CloudOptional|CloudRequired|LocalOnly|unsure,,,
ev-charging,wolfbox:level_2_ev_charger,wolfbox,level_2_ev_charger,5,computeTier,AndroidDerived|EmbeddedLinux|McuClass|Rtos|unsure,,,
ev-charging,wolfbox:level_2_ev_charger,wolfbox,level_2_ev_charger,5,consumerAvailability,InstallerChannel|MixedChannel|RetailConsumer|unsure,,,
ev-charging,wolfbox:level_2_ev_charger,wolfbox,level_2_ev_charger,5,dataSensitivity,AvStreamData|BiometricData|NoData|TelemetryData|unsure,,,
ev-charging,wolfbox:level_2_ev_charger,wolfbox,level_2_ev_charger,5,firmwareUpdateModel,ManualFlash|NoUpdatePath|OtaAutomatic|OtaUserInitiated|unsure,,,
ev-charging,wolfbox:level_2_ev_charger,wolfbox,level_2_ev_charger,5,formFactor,Fixed|Portable|Worn|unsure,,,
ev-charging,wolfbox:level_2_ev_charger,wolfbox,level_2_ev_charger,5,hasWebAdminUI,true|false|unsure,,,
ev-charging,wolfbox:level_2_ev_charger,wolfbox,level_2_ev_charger,5,placement,Either|Indoor|Outdoor|unsure,,,
ev-charging,wolfbox:level_2_ev_charger,wolfbox,level_2_ev_charger,5,supportLifetime,DeclaredLifetime|UndeclaredLifetime|unsure,,,
hub,aqara:camera_hub_g3,aqara,camera_hub_g3,8,actuatesPhysical,true|false|unsure,,,
hub,aqara:camera_hub_g3,aqara,camera_hub_g3,8,actuationConsequence,ComfortActuation|NoActuation|PropertyActuation|SafetyActuation|unsure,,,
hub,aqara:camera_hub_g3,aqara,camera_hub_g3,8,capturesAV,true|false|unsure,,,
hub,aqara:camera_hub_g3,aqara,camera_hub_g3,8,cloudDependence,CloudOptional|CloudRequired|LocalOnly|unsure,,,
hub,aqara:camera_hub_g3,aqara,camera_hub_g3,8,computeTier,AndroidDerived|EmbeddedLinux|McuClass|Rtos|unsure,,,
hub,aqara:camera_hub_g3,aqara,camera_hub_g3,8,consumerAvailability,InstallerChannel|MixedChannel|RetailConsumer|unsure,,,
hub,aqara:camera_hub_g3,aqara,camera_hub_g3,8,dataSensitivity,AvStreamData|BiometricData|NoData|TelemetryData|unsure,,,
hub,aqara:camera_hub_g3,aqara,camera_hub_g3,8,firmwareUpdateModel,ManualFlash|NoUpdatePath|OtaAutomatic|OtaUserInitiated|unsure,,,
hub,aqara:camera_hub_g3,aqara,camera_hub_g3,8,formFactor,Fixed|Portable|Worn|unsure,,,
hub,aqara:camera_hub_g3,aqara,camera_hub_g3,8,hasWebAdminUI,true|false|unsure,,,
hub,aqara:camera_hub_g3,aqara,camera_hub_g3,8,placement,Either|Indoor|Outdoor|unsure,,,
hub,aqara:camera_hub_g3,aqara,camera_hub_g3,8,supportLifetime,DeclaredLifetime|UndeclaredLifetime|unsure,,,
hub,aqara:hub_m2,aqara,hub_m2,7,actuatesPhysical,true|false|unsure,,,
hub,aqara:hub_m2,aqara,hub_m2,7,actuationConsequence,ComfortActuation|NoActuation|PropertyActuation|SafetyActuation|unsure,,,
hub,aqara:hub_m2,aqara,hub_m2,7,capturesAV,true|false|unsure,,,
hub,aqara:hub_m2,aqara,hub_m2,7,cloudDependence,CloudOptional|CloudRequired|LocalOnly|unsure,,,
hub,aqara:hub_m2,aqara,hub_m2,7,computeTier,AndroidDerived|EmbeddedLinux|McuClass|Rtos|unsure,,,
hub,aqara:hub_m2,aqara,hub_m2,7,consumerAvailability,InstallerChannel|MixedChannel|RetailConsumer|unsure,,,
hub,aqara:hub_m2,aqara,hub_m2,7,dataSensitivity,AvStreamData|BiometricData|NoData|TelemetryData|unsure,,,
hub,aqara:hub_m2,aqara,hub_m2,7,firmwareUpdateModel,ManualFlash|NoUpdatePath|OtaAutomatic|OtaUserInitiated|unsure,,,
hub,aqara:hub_m2,aqara,hub_m2,7,formFactor,Fixed|Portable|Worn|unsure,,,
hub,aqara:hub_m2,aqara,hub_m2,7,hasWebAdminUI,true|false|unsure,,,
hub,aqara:hub_m2,aqara,hub_m2,7,placement,Either|Indoor|Outdoor|unsure,,,
hub,aqara:hub_m2,aqara,hub_m2,7,supportLifetime,DeclaredLifetime|UndeclaredLifetime|unsure,,,
hub,aqara:hub_m3,aqara,hub_m3,7,actuatesPhysical,true|false|unsure,,,
hub,aqara:hub_m3,aqara,hub_m3,7,actuationConsequence,ComfortActuation|NoActuation|PropertyActuation|SafetyActuation|unsure,,,
hub,aqara:hub_m3,aqara,hub_m3,7,capturesAV,true|false|unsure,,,
hub,aqara:hub_m3,aqara,hub_m3,7,cloudDependence,CloudOptional|CloudRequired|LocalOnly|unsure,,,
hub,aqara:hub_m3,aqara,hub_m3,7,computeTier,AndroidDerived|EmbeddedLinux|McuClass|Rtos|unsure,,,
hub,aqara:hub_m3,aqara,hub_m3,7,consumerAvailability,InstallerChannel|MixedChannel|RetailConsumer|unsure,,,
hub,aqara:hub_m3,aqara,hub_m3,7,dataSensitivity,AvStreamData|BiometricData|NoData|TelemetryData|unsure,,,
hub,aqara:hub_m3,aqara,hub_m3,7,firmwareUpdateModel,ManualFlash|NoUpdatePath|OtaAutomatic|OtaUserInitiated|unsure,,,
hub,aqara:hub_m3,aqara,hub_m3,7,formFactor,Fixed|Portable|Worn|unsure,,,
hub,aqara:hub_m3,aqara,hub_m3,7,hasWebAdminUI,true|false|unsure,,,
hub,aqara:hub_m3,aqara,hub_m3,7,placement,Either|Indoor|Outdoor|unsure,,,
hub,aqara:hub_m3,aqara,hub_m3,7,supportLifetime,DeclaredLifetime|UndeclaredLifetime|unsure,,,
hub,bosch:smart_home_controller,bosch,smart_home_controller,6,actuatesPhysical,true|false|unsure,,,
hub,bosch:smart_home_controller,bosch,smart_home_controller,6,actuationConsequence,ComfortActuation|NoActuation|PropertyActuation|SafetyActuation|unsure,,,
hub,bosch:smart_home_controller,bosch,smart_home_controller,6,capturesAV,true|false|unsure,,,
hub,bosch:smart_home_controller,bosch,smart_home_controller,6,cloudDependence,CloudOptional|CloudRequired|LocalOnly|unsure,,,
hub,bosch:smart_home_controller,bosch,smart_home_controller,6,computeTier,AndroidDerived|EmbeddedLinux|McuClass|Rtos|unsure,,,
hub,bosch:smart_home_controller,bosch,smart_home_controller,6,consumerAvailability,InstallerChannel|MixedChannel|RetailConsumer|unsure,,,
hub,bosch:smart_home_controller,bosch,smart_home_controller,6,dataSensitivity,AvStreamData|BiometricData|NoData|TelemetryData|unsure,,,
hub,bosch:smart_home_controller,bosch,smart_home_controller,6,firmwareUpdateModel,ManualFlash|NoUpdatePath|OtaAutomatic|OtaUserInitiated|unsure,,,
hub,bosch:smart_home_controller,bosch,smart_home_controller,6,formFactor,Fixed|Portable|Worn|unsure,,,
hub,bosch:smart_home_controller,bosch,smart_home_controller,6,hasWebAdminUI,true|false|unsure,,,
hub,bosch:smart_home_controller,bosch,smart_home_controller,6,placement,Either|Indoor|Outdoor|unsure,,,
hub,bosch:smart_home_controller,bosch,smart_home_controller,6,supportLifetime,DeclaredLifetime|UndeclaredLifetime|unsure,,,
hub,eve:eve_door_and_window,eve,eve_door_and_window,1,actuatesPhysical,true|false|unsure,,,
hub,eve:eve_door_and_window,eve,eve_door_and_window,1,actuationConsequence,ComfortActuation|NoActuation|PropertyActuation|SafetyActuation|unsure,,,
hub,eve:eve_door_and_window,eve,eve_door_and_window,1,capturesAV,true|false|unsure,,,
hub,eve:eve_door_and_window,eve,eve_door_and_window,1,cloudDependence,CloudOptional|CloudRequired|LocalOnly|unsure,,,
hub,eve:eve_door_and_window,eve,eve_door_and_window,1,computeTier,AndroidDerived|EmbeddedLinux|McuClass|Rtos|unsure,,,
hub,eve:eve_door_and_window,eve,eve_door_and_window,1,consumerAvailability,InstallerChannel|MixedChannel|RetailConsumer|unsure,,,
hub,eve:eve_door_and_window,eve,eve_door_and_window,1,dataSensitivity,AvStreamData|BiometricData|NoData|TelemetryData|unsure,,,
hub,eve:eve_door_and_window,eve,eve_door_and_window,1,firmwareUpdateModel,ManualFlash|NoUpdatePath|OtaAutomatic|OtaUserInitiated|unsure,,,
hub,eve:eve_door_and_window,eve,eve_door_and_window,1,formFactor,Fixed|Portable|Worn|unsure,,,
hub,eve:eve_door_and_window,eve,eve_door_and_window,1,hasWebAdminUI,true|false|unsure,,,
hub,eve:eve_door_and_window,eve,eve_door_and_window,1,placement,Either|Indoor|Outdoor|unsure,,,
hub,eve:eve_door_and_window,eve,eve_door_and_window,1,supportLifetime,DeclaredLifetime|UndeclaredLifetime|unsure,,,
hub,fibaro:home_center_2,fibaro,home_center_2,4,actuatesPhysical,true|false|unsure,,,
hub,fibaro:home_center_2,fibaro,home_center_2,4,actuationConsequence,ComfortActuation|NoActuation|PropertyActuation|SafetyActuation|unsure,,,
hub,fibaro:home_center_2,fibaro,home_center_2,4,capturesAV,true|false|unsure,,,
hub,fibaro:home_center_2,fibaro,home_center_2,4,cloudDependence,CloudOptional|CloudRequired|LocalOnly|unsure,,,
hub,fibaro:home_center_2,fibaro,home_center_2,4,computeTier,AndroidDerived|EmbeddedLinux|McuClass|Rtos|unsure,,,
hub,fibaro:home_center_2,fibaro,home_center_2,4,consumerAvailability,InstallerChannel|MixedChannel|RetailConsumer|unsure,,,
hub,fibaro:home_center_2,fibaro,home_center_2,4,dataSensitivity,AvStreamData|BiometricData|NoData|TelemetryData|unsure,,,
hub,fibaro:home_center_2,fibaro,home_center_2,4,firmwareUpdateModel,ManualFlash|NoUpdatePath|OtaAutomatic|OtaUserInitiated|unsure,,,
hub,fibaro:home_center_2,fibaro,home_center_2,4,formFactor,Fixed|Portable|Worn|unsure,,,
hub,fibaro:home_center_2,fibaro,home_center_2,4,hasWebAdminUI,true|false|unsure,,,
hub,fibaro:home_center_2,fibaro,home_center_2,4,placement,Either|Indoor|Outdoor|unsure,,,
hub,fibaro:home_center_2,fibaro,home_center_2,4,supportLifetime,DeclaredLifetime|UndeclaredLifetime|unsure,,,
hub,fibaro:home_center_lite,fibaro,home_center_lite,4,actuatesPhysical,true|false|unsure,,,
hub,fibaro:home_center_lite,fibaro,home_center_lite,4,actuationConsequence,ComfortActuation|NoActuation|PropertyActuation|SafetyActuation|unsure,,,
hub,fibaro:home_center_lite,fibaro,home_center_lite,4,capturesAV,true|false|unsure,,,
hub,fibaro:home_center_lite,fibaro,home_center_lite,4,cloudDependence,CloudOptional|CloudRequired|LocalOnly|unsure,,,
hub,fibaro:home_center_lite,fibaro,home_center_lite,4,computeTier,AndroidDerived|EmbeddedLinux|McuClass|Rtos|unsure,,,
hub,fibaro:home_center_lite,fibaro,home_center_lite,4,consumerAvailability,InstallerChannel|MixedChannel|RetailConsumer|unsure,,,
hub,fibaro:home_center_lite,fibaro,home_center_lite,4,dataSensitivity,AvStreamData|BiometricData|NoData|TelemetryData|unsure,,,
hub,fibaro:home_center_lite,fibaro,home_center_lite,4,firmwareUpdateModel,ManualFlash|NoUpdatePath|OtaAutomatic|OtaUserInitiated|unsure,,,
hub,fibaro:home_center_lite,fibaro,home_center_lite,4,formFactor,Fixed|Portable|Worn|unsure,,,
hub,fibaro:home_center_lite,fibaro,home_center_lite,4,hasWebAdminUI,true|false|unsure,,,
hub,fibaro:home_center_lite,fibaro,home_center_lite,4,placement,Either|Indoor|Outdoor|unsure,,,
hub,fibaro:home_center_lite,fibaro,home_center_lite,4,supportLifetime,DeclaredLifetime|UndeclaredLifetime|unsure,,,
hub,getvera:vera_edge,getvera,vera_edge,2,actuatesPhysical,true|false|unsure,,,
hub,getvera:vera_edge,getvera,vera_edge,2,actuationConsequence,ComfortActuation|NoActuation|PropertyActuation|SafetyActuation|unsure,,,
hub,getvera:vera_edge,getvera,vera_edge,2,capturesAV,true|false|unsure,,,
hub,getvera:vera_edge,getvera,vera_edge,2,cloudDependence,CloudOptional|CloudRequired|LocalOnly|unsure,,,
hub,getvera:vera_edge,getvera,vera_edge,2,computeTier,AndroidDerived|EmbeddedLinux|McuClass|Rtos|unsure,,,
hub,getvera:vera_edge,getvera,vera_edge,2,consumerAvailability,InstallerChannel|MixedChannel|RetailConsumer|unsure,,,
hub,getvera:vera_edge,getvera,vera_edge,2,dataSensitivity,AvStreamData|BiometricData|NoData|TelemetryData|unsure,,,
hub,getvera:vera_edge,getvera,vera_edge,2,firmwareUpdateModel,ManualFlash|NoUpdatePath|OtaAutomatic|OtaUserInitiated|unsure,,,
hub,getvera:vera_edge,getvera,vera_edge,2,formFactor,Fixed|Portable|Worn|unsure,,,
hub,getvera:vera_edge,getvera,vera_edge,2,hasWebAdminUI,true|false|unsure,,,
hub,getvera:vera_edge,getvera,vera_edge,2,placement,Either|Indoor|Outdoor|unsure,,,
hub,getvera:vera_edge,getvera,vera_edge,2,supportLifetime,DeclaredLifetime|UndeclaredLifetime|unsure,,,
hub,getvera:veraedge,getvera,veraedge,12,actuatesPhysical,true|false|unsure,,,
hub,getvera:veraedge,getvera,veraedge,12,actuationConsequence,ComfortActuation|NoActuation|PropertyActuation|SafetyActuation|unsure,,,
hub,getvera:veraedge,getvera,veraedge,12,capturesAV,true|false|unsure,,,
hub,getvera:veraedge,getvera,veraedge,12,cloudDependence,CloudOptional|CloudRequired|LocalOnly|unsure,,,
hub,getvera:veraedge,getvera,veraedge,12,computeTier,AndroidDerived|EmbeddedLinux|McuClass|Rtos|unsure,,,
hub,getvera:veraedge,getvera,veraedge,12,consumerAvailability,InstallerChannel|MixedChannel|RetailConsumer|unsure,,,
hub,getvera:veraedge,getvera,veraedge,12,dataSensitivity,AvStreamData|BiometricData|NoData|TelemetryData|unsure,,,
hub,getvera:veraedge,getvera,veraedge,12,firmwareUpdateModel,ManualFlash|NoUpdatePath|OtaAutomatic|OtaUserInitiated|unsure,,,
hub,getvera:veraedge,getvera,veraedge,12,formFactor,Fixed|Portable|Worn|unsure,,,
hub,getvera:veraedge,getvera,veraedge,12,hasWebAdminUI,true|false|unsure,,,
hub,getvera:veraedge,getvera,veraedge,12,placement,Either|Indoor|Outdoor|unsure,,,
hub,getvera:veraedge,getvera,veraedge,12,supportLifetime,DeclaredLifetime|UndeclaredLifetime|unsure,,,
hub,getvera:veralite,getvera,veralite,12,actuatesPhysical,true|false|unsure,,,
hub,getvera:veralite,getvera,veralite,12,actuationConsequence,ComfortActuation|NoActuation|PropertyActuation|SafetyActuation|unsure,,,
hub,getvera:veralite,getvera,veralite,12,capturesAV,true|false|unsure,,,
hub,getvera:veralite,getvera,veralite,12,cloudDependence,CloudOptional|CloudRequired|LocalOnly|unsure,,,
hub,getvera:veralite,getvera,veralite,12,computeTier,AndroidDerived|EmbeddedLinux|McuClass|Rtos|unsure,,,
hub,getvera:veralite,getvera,veralite,12,consumerAvailability,InstallerChannel|MixedChannel|RetailConsumer|unsure,,,
hub,getvera:veralite,getvera,veralite,12,dataSensitivity,AvStreamData|BiometricData|NoData|TelemetryData|unsure,,,
hub,getvera:veralite,getvera,veralite,12,firmwareUpdateModel,ManualFlash|NoUpdatePath|OtaAutomatic|OtaUserInitiated|unsure,,,
hub,getvera:veralite,getvera,veralite,12,formFactor,Fixed|Portable|Worn|unsure,,,
hub,getvera:veralite,getvera,veralite,12,hasWebAdminUI,true|false|unsure,,,
hub,getvera:veralite,getvera,veralite,12,placement,Either|Indoor|Outdoor|unsure,,,
hub,getvera:veralite,getvera,veralite,12,supportLifetime,DeclaredLifetime|UndeclaredLifetime|unsure,,,
hub,govee:led_strip,govee,led_strip,1,actuatesPhysical,true|false|unsure,,,
hub,govee:led_strip,govee,led_strip,1,actuationConsequence,ComfortActuation|NoActuation|PropertyActuation|SafetyActuation|unsure,,,
hub,govee:led_strip,govee,led_strip,1,capturesAV,true|false|unsure,,,
hub,govee:led_strip,govee,led_strip,1,cloudDependence,CloudOptional|CloudRequired|LocalOnly|unsure,,,
hub,govee:led_strip,govee,led_strip,1,computeTier,AndroidDerived|EmbeddedLinux|McuClass|Rtos|unsure,,,
hub,govee:led_strip,govee,led_strip,1,consumerAvailability,InstallerChannel|MixedChannel|RetailConsumer|unsure,,,
hub,govee:led_strip,govee,led_strip,1,dataSensitivity,AvStreamData|BiometricData|NoData|TelemetryData|unsure,,,
hub,govee:led_strip,govee,led_strip,1,firmwareUpdateModel,ManualFlash|NoUpdatePath|OtaAutomatic|OtaUserInitiated|unsure,,,
hub,govee:led_strip,govee,led_strip,1,formFactor,Fixed|Portable|Worn|unsure,,,
hub,govee:led_strip,govee,led_strip,1,hasWebAdminUI,true|false|unsure,,,
hub,govee:led_strip,govee,led_strip,1,placement,Either|Indoor|Outdoor|unsure,,,
hub,govee:led_strip,govee,led_strip,1,supportLifetime,DeclaredLifetime|UndeclaredLifetime|unsure,,,
hub,homey:homey,homey,homey,2,actuatesPhysical,true|false|unsure,,,
hub,homey:homey,homey,homey,2,actuationConsequence,ComfortActuation|NoActuation|PropertyActuation|SafetyActuation|unsure,,,
hub,homey:homey,homey,homey,2,capturesAV,true|false|unsure,,,
hub,homey:homey,homey,homey,2,cloudDependence,CloudOptional|CloudRequired|LocalOnly|unsure,,,
hub,homey:homey,homey,homey,2,computeTier,AndroidDerived|EmbeddedLinux|McuClass|Rtos|unsure,,,
hub,homey:homey,homey,homey,2,consumerAvailability,InstallerChannel|MixedChannel|RetailConsumer|unsure,,,
hub,homey:homey,homey,homey,2,dataSensitivity,AvStreamData|BiometricData|NoData|TelemetryData|unsure,,,
hub,homey:homey,homey,homey,2,firmwareUpdateModel,ManualFlash|NoUpdatePath|OtaAutomatic|OtaUserInitiated|unsure,,,
hub,homey:homey,homey,homey,2,formFactor,Fixed|Portable|Worn|unsure,,,
hub,homey:homey,homey,homey,2,hasWebAdminUI,true|false|unsure,,,
hub,homey:homey,homey,homey,2,placement,Either|Indoor|Outdoor|unsure,,,
hub,homey:homey,homey,homey,2,supportLifetime,DeclaredLifetime|UndeclaredLifetime|unsure,,,
hub,homey:homey_pro,homey,homey_pro,2,actuatesPhysical,true|false|unsure,,,
hub,homey:homey_pro,homey,homey_pro,2,actuationConsequence,ComfortActuation|NoActuation|PropertyActuation|SafetyActuation|unsure,,,
hub,homey:homey_pro,homey,homey_pro,2,capturesAV,true|false|unsure,,,
hub,homey:homey_pro,homey,homey_pro,2,cloudDependence,CloudOptional|CloudRequired|LocalOnly|unsure,,,
hub,homey:homey_pro,homey,homey_pro,2,computeTier,AndroidDerived|EmbeddedLinux|McuClass|Rtos|unsure,,,
hub,homey:homey_pro,homey,homey_pro,2,consumerAvailability,InstallerChannel|MixedChannel|RetailConsumer|unsure,,,
hub,homey:homey_pro,homey,homey_pro,2,dataSensitivity,AvStreamData|BiometricData|NoData|TelemetryData|unsure,,,
hub,homey:homey_pro,homey,homey_pro,2,firmwareUpdateModel,ManualFlash|NoUpdatePath|OtaAutomatic|OtaUserInitiated|unsure,,,
hub,homey:homey_pro,homey,homey_pro,2,formFactor,Fixed|Portable|Worn|unsure,,,
hub,homey:homey_pro,homey,homey_pro,2,hasWebAdminUI,true|false|unsure,,,
hub,homey:homey_pro,homey,homey_pro,2,placement,Either|Indoor|Outdoor|unsure,,,
hub,homey:homey_pro,homey,homey_pro,2,supportLifetime,DeclaredLifetime|UndeclaredLifetime|unsure,,,
hub,ikea:dirigera,ikea,dirigera,1,actuatesPhysical,true|false|unsure,,,
hub,ikea:dirigera,ikea,dirigera,1,actuationConsequence,ComfortActuation|NoActuation|PropertyActuation|SafetyActuation|unsure,,,
hub,ikea:dirigera,ikea,dirigera,1,capturesAV,true|false|unsure,,,
hub,ikea:dirigera,ikea,dirigera,1,cloudDependence,CloudOptional|CloudRequired|LocalOnly|unsure,,,
hub,ikea:dirigera,ikea,dirigera,1,computeTier,AndroidDerived|EmbeddedLinux|McuClass|Rtos|unsure,,,
hub,ikea:dirigera,ikea,dirigera,1,consumerAvailability,InstallerChannel|MixedChannel|RetailConsumer|unsure,,,
hub,ikea:dirigera,ikea,dirigera,1,dataSensitivity,AvStreamData|BiometricData|NoData|TelemetryData|unsure,,,
hub,ikea:dirigera,ikea,dirigera,1,firmwareUpdateModel,ManualFlash|NoUpdatePath|OtaAutomatic|OtaUserInitiated|unsure,,,
hub,ikea:dirigera,ikea,dirigera,1,formFactor,Fixed|Portable|Worn|unsure,,,
hub,ikea:dirigera,ikea,dirigera,1,hasWebAdminUI,true|false|unsure,,,
hub,ikea:dirigera,ikea,dirigera,1,placement,Either|Indoor|Outdoor|unsure,,,
hub,ikea:dirigera,ikea,dirigera,1,supportLifetime,DeclaredLifetime|UndeclaredLifetime|unsure,,,
hub,ikea:tradfri_gateway_e1526,ikea,tradfri_gateway_e1526,1,actuatesPhysical,true|false|unsure,,,
hub,ikea:tradfri_gateway_e1526,ikea,tradfri_gateway_e1526,1,actuationConsequence,ComfortActuation|NoActuation|PropertyActuation|SafetyActuation|unsure,,,
hub,ikea:tradfri_gateway_e1526,ikea,tradfri_gateway_e1526,1,capturesAV,true|false|unsure,,,
hub,ikea:tradfri_gateway_e1526,ikea,tradfri_gateway_e1526,1,cloudDependence,CloudOptional|CloudRequired|LocalOnly|unsure,,,
hub,ikea:tradfri_gateway_e1526,ikea,tradfri_gateway_e1526,1,computeTier,AndroidDerived|EmbeddedLinux|McuClass|Rtos|unsure,,,
hub,ikea:tradfri_gateway_e1526,ikea,tradfri_gateway_e1526,1,consumerAvailability,InstallerChannel|MixedChannel|RetailConsumer|unsure,,,
hub,ikea:tradfri_gateway_e1526,ikea,tradfri_gateway_e1526,1,dataSensitivity,AvStreamData|BiometricData|NoData|TelemetryData|unsure,,,
hub,ikea:tradfri_gateway_e1526,ikea,tradfri_gateway_e1526,1,firmwareUpdateModel,ManualFlash|NoUpdatePath|OtaAutomatic|OtaUserInitiated|unsure,,,
hub,ikea:tradfri_gateway_e1526,ikea,tradfri_gateway_e1526,1,formFactor,Fixed|Portable|Worn|unsure,,,
hub,ikea:tradfri_gateway_e1526,ikea,tradfri_gateway_e1526,1,hasWebAdminUI,true|false|unsure,,,
hub,ikea:tradfri_gateway_e1526,ikea,tradfri_gateway_e1526,1,placement,Either|Indoor|Outdoor|unsure,,,
hub,ikea:tradfri_gateway_e1526,ikea,tradfri_gateway_e1526,1,supportLifetime,DeclaredLifetime|UndeclaredLifetime|unsure,,,
hub,insteon:hub,insteon,hub,97,actuatesPhysical,true|false|unsure,,,
hub,insteon:hub,insteon,hub,97,actuationConsequence,ComfortActuation|NoActuation|PropertyActuation|SafetyActuation|unsure,,,
hub,insteon:hub,insteon,hub,97,capturesAV,true|false|unsure,,,
hub,insteon:hub,insteon,hub,97,cloudDependence,CloudOptional|CloudRequired|LocalOnly|unsure,,,
hub,insteon:hub,insteon,hub,97,computeTier,AndroidDerived|EmbeddedLinux|McuClass|Rtos|unsure,,,
hub,insteon:hub,insteon,hub,97,consumerAvailability,InstallerChannel|MixedChannel|RetailConsumer|unsure,,,
hub,insteon:hub,insteon,hub,97,dataSensitivity,AvStreamData|BiometricData|NoData|TelemetryData|unsure,,,
hub,insteon:hub,insteon,hub,97,firmwareUpdateModel,ManualFlash|NoUpdatePath|OtaAutomatic|OtaUserInitiated|unsure,,,
hub,insteon:hub,insteon,hub,97,formFactor,Fixed|Portable|Worn|unsure,,,
hub,insteon:hub,insteon,hub,97,hasWebAdminUI,true|false|unsure,,,
hub,insteon:hub,insteon,hub,97,placement,Either|Indoor|Outdoor|unsure,,,
hub,insteon:hub,insteon,hub,97,supportLifetime,DeclaredLifetime|UndeclaredLifetime|unsure,,,
hub,insteon:hub_2245-222,insteon,hub_2245-222,7,actuatesPhysical,true|false|unsure,,,
hub,insteon:hub_2245-222,insteon,hub_2245-222,7,actuationConsequence,ComfortActuation|NoActuation|PropertyActuation|SafetyActuation|unsure,,,
hub,insteon:hub_2245-222,insteon,hub_2245-222,7,capturesAV,true|false|unsure,,,
hub,insteon:hub_2245-222,insteon,hub_2245-222,7,cloudDependence,CloudOptional|CloudRequired|LocalOnly|unsure,,,
hub,insteon:hub_2245-222,insteon,hub_2245-222,7,computeTier,AndroidDerived|EmbeddedLinux|McuClass|Rtos|unsure,,,
hub,insteon:hub_2245-222,insteon,hub_2245-222,7,consumerAvailability,InstallerChannel|MixedChannel|RetailConsumer|unsure,,,
hub,insteon:hub_2245-222,insteon,hub_2245-222,7,dataSensitivity,AvStreamData|BiometricData|NoData|TelemetryData|unsure,,,
hub,insteon:hub_2245-222,insteon,hub_2245-222,7,firmwareUpdateModel,ManualFlash|NoUpdatePath|OtaAutomatic|OtaUserInitiated|unsure,,,
hub,insteon:hub_2245-222,insteon,hub_2245-222,7,formFactor,Fixed|Portable|Worn|unsure,,,
hub,insteon:hub_2245-222,insteon,hub_2245-222,7,hasWebAdminUI,true|false|unsure,,,
hub,insteon:hub_2245-222,insteon,hub_2245-222,7,placement,Either|Indoor|Outdoor|unsure,,,
hub,insteon:hub_2245-222,insteon,hub_2245-222,7,supportLifetime,DeclaredLifetime|UndeclaredLifetime|unsure,,,
hub,insteon:insteon_hub,insteon,insteon_hub,8,actuatesPhysical,true|false|unsure,,,
hub,insteon:insteon_hub,insteon,insteon_hub,8,actuationConsequence,ComfortActuation|NoActuation|PropertyActuation|SafetyActuation|unsure,,,
hub,insteon:insteon_hub,insteon,insteon_hub,8,capturesAV,true|false|unsure,,,
hub,insteon:insteon_hub,insteon,insteon_hub,8,cloudDependence,CloudOptional|CloudRequired|LocalOnly|unsure,,,
hub,insteon:insteon_hub,insteon,insteon_hub,8,computeTier,AndroidDerived|EmbeddedLinux|McuClass|Rtos|unsure,,,
hub,insteon:insteon_hub,insteon,insteon_hub,8,consumerAvailability,InstallerChannel|MixedChannel|RetailConsumer|unsure,,,
hub,insteon:insteon_hub,insteon,insteon_hub,8,dataSensitivity,AvStreamData|BiometricData|NoData|TelemetryData|unsure,,,
hub,insteon:insteon_hub,insteon,insteon_hub,8,firmwareUpdateModel,ManualFlash|NoUpdatePath|OtaAutomatic|OtaUserInitiated|unsure,,,
hub,insteon:insteon_hub,insteon,insteon_hub,8,formFactor,Fixed|Portable|Worn|unsure,,,
hub,insteon:insteon_hub,insteon,insteon_hub,8,hasWebAdminUI,true|false|unsure,,,
hub,insteon:insteon_hub,insteon,insteon_hub,8,placement,Either|Indoor|Outdoor|unsure,,,
hub,insteon:insteon_hub,insteon,insteon_hub,8,supportLifetime,DeclaredLifetime|UndeclaredLifetime|unsure,,,
hub,logitech:harmony_hub,logitech,harmony_hub,4,actuatesPhysical,true|false|unsure,,,
hub,logitech:harmony_hub,logitech,harmony_hub,4,actuationConsequence,ComfortActuation|NoActuation|PropertyActuation|SafetyActuation|unsure,,,
hub,logitech:harmony_hub,logitech,harmony_hub,4,capturesAV,true|false|unsure,,,
hub,logitech:harmony_hub,logitech,harmony_hub,4,cloudDependence,CloudOptional|CloudRequired|LocalOnly|unsure,,,
hub,logitech:harmony_hub,logitech,harmony_hub,4,computeTier,AndroidDerived|EmbeddedLinux|McuClass|Rtos|unsure,,,
hub,logitech:harmony_hub,logitech,harmony_hub,4,consumerAvailability,InstallerChannel|MixedChannel|RetailConsumer|unsure,,,
hub,logitech:harmony_hub,logitech,harmony_hub,4,dataSensitivity,AvStreamData|BiometricData|NoData|TelemetryData|unsure,,,
hub,logitech:harmony_hub,logitech,harmony_hub,4,firmwareUpdateModel,ManualFlash|NoUpdatePath|OtaAutomatic|OtaUserInitiated|unsure,,,
hub,logitech:harmony_hub,logitech,harmony_hub,4,formFactor,Fixed|Portable|Worn|unsure,,,
hub,logitech:harmony_hub,logitech,harmony_hub,4,hasWebAdminUI,true|false|unsure,,,
hub,logitech:harmony_hub,logitech,harmony_hub,4,placement,Either|Indoor|Outdoor|unsure,,,
hub,logitech:harmony_hub,logitech,harmony_hub,4,supportLifetime,DeclaredLifetime|UndeclaredLifetime|unsure,,,
hub,micasaverde:veralite,micasaverde,veralite,5,actuatesPhysical,true|false|unsure,,,
hub,micasaverde:veralite,micasaverde,veralite,5,actuationConsequence,ComfortActuation|NoActuation|PropertyActuation|SafetyActuation|unsure,,,
hub,micasaverde:veralite,micasaverde,veralite,5,capturesAV,true|false|unsure,,,
hub,micasaverde:veralite,micasaverde,veralite,5,cloudDependence,CloudOptional|CloudRequired|LocalOnly|unsure,,,
hub,micasaverde:veralite,micasaverde,veralite,5,computeTier,AndroidDerived|EmbeddedLinux|McuClass|Rtos|unsure,,,
hub,micasaverde:veralite,micasaverde,veralite,5,consumerAvailability,InstallerChannel|MixedChannel|RetailConsumer|unsure,,,
hub,micasaverde:veralite,micasaverde,veralite,5,dataSensitivity,AvStreamData|BiometricData|NoData|TelemetryData|unsure,,,
hub,micasaverde:veralite,micasaverde,veralite,5,firmwareUpdateModel,ManualFlash|NoUpdatePath|OtaAutomatic|OtaUserInitiated|unsure,,,
hub,micasaverde:veralite,micasaverde,veralite,5,formFactor,Fixed|Portable|Worn|unsure,,,
hub,micasaverde:veralite,micasaverde,veralite,5,hasWebAdminUI,true|false|unsure,,,
hub,micasaverde:veralite,micasaverde,veralite,5,placement,Either|Indoor|Outdoor|unsure,,,
hub,micasaverde:veralite,micasaverde,veralite,5,supportLifetime,DeclaredLifetime|UndeclaredLifetime|unsure,,,
hub,miele:xgw_3000_zigbee_gateway,miele,xgw_3000_zigbee_gateway,2,actuatesPhysical,true|false|unsure,,,
hub,miele:xgw_3000_zigbee_gateway,miele,xgw_3000_zigbee_gateway,2,actuationConsequence,ComfortActuation|NoActuation|PropertyActuation|SafetyActuation|unsure,,,
hub,miele:xgw_3000_zigbee_gateway,miele,xgw_3000_zigbee_gateway,2,capturesAV,true|false|unsure,,,
hub,miele:xgw_3000_zigbee_gateway,miele,xgw_3000_zigbee_gateway,2,cloudDependence,CloudOptional|CloudRequired|LocalOnly|unsure,,,
hub,miele:xgw_3000_zigbee_gateway,miele,xgw_3000_zigbee_gateway,2,computeTier,AndroidDerived|EmbeddedLinux|McuClass|Rtos|unsure,,,
hub,miele:xgw_3000_zigbee_gateway,miele,xgw_3000_zigbee_gateway,2,consumerAvailability,InstallerChannel|MixedChannel|RetailConsumer|unsure,,,
hub,miele:xgw_3000_zigbee_gateway,miele,xgw_3000_zigbee_gateway,2,dataSensitivity,AvStreamData|BiometricData|NoData|TelemetryData|unsure,,,
hub,miele:xgw_3000_zigbee_gateway,miele,xgw_3000_zigbee_gateway,2,firmwareUpdateModel,ManualFlash|NoUpdatePath|OtaAutomatic|OtaUserInitiated|unsure,,,
hub,miele:xgw_3000_zigbee_gateway,miele,xgw_3000_zigbee_gateway,2,formFactor,Fixed|Portable|Worn|unsure,,,
hub,miele:xgw_3000_zigbee_gateway,miele,xgw_3000_zigbee_gateway,2,hasWebAdminUI,true|false|unsure,,,
hub,miele:xgw_3000_zigbee_gateway,miele,xgw_3000_zigbee_gateway,2,placement,Either|Indoor|Outdoor|unsure,,,
hub,miele:xgw_3000_zigbee_gateway,miele,xgw_3000_zigbee_gateway,2,supportLifetime,DeclaredLifetime|UndeclaredLifetime|unsure,,,
hub,nanoleaf:lightstrip,nanoleaf,lightstrip,1,actuatesPhysical,true|false|unsure,,,
hub,nanoleaf:lightstrip,nanoleaf,lightstrip,1,actuationConsequence,ComfortActuation|NoActuation|PropertyActuation|SafetyActuation|unsure,,,
hub,nanoleaf:lightstrip,nanoleaf,lightstrip,1,capturesAV,true|false|unsure,,,
hub,nanoleaf:lightstrip,nanoleaf,lightstrip,1,cloudDependence,CloudOptional|CloudRequired|LocalOnly|unsure,,,
hub,nanoleaf:lightstrip,nanoleaf,lightstrip,1,computeTier,AndroidDerived|EmbeddedLinux|McuClass|Rtos|unsure,,,
hub,nanoleaf:lightstrip,nanoleaf,lightstrip,1,consumerAvailability,InstallerChannel|MixedChannel|RetailConsumer|unsure,,,
hub,nanoleaf:lightstrip,nanoleaf,lightstrip,1,dataSensitivity,AvStreamData|BiometricData|NoData|TelemetryData|unsure,,,
hub,nanoleaf:lightstrip,nanoleaf,lightstrip,1,firmwareUpdateModel,ManualFlash|NoUpdatePath|OtaAutomatic|OtaUserInitiated|unsure,,,
hub,nanoleaf:lightstrip,nanoleaf,lightstrip,1,formFactor,Fixed|Portable|Worn|unsure,,,
hub,nanoleaf:lightstrip,nanoleaf,lightstrip,1,hasWebAdminUI,true|false|unsure,,,
hub,nanoleaf:lightstrip,nanoleaf,lightstrip,1,placement,Either|Indoor|Outdoor|unsure,,,
hub,nanoleaf:lightstrip,nanoleaf,lightstrip,1,supportLifetime,DeclaredLifetime|UndeclaredLifetime|unsure,,,
hub,orein:smart_bulb,orein,smart_bulb,1,actuatesPhysical,true|false|unsure,,,
hub,orein:smart_bulb,orein,smart_bulb,1,actuationConsequence,ComfortActuation|NoActuation|PropertyActuation|SafetyActuation|unsure,,,
hub,orein:smart_bulb,orein,smart_bulb,1,capturesAV,true|false|unsure,,,
hub,orein:smart_bulb,orein,smart_bulb,1,cloudDependence,CloudOptional|CloudRequired|LocalOnly|unsure,,,
hub,orein:smart_bulb,orein,smart_bulb,1,computeTier,AndroidDerived|EmbeddedLinux|McuClass|Rtos|unsure,,,
hub,orein:smart_bulb,orein,smart_bulb,1,consumerAvailability,InstallerChannel|MixedChannel|RetailConsumer|unsure,,,
hub,orein:smart_bulb,orein,smart_bulb,1,dataSensitivity,AvStreamData|BiometricData|NoData|TelemetryData|unsure,,,
hub,orein:smart_bulb,orein,smart_bulb,1,firmwareUpdateModel,ManualFlash|NoUpdatePath|OtaAutomatic|OtaUserInitiated|unsure,,,
hub,orein:smart_bulb,orein,smart_bulb,1,formFactor,Fixed|Portable|Worn|unsure,,,
hub,orein:smart_bulb,orein,smart_bulb,1,hasWebAdminUI,true|false|unsure,,,
hub,orein:smart_bulb,orein,smart_bulb,1,placement,Either|Indoor|Outdoor|unsure,,,
hub,orein:smart_bulb,orein,smart_bulb,1,supportLifetime,DeclaredLifetime|UndeclaredLifetime|unsure,,,
hub,philips:hue_bridge_bsb002,philips,hue_bridge_bsb002,1,actuatesPhysical,true|false|unsure,,,
hub,philips:hue_bridge_bsb002,philips,hue_bridge_bsb002,1,actuationConsequence,ComfortActuation|NoActuation|PropertyActuation|SafetyActuation|unsure,,,
hub,philips:hue_bridge_bsb002,philips,hue_bridge_bsb002,1,capturesAV,true|false|unsure,,,
hub,philips:hue_bridge_bsb002,philips,hue_bridge_bsb002,1,cloudDependence,CloudOptional|CloudRequired|LocalOnly|unsure,,,
hub,philips:hue_bridge_bsb002,philips,hue_bridge_bsb002,1,computeTier,AndroidDerived|EmbeddedLinux|McuClass|Rtos|unsure,,,
hub,philips:hue_bridge_bsb002,philips,hue_bridge_bsb002,1,consumerAvailability,InstallerChannel|MixedChannel|RetailConsumer|unsure,,,
hub,philips:hue_bridge_bsb002,philips,hue_bridge_bsb002,1,dataSensitivity,AvStreamData|BiometricData|NoData|TelemetryData|unsure,,,
hub,philips:hue_bridge_bsb002,philips,hue_bridge_bsb002,1,firmwareUpdateModel,ManualFlash|NoUpdatePath|OtaAutomatic|OtaUserInitiated|unsure,,,
hub,philips:hue_bridge_bsb002,philips,hue_bridge_bsb002,1,formFactor,Fixed|Portable|Worn|unsure,,,
hub,philips:hue_bridge_bsb002,philips,hue_bridge_bsb002,1,hasWebAdminUI,true|false|unsure,,,
hub,philips:hue_bridge_bsb002,philips,hue_bridge_bsb002,1,placement,Either|Indoor|Outdoor|unsure,,,
hub,philips:hue_bridge_bsb002,philips,hue_bridge_bsb002,1,supportLifetime,DeclaredLifetime|UndeclaredLifetime|unsure,,,
hub,philips:hue_bridge_v2,philips,hue_bridge_v2,9,actuatesPhysical,true|false|unsure,,,
hub,philips:hue_bridge_v2,philips,hue_bridge_v2,9,actuationConsequence,ComfortActuation|NoActuation|PropertyActuation|SafetyActuation|unsure,,,
hub,philips:hue_bridge_v2,philips,hue_bridge_v2,9,capturesAV,true|false|unsure,,,
hub,philips:hue_bridge_v2,philips,hue_bridge_v2,9,cloudDependence,CloudOptional|CloudRequired|LocalOnly|unsure,,,
hub,philips:hue_bridge_v2,philips,hue_bridge_v2,9,computeTier,AndroidDerived|EmbeddedLinux|McuClass|Rtos|unsure,,,
hub,philips:hue_bridge_v2,philips,hue_bridge_v2,9,consumerAvailability,InstallerChannel|MixedChannel|RetailConsumer|unsure,,,
hub,philips:hue_bridge_v2,philips,hue_bridge_v2,9,dataSensitivity,AvStreamData|BiometricData|NoData|TelemetryData|unsure,,,
hub,philips:hue_bridge_v2,philips,hue_bridge_v2,9,firmwareUpdateModel,ManualFlash|NoUpdatePath|OtaAutomatic|OtaUserInitiated|unsure,,,
hub,philips:hue_bridge_v2,philips,hue_bridge_v2,9,formFactor,Fixed|Portable|Worn|unsure,,,
hub,philips:hue_bridge_v2,philips,hue_bridge_v2,9,hasWebAdminUI,true|false|unsure,,,
hub,philips:hue_bridge_v2,philips,hue_bridge_v2,9,placement,Either|Indoor|Outdoor|unsure,,,
hub,philips:hue_bridge_v2,philips,hue_bridge_v2,9,supportLifetime,DeclaredLifetime|UndeclaredLifetime|unsure,,,
hub,phillips:hue_bridge,phillips,hue_bridge,1,actuatesPhysical,true|false|unsure,,,
hub,phillips:hue_bridge,phillips,hue_bridge,1,actuationConsequence,ComfortActuation|NoActuation|PropertyActuation|SafetyActuation|unsure,,,
hub,phillips:hue_bridge,phillips,hue_bridge,1,capturesAV,true|false|unsure,,,
hub,phillips:hue_bridge,phillips,hue_bridge,1,cloudDependence,CloudOptional|CloudRequired|LocalOnly|unsure,,,
hub,phillips:hue_bridge,phillips,hue_bridge,1,computeTier,AndroidDerived|EmbeddedLinux|McuClass|Rtos|unsure,,,
hub,phillips:hue_bridge,phillips,hue_bridge,1,consumerAvailability,InstallerChannel|MixedChannel|RetailConsumer|unsure,,,
hub,phillips:hue_bridge,phillips,hue_bridge,1,dataSensitivity,AvStreamData|BiometricData|NoData|TelemetryData|unsure,,,
hub,phillips:hue_bridge,phillips,hue_bridge,1,firmwareUpdateModel,ManualFlash|NoUpdatePath|OtaAutomatic|OtaUserInitiated|unsure,,,
hub,phillips:hue_bridge,phillips,hue_bridge,1,formFactor,Fixed|Portable|Worn|unsure,,,
hub,phillips:hue_bridge,phillips,hue_bridge,1,hasWebAdminUI,true|false|unsure,,,
hub,phillips:hue_bridge,phillips,hue_bridge,1,placement,Either|Indoor|Outdoor|unsure,,,
hub,phillips:hue_bridge,phillips,hue_bridge,1,supportLifetime,DeclaredLifetime|UndeclaredLifetime|unsure,,,
hub,samsung:sth-eth-250,samsung,sth-eth-250,40,actuatesPhysical,true|false|unsure,,,
hub,samsung:sth-eth-250,samsung,sth-eth-250,40,actuationConsequence,ComfortActuation|NoActuation|PropertyActuation|SafetyActuation|unsure,,,
hub,samsung:sth-eth-250,samsung,sth-eth-250,40,capturesAV,true|false|unsure,,,
hub,samsung:sth-eth-250,samsung,sth-eth-250,40,cloudDependence,CloudOptional|CloudRequired|LocalOnly|unsure,,,
hub,samsung:sth-eth-250,samsung,sth-eth-250,40,computeTier,AndroidDerived|EmbeddedLinux|McuClass|Rtos|unsure,,,
hub,samsung:sth-eth-250,samsung,sth-eth-250,40,consumerAvailability,InstallerChannel|MixedChannel|RetailConsumer|unsure,,,
hub,samsung:sth-eth-250,samsung,sth-eth-250,40,dataSensitivity,AvStreamData|BiometricData|NoData|TelemetryData|unsure,,,
hub,samsung:sth-eth-250,samsung,sth-eth-250,40,firmwareUpdateModel,ManualFlash|NoUpdatePath|OtaAutomatic|OtaUserInitiated|unsure,,,
hub,samsung:sth-eth-250,samsung,sth-eth-250,40,formFactor,Fixed|Portable|Worn|unsure,,,
hub,samsung:sth-eth-250,samsung,sth-eth-250,40,hasWebAdminUI,true|false|unsure,,,
hub,samsung:sth-eth-250,samsung,sth-eth-250,40,placement,Either|Indoor|Outdoor|unsure,,,
hub,samsung:sth-eth-250,samsung,sth-eth-250,40,supportLifetime,DeclaredLifetime|UndeclaredLifetime|unsure,,,
hub,schneider-electric:spacelogic_c-bus_home_controller,schneider-electric,spacelogic_c-bus_home_controller,1,actuatesPhysical,true|false|unsure,,,
hub,schneider-electric:spacelogic_c-bus_home_controller,schneider-electric,spacelogic_c-bus_home_controller,1,actuationConsequence,ComfortActuation|NoActuation|PropertyActuation|SafetyActuation|unsure,,,
hub,schneider-electric:spacelogic_c-bus_home_controller,schneider-electric,spacelogic_c-bus_home_controller,1,capturesAV,true|false|unsure,,,
hub,schneider-electric:spacelogic_c-bus_home_controller,schneider-electric,spacelogic_c-bus_home_controller,1,cloudDependence,CloudOptional|CloudRequired|LocalOnly|unsure,,,
hub,schneider-electric:spacelogic_c-bus_home_controller,schneider-electric,spacelogic_c-bus_home_controller,1,computeTier,AndroidDerived|EmbeddedLinux|McuClass|Rtos|unsure,,,
hub,schneider-electric:spacelogic_c-bus_home_controller,schneider-electric,spacelogic_c-bus_home_controller,1,consumerAvailability,InstallerChannel|MixedChannel|RetailConsumer|unsure,,,
hub,schneider-electric:spacelogic_c-bus_home_controller,schneider-electric,spacelogic_c-bus_home_controller,1,dataSensitivity,AvStreamData|BiometricData|NoData|TelemetryData|unsure,,,
hub,schneider-electric:spacelogic_c-bus_home_controller,schneider-electric,spacelogic_c-bus_home_controller,1,firmwareUpdateModel,ManualFlash|NoUpdatePath|OtaAutomatic|OtaUserInitiated|unsure,,,
hub,schneider-electric:spacelogic_c-bus_home_controller,schneider-electric,spacelogic_c-bus_home_controller,1,formFactor,Fixed|Portable|Worn|unsure,,,
hub,schneider-electric:spacelogic_c-bus_home_controller,schneider-electric,spacelogic_c-bus_home_controller,1,hasWebAdminUI,true|false|unsure,,,
hub,schneider-electric:spacelogic_c-bus_home_controller,schneider-electric,spacelogic_c-bus_home_controller,1,placement,Either|Indoor|Outdoor|unsure,,,
hub,schneider-electric:spacelogic_c-bus_home_controller,schneider-electric,spacelogic_c-bus_home_controller,1,supportLifetime,DeclaredLifetime|UndeclaredLifetime|unsure,,,
hub,silabs:z-wave_long_range_700,silabs,z-wave_long_range_700,1,actuatesPhysical,true|false|unsure,,,
hub,silabs:z-wave_long_range_700,silabs,z-wave_long_range_700,1,actuationConsequence,ComfortActuation|NoActuation|PropertyActuation|SafetyActuation|unsure,,,
hub,silabs:z-wave_long_range_700,silabs,z-wave_long_range_700,1,capturesAV,true|false|unsure,,,
hub,silabs:z-wave_long_range_700,silabs,z-wave_long_range_700,1,cloudDependence,CloudOptional|CloudRequired|LocalOnly|unsure,,,
hub,silabs:z-wave_long_range_700,silabs,z-wave_long_range_700,1,computeTier,AndroidDerived|EmbeddedLinux|McuClass|Rtos|unsure,,,
hub,silabs:z-wave_long_range_700,silabs,z-wave_long_range_700,1,consumerAvailability,InstallerChannel|MixedChannel|RetailConsumer|unsure,,,
hub,silabs:z-wave_long_range_700,silabs,z-wave_long_range_700,1,dataSensitivity,AvStreamData|BiometricData|NoData|TelemetryData|unsure,,,
hub,silabs:z-wave_long_range_700,silabs,z-wave_long_range_700,1,firmwareUpdateModel,ManualFlash|NoUpdatePath|OtaAutomatic|OtaUserInitiated|unsure,,,
hub,silabs:z-wave_long_range_700,silabs,z-wave_long_range_700,1,formFactor,Fixed|Portable|Worn|unsure,,,
hub,silabs:z-wave_long_range_700,silabs,z-wave_long_range_700,1,hasWebAdminUI,true|false|unsure,,,
hub,silabs:z-wave_long_range_700,silabs,z-wave_long_range_700,1,placement,Either|Indoor|Outdoor|unsure,,,
hub,silabs:z-wave_long_range_700,silabs,z-wave_long_range_700,1,supportLifetime,DeclaredLifetime|UndeclaredLifetime|unsure,,,
hub,silabs:z-wave_long_range_800,silabs,z-wave_long_range_800,1,actuatesPhysical,true|false|unsure,,,
hub,silabs:z-wave_long_range_800,silabs,z-wave_long_range_800,1,actuationConsequence,ComfortActuation|NoActuation|PropertyActuation|SafetyActuation|unsure,,,
hub,silabs:z-wave_long_range_800,silabs,z-wave_long_range_800,1,capturesAV,true|false|unsure,,,
hub,silabs:z-wave_long_range_800,silabs,z-wave_long_range_800,1,cloudDependence,CloudOptional|CloudRequired|LocalOnly|unsure,,,
hub,silabs:z-wave_long_range_800,silabs,z-wave_long_range_800,1,computeTier,AndroidDerived|EmbeddedLinux|McuClass|Rtos|unsure,,,
hub,silabs:z-wave_long_range_800,silabs,z-wave_long_range_800,1,consumerAvailability,InstallerChannel|MixedChannel|RetailConsumer|unsure,,,
hub,silabs:z-wave_long_range_800,silabs,z-wave_long_range_800,1,dataSensitivity,AvStreamData|BiometricData|NoData|TelemetryData|unsure,,,
hub,silabs:z-wave_long_range_800,silabs,z-wave_long_range_800,1,firmwareUpdateModel,ManualFlash|NoUpdatePath|OtaAutomatic|OtaUserInitiated|unsure,,,
hub,silabs:z-wave_long_range_800,silabs,z-wave_long_range_800,1,formFactor,Fixed|Portable|Worn|unsure,,,
hub,silabs:z-wave_long_range_800,silabs,z-wave_long_range_800,1,hasWebAdminUI,true|false|unsure,,,
hub,silabs:z-wave_long_range_800,silabs,z-wave_long_range_800,1,placement,Either|Indoor|Outdoor|unsure,,,
hub,silabs:z-wave_long_range_800,silabs,z-wave_long_range_800,1,supportLifetime,DeclaredLifetime|UndeclaredLifetime|unsure,,,
hub,switchbot:hub2,switchbot,hub2,1,actuatesPhysical,true|false|unsure,,,
hub,switchbot:hub2,switchbot,hub2,1,actuationConsequence,ComfortActuation|NoActuation|PropertyActuation|SafetyActuation|unsure,,,
hub,switchbot:hub2,switchbot,hub2,1,capturesAV,true|false|unsure,,,
hub,switchbot:hub2,switchbot,hub2,1,cloudDependence,CloudOptional|CloudRequired|LocalOnly|unsure,,,
hub,switchbot:hub2,switchbot,hub2,1,computeTier,AndroidDerived|EmbeddedLinux|McuClass|Rtos|unsure,,,
hub,switchbot:hub2,switchbot,hub2,1,consumerAvailability,InstallerChannel|MixedChannel|RetailConsumer|unsure,,,
hub,switchbot:hub2,switchbot,hub2,1,dataSensitivity,AvStreamData|BiometricData|NoData|TelemetryData|unsure,,,
hub,switchbot:hub2,switchbot,hub2,1,firmwareUpdateModel,ManualFlash|NoUpdatePath|OtaAutomatic|OtaUserInitiated|unsure,,,
hub,switchbot:hub2,switchbot,hub2,1,formFactor,Fixed|Portable|Worn|unsure,,,
hub,switchbot:hub2,switchbot,hub2,1,hasWebAdminUI,true|false|unsure,,,
hub,switchbot:hub2,switchbot,hub2,1,placement,Either|Indoor|Outdoor|unsure,,,
hub,switchbot:hub2,switchbot,hub2,1,supportLifetime,DeclaredLifetime|UndeclaredLifetime|unsure,,,
hub,tapo:mini_smart_wi-fi_plug,tapo,mini_smart_wi-fi_plug,1,actuatesPhysical,true|false|unsure,,,
hub,tapo:mini_smart_wi-fi_plug,tapo,mini_smart_wi-fi_plug,1,actuationConsequence,ComfortActuation|NoActuation|PropertyActuation|SafetyActuation|unsure,,,
hub,tapo:mini_smart_wi-fi_plug,tapo,mini_smart_wi-fi_plug,1,capturesAV,true|false|unsure,,,
hub,tapo:mini_smart_wi-fi_plug,tapo,mini_smart_wi-fi_plug,1,cloudDependence,CloudOptional|CloudRequired|LocalOnly|unsure,,,
hub,tapo:mini_smart_wi-fi_plug,tapo,mini_smart_wi-fi_plug,1,computeTier,AndroidDerived|EmbeddedLinux|McuClass|Rtos|unsure,,,
hub,tapo:mini_smart_wi-fi_plug,tapo,mini_smart_wi-fi_plug,1,consumerAvailability,InstallerChannel|MixedChannel|RetailConsumer|unsure,,,
hub,tapo:mini_smart_wi-fi_plug,tapo,mini_smart_wi-fi_plug,1,dataSensitivity,AvStreamData|BiometricData|NoData|TelemetryData|unsure,,,
hub,tapo:mini_smart_wi-fi_plug,tapo,mini_smart_wi-fi_plug,1,firmwareUpdateModel,ManualFlash|NoUpdatePath|OtaAutomatic|OtaUserInitiated|unsure,,,
hub,tapo:mini_smart_wi-fi_plug,tapo,mini_smart_wi-fi_plug,1,formFactor,Fixed|Portable|Worn|unsure,,,
hub,tapo:mini_smart_wi-fi_plug,tapo,mini_smart_wi-fi_plug,1,hasWebAdminUI,true|false|unsure,,,
hub,tapo:mini_smart_wi-fi_plug,tapo,mini_smart_wi-fi_plug,1,placement,Either|Indoor|Outdoor|unsure,,,
hub,tapo:mini_smart_wi-fi_plug,tapo,mini_smart_wi-fi_plug,1,supportLifetime,DeclaredLifetime|UndeclaredLifetime|unsure,,,
hub,tp-link:smart_plug,tp-link,smart_plug,1,actuatesPhysical,true|false|unsure,,,
hub,tp-link:smart_plug,tp-link,smart_plug,1,actuationConsequence,ComfortActuation|NoActuation|PropertyActuation|SafetyActuation|unsure,,,
hub,tp-link:smart_plug,tp-link,smart_plug,1,capturesAV,true|false|unsure,,,
hub,tp-link:smart_plug,tp-link,smart_plug,1,cloudDependence,CloudOptional|CloudRequired|LocalOnly|unsure,,,
hub,tp-link:smart_plug,tp-link,smart_plug,1,computeTier,AndroidDerived|EmbeddedLinux|McuClass|Rtos|unsure,,,
hub,tp-link:smart_plug,tp-link,smart_plug,1,consumerAvailability,InstallerChannel|MixedChannel|RetailConsumer|unsure,,,
hub,tp-link:smart_plug,tp-link,smart_plug,1,dataSensitivity,AvStreamData|BiometricData|NoData|TelemetryData|unsure,,,
hub,tp-link:smart_plug,tp-link,smart_plug,1,firmwareUpdateModel,ManualFlash|NoUpdatePath|OtaAutomatic|OtaUserInitiated|unsure,,,
hub,tp-link:smart_plug,tp-link,smart_plug,1,formFactor,Fixed|Portable|Worn|unsure,,,
hub,tp-link:smart_plug,tp-link,smart_plug,1,hasWebAdminUI,true|false|unsure,,,
hub,tp-link:smart_plug,tp-link,smart_plug,1,placement,Either|Indoor|Outdoor|unsure,,,
hub,tp-link:smart_plug,tp-link,smart_plug,1,supportLifetime,DeclaredLifetime|UndeclaredLifetime|unsure,,,
hub,tp-link:tapo_h100,tp-link,tapo_h100,2,actuatesPhysical,true|false|unsure,,,
hub,tp-link:tapo_h100,tp-link,tapo_h100,2,actuationConsequence,ComfortActuation|NoActuation|PropertyActuation|SafetyActuation|unsure,,,
hub,tp-link:tapo_h100,tp-link,tapo_h100,2,capturesAV,true|false|unsure,,,
hub,tp-link:tapo_h100,tp-link,tapo_h100,2,cloudDependence,CloudOptional|CloudRequired|LocalOnly|unsure,,,
hub,tp-link:tapo_h100,tp-link,tapo_h100,2,computeTier,AndroidDerived|EmbeddedLinux|McuClass|Rtos|unsure,,,
hub,tp-link:tapo_h100,tp-link,tapo_h100,2,consumerAvailability,InstallerChannel|MixedChannel|RetailConsumer|unsure,,,
hub,tp-link:tapo_h100,tp-link,tapo_h100,2,dataSensitivity,AvStreamData|BiometricData|NoData|TelemetryData|unsure,,,
hub,tp-link:tapo_h100,tp-link,tapo_h100,2,firmwareUpdateModel,ManualFlash|NoUpdatePath|OtaAutomatic|OtaUserInitiated|unsure,,,
hub,tp-link:tapo_h100,tp-link,tapo_h100,2,formFactor,Fixed|Portable|Worn|unsure,,,
hub,tp-link:tapo_h100,tp-link,tapo_h100,2,hasWebAdminUI,true|false|unsure,,,
hub,tp-link:tapo_h100,tp-link,tapo_h100,2,placement,Either|Indoor|Outdoor|unsure,,,
hub,tp-link:tapo_h100,tp-link,tapo_h100,2,supportLifetime,DeclaredLifetime|UndeclaredLifetime|unsure,,,
hub,tp-link:tapo_p100,tp-link,tapo_p100,1,actuatesPhysical,true|false|unsure,,,
hub,tp-link:tapo_p100,tp-link,tapo_p100,1,actuationConsequence,ComfortActuation|NoActuation|PropertyActuation|SafetyActuation|unsure,,,
hub,tp-link:tapo_p100,tp-link,tapo_p100,1,capturesAV,true|false|unsure,,,
hub,tp-link:tapo_p100,tp-link,tapo_p100,1,cloudDependence,CloudOptional|CloudRequired|LocalOnly|unsure,,,
hub,tp-link:tapo_p100,tp-link,tapo_p100,1,computeTier,AndroidDerived|EmbeddedLinux|McuClass|Rtos|unsure,,,
hub,tp-link:tapo_p100,tp-link,tapo_p100,1,consumerAvailability,InstallerChannel|MixedChannel|RetailConsumer|unsure,,,
hub,tp-link:tapo_p100,tp-link,tapo_p100,1,dataSensitivity,AvStreamData|BiometricData|NoData|TelemetryData|unsure,,,
hub,tp-link:tapo_p100,tp-link,tapo_p100,1,firmwareUpdateModel,ManualFlash|NoUpdatePath|OtaAutomatic|OtaUserInitiated|unsure,,,
hub,tp-link:tapo_p100,tp-link,tapo_p100,1,formFactor,Fixed|Portable|Worn|unsure,,,
hub,tp-link:tapo_p100,tp-link,tapo_p100,1,hasWebAdminUI,true|false|unsure,,,
hub,tp-link:tapo_p100,tp-link,tapo_p100,1,placement,Either|Indoor|Outdoor|unsure,,,
hub,tp-link:tapo_p100,tp-link,tapo_p100,1,supportLifetime,DeclaredLifetime|UndeclaredLifetime|unsure,,,
hub,yeelight:smart_lamp,yeelight,smart_lamp,1,actuatesPhysical,true|false|unsure,,,
hub,yeelight:smart_lamp,yeelight,smart_lamp,1,actuationConsequence,ComfortActuation|NoActuation|PropertyActuation|SafetyActuation|unsure,,,
hub,yeelight:smart_lamp,yeelight,smart_lamp,1,capturesAV,true|false|unsure,,,
hub,yeelight:smart_lamp,yeelight,smart_lamp,1,cloudDependence,CloudOptional|CloudRequired|LocalOnly|unsure,,,
hub,yeelight:smart_lamp,yeelight,smart_lamp,1,computeTier,AndroidDerived|EmbeddedLinux|McuClass|Rtos|unsure,,,
hub,yeelight:smart_lamp,yeelight,smart_lamp,1,consumerAvailability,InstallerChannel|MixedChannel|RetailConsumer|unsure,,,
hub,yeelight:smart_lamp,yeelight,smart_lamp,1,dataSensitivity,AvStreamData|BiometricData|NoData|TelemetryData|unsure,,,
hub,yeelight:smart_lamp,yeelight,smart_lamp,1,firmwareUpdateModel,ManualFlash|NoUpdatePath|OtaAutomatic|OtaUserInitiated|unsure,,,
hub,yeelight:smart_lamp,yeelight,smart_lamp,1,formFactor,Fixed|Portable|Worn|unsure,,,
hub,yeelight:smart_lamp,yeelight,smart_lamp,1,hasWebAdminUI,true|false|unsure,,,
hub,yeelight:smart_lamp,yeelight,smart_lamp,1,placement,Either|Indoor|Outdoor|unsure,,,
hub,yeelight:smart_lamp,yeelight,smart_lamp,1,supportLifetime,DeclaredLifetime|UndeclaredLifetime|unsure,,,
hub,zipato:zipabox,zipato,zipabox,3,actuatesPhysical,true|false|unsure,,,
hub,zipato:zipabox,zipato,zipabox,3,actuationConsequence,ComfortActuation|NoActuation|PropertyActuation|SafetyActuation|unsure,,,
hub,zipato:zipabox,zipato,zipabox,3,capturesAV,true|false|unsure,,,
hub,zipato:zipabox,zipato,zipabox,3,cloudDependence,CloudOptional|CloudRequired|LocalOnly|unsure,,,
hub,zipato:zipabox,zipato,zipabox,3,computeTier,AndroidDerived|EmbeddedLinux|McuClass|Rtos|unsure,,,
hub,zipato:zipabox,zipato,zipabox,3,consumerAvailability,InstallerChannel|MixedChannel|RetailConsumer|unsure,,,
hub,zipato:zipabox,zipato,zipabox,3,dataSensitivity,AvStreamData|BiometricData|NoData|TelemetryData|unsure,,,
hub,zipato:zipabox,zipato,zipabox,3,firmwareUpdateModel,ManualFlash|NoUpdatePath|OtaAutomatic|OtaUserInitiated|unsure,,,
hub,zipato:zipabox,zipato,zipabox,3,formFactor,Fixed|Portable|Worn|unsure,,,
hub,zipato:zipabox,zipato,zipabox,3,hasWebAdminUI,true|false|unsure,,,
hub,zipato:zipabox,zipato,zipabox,3,placement,Either|Indoor|Outdoor|unsure,,,
hub,zipato:zipabox,zipato,zipabox,3,supportLifetime,DeclaredLifetime|UndeclaredLifetime|unsure,,,
lighting,eve:eve_door_and_window,eve,eve_door_and_window,1,actuatesPhysical,true|false|unsure,,,
lighting,eve:eve_door_and_window,eve,eve_door_and_window,1,actuationConsequence,ComfortActuation|NoActuation|PropertyActuation|SafetyActuation|unsure,,,
lighting,eve:eve_door_and_window,eve,eve_door_and_window,1,capturesAV,true|false|unsure,,,
lighting,eve:eve_door_and_window,eve,eve_door_and_window,1,cloudDependence,CloudOptional|CloudRequired|LocalOnly|unsure,,,
lighting,eve:eve_door_and_window,eve,eve_door_and_window,1,computeTier,AndroidDerived|EmbeddedLinux|McuClass|Rtos|unsure,,,
lighting,eve:eve_door_and_window,eve,eve_door_and_window,1,consumerAvailability,InstallerChannel|MixedChannel|RetailConsumer|unsure,,,
lighting,eve:eve_door_and_window,eve,eve_door_and_window,1,dataSensitivity,AvStreamData|BiometricData|NoData|TelemetryData|unsure,,,
lighting,eve:eve_door_and_window,eve,eve_door_and_window,1,firmwareUpdateModel,ManualFlash|NoUpdatePath|OtaAutomatic|OtaUserInitiated|unsure,,,
lighting,eve:eve_door_and_window,eve,eve_door_and_window,1,formFactor,Fixed|Portable|Worn|unsure,,,
lighting,eve:eve_door_and_window,eve,eve_door_and_window,1,hasWebAdminUI,true|false|unsure,,,
lighting,eve:eve_door_and_window,eve,eve_door_and_window,1,placement,Either|Indoor|Outdoor|unsure,,,
lighting,eve:eve_door_and_window,eve,eve_door_and_window,1,supportLifetime,DeclaredLifetime|UndeclaredLifetime|unsure,,,
lighting,govee:led_strip,govee,led_strip,2,actuatesPhysical,true|false|unsure,,,
lighting,govee:led_strip,govee,led_strip,2,actuationConsequence,ComfortActuation|NoActuation|PropertyActuation|SafetyActuation|unsure,,,
lighting,govee:led_strip,govee,led_strip,2,capturesAV,true|false|unsure,,,
lighting,govee:led_strip,govee,led_strip,2,cloudDependence,CloudOptional|CloudRequired|LocalOnly|unsure,,,
lighting,govee:led_strip,govee,led_strip,2,computeTier,AndroidDerived|EmbeddedLinux|McuClass|Rtos|unsure,,,
lighting,govee:led_strip,govee,led_strip,2,consumerAvailability,InstallerChannel|MixedChannel|RetailConsumer|unsure,,,
lighting,govee:led_strip,govee,led_strip,2,dataSensitivity,AvStreamData|BiometricData|NoData|TelemetryData|unsure,,,
lighting,govee:led_strip,govee,led_strip,2,firmwareUpdateModel,ManualFlash|NoUpdatePath|OtaAutomatic|OtaUserInitiated|unsure,,,
lighting,govee:led_strip,govee,led_strip,2,formFactor,Fixed|Portable|Worn|unsure,,,
lighting,govee:led_strip,govee,led_strip,2,hasWebAdminUI,true|false|unsure,,,
lighting,govee:led_strip,govee,led_strip,2,placement,Either|Indoor|Outdoor|unsure,,,
lighting,govee:led_strip,govee,led_strip,2,supportLifetime,DeclaredLifetime|UndeclaredLifetime|unsure,,,
lighting,ikea:tradfri_gateway_e1526,ikea,tradfri_gateway_e1526,1,actuatesPhysical,true|false|unsure,,,
lighting,ikea:tradfri_gateway_e1526,ikea,tradfri_gateway_e1526,1,actuationConsequence,ComfortActuation|NoActuation|PropertyActuation|SafetyActuation|unsure,,,
lighting,ikea:tradfri_gateway_e1526,ikea,tradfri_gateway_e1526,1,capturesAV,true|false|unsure,,,
lighting,ikea:tradfri_gateway_e1526,ikea,tradfri_gateway_e1526,1,cloudDependence,CloudOptional|CloudRequired|LocalOnly|unsure,,,
lighting,ikea:tradfri_gateway_e1526,ikea,tradfri_gateway_e1526,1,computeTier,AndroidDerived|EmbeddedLinux|McuClass|Rtos|unsure,,,
lighting,ikea:tradfri_gateway_e1526,ikea,tradfri_gateway_e1526,1,consumerAvailability,InstallerChannel|MixedChannel|RetailConsumer|unsure,,,
lighting,ikea:tradfri_gateway_e1526,ikea,tradfri_gateway_e1526,1,dataSensitivity,AvStreamData|BiometricData|NoData|TelemetryData|unsure,,,
lighting,ikea:tradfri_gateway_e1526,ikea,tradfri_gateway_e1526,1,firmwareUpdateModel,ManualFlash|NoUpdatePath|OtaAutomatic|OtaUserInitiated|unsure,,,
lighting,ikea:tradfri_gateway_e1526,ikea,tradfri_gateway_e1526,1,formFactor,Fixed|Portable|Worn|unsure,,,
lighting,ikea:tradfri_gateway_e1526,ikea,tradfri_gateway_e1526,1,hasWebAdminUI,true|false|unsure,,,
lighting,ikea:tradfri_gateway_e1526,ikea,tradfri_gateway_e1526,1,placement,Either|Indoor|Outdoor|unsure,,,
lighting,ikea:tradfri_gateway_e1526,ikea,tradfri_gateway_e1526,1,supportLifetime,DeclaredLifetime|UndeclaredLifetime|unsure,,,
lighting,ikea:tradfri_led1732g11,ikea,tradfri_led1732g11,1,actuatesPhysical,true|false|unsure,,,
lighting,ikea:tradfri_led1732g11,ikea,tradfri_led1732g11,1,actuationConsequence,ComfortActuation|NoActuation|PropertyActuation|SafetyActuation|unsure,,,
lighting,ikea:tradfri_led1732g11,ikea,tradfri_led1732g11,1,capturesAV,true|false|unsure,,,
lighting,ikea:tradfri_led1732g11,ikea,tradfri_led1732g11,1,cloudDependence,CloudOptional|CloudRequired|LocalOnly|unsure,,,
lighting,ikea:tradfri_led1732g11,ikea,tradfri_led1732g11,1,computeTier,AndroidDerived|EmbeddedLinux|McuClass|Rtos|unsure,,,
lighting,ikea:tradfri_led1732g11,ikea,tradfri_led1732g11,1,consumerAvailability,InstallerChannel|MixedChannel|RetailConsumer|unsure,,,
lighting,ikea:tradfri_led1732g11,ikea,tradfri_led1732g11,1,dataSensitivity,AvStreamData|BiometricData|NoData|TelemetryData|unsure,,,
lighting,ikea:tradfri_led1732g11,ikea,tradfri_led1732g11,1,firmwareUpdateModel,ManualFlash|NoUpdatePath|OtaAutomatic|OtaUserInitiated|unsure,,,
lighting,ikea:tradfri_led1732g11,ikea,tradfri_led1732g11,1,formFactor,Fixed|Portable|Worn|unsure,,,
lighting,ikea:tradfri_led1732g11,ikea,tradfri_led1732g11,1,hasWebAdminUI,true|false|unsure,,,
lighting,ikea:tradfri_led1732g11,ikea,tradfri_led1732g11,1,placement,Either|Indoor|Outdoor|unsure,,,
lighting,ikea:tradfri_led1732g11,ikea,tradfri_led1732g11,1,supportLifetime,DeclaredLifetime|UndeclaredLifetime|unsure,,,
lighting,mystrom:wifi_bulb,mystrom,wifi_bulb,4,actuatesPhysical,true|false|unsure,,,
lighting,mystrom:wifi_bulb,mystrom,wifi_bulb,4,actuationConsequence,ComfortActuation|NoActuation|PropertyActuation|SafetyActuation|unsure,,,
lighting,mystrom:wifi_bulb,mystrom,wifi_bulb,4,capturesAV,true|false|unsure,,,
lighting,mystrom:wifi_bulb,mystrom,wifi_bulb,4,cloudDependence,CloudOptional|CloudRequired|LocalOnly|unsure,,,
lighting,mystrom:wifi_bulb,mystrom,wifi_bulb,4,computeTier,AndroidDerived|EmbeddedLinux|McuClass|Rtos|unsure,,,
lighting,mystrom:wifi_bulb,mystrom,wifi_bulb,4,consumerAvailability,InstallerChannel|MixedChannel|RetailConsumer|unsure,,,
lighting,mystrom:wifi_bulb,mystrom,wifi_bulb,4,dataSensitivity,AvStreamData|BiometricData|NoData|TelemetryData|unsure,,,
lighting,mystrom:wifi_bulb,mystrom,wifi_bulb,4,firmwareUpdateModel,ManualFlash|NoUpdatePath|OtaAutomatic|OtaUserInitiated|unsure,,,
lighting,mystrom:wifi_bulb,mystrom,wifi_bulb,4,formFactor,Fixed|Portable|Worn|unsure,,,
lighting,mystrom:wifi_bulb,mystrom,wifi_bulb,4,hasWebAdminUI,true|false|unsure,,,
lighting,mystrom:wifi_bulb,mystrom,wifi_bulb,4,placement,Either|Indoor|Outdoor|unsure,,,
lighting,mystrom:wifi_bulb,mystrom,wifi_bulb,4,supportLifetime,DeclaredLifetime|UndeclaredLifetime|unsure,,,
lighting,mystrom:wifi_button,mystrom,wifi_button,4,actuatesPhysical,true|false|unsure,,,
lighting,mystrom:wifi_button,mystrom,wifi_button,4,actuationConsequence,ComfortActuation|NoActuation|PropertyActuation|SafetyActuation|unsure,,,
lighting,mystrom:wifi_button,mystrom,wifi_button,4,capturesAV,true|false|unsure,,,
lighting,mystrom:wifi_button,mystrom,wifi_button,4,cloudDependence,CloudOptional|CloudRequired|LocalOnly|unsure,,,
lighting,mystrom:wifi_button,mystrom,wifi_button,4,computeTier,AndroidDerived|EmbeddedLinux|McuClass|Rtos|unsure,,,
lighting,mystrom:wifi_button,mystrom,wifi_button,4,consumerAvailability,InstallerChannel|MixedChannel|RetailConsumer|unsure,,,
lighting,mystrom:wifi_button,mystrom,wifi_button,4,dataSensitivity,AvStreamData|BiometricData|NoData|TelemetryData|unsure,,,
lighting,mystrom:wifi_button,mystrom,wifi_button,4,firmwareUpdateModel,ManualFlash|NoUpdatePath|OtaAutomatic|OtaUserInitiated|unsure,,,
lighting,mystrom:wifi_button,mystrom,wifi_button,4,formFactor,Fixed|Portable|Worn|unsure,,,
lighting,mystrom:wifi_button,mystrom,wifi_button,4,hasWebAdminUI,true|false|unsure,,,
lighting,mystrom:wifi_button,mystrom,wifi_button,4,placement,Either|Indoor|Outdoor|unsure,,,
lighting,mystrom:wifi_button,mystrom,wifi_button,4,supportLifetime,DeclaredLifetime|UndeclaredLifetime|unsure,,,
lighting,mystrom:wifi_button_plus,mystrom,wifi_button_plus,4,actuatesPhysical,true|false|unsure,,,
lighting,mystrom:wifi_button_plus,mystrom,wifi_button_plus,4,actuationConsequence,ComfortActuation|NoActuation|PropertyActuation|SafetyActuation|unsure,,,
lighting,mystrom:wifi_button_plus,mystrom,wifi_button_plus,4,capturesAV,true|false|unsure,,,
lighting,mystrom:wifi_button_plus,mystrom,wifi_button_plus,4,cloudDependence,CloudOptional|CloudRequired|LocalOnly|unsure,,,
lighting,mystrom:wifi_button_plus,mystrom,wifi_button_plus,4,computeTier,AndroidDerived|EmbeddedLinux|McuClass|Rtos|unsure,,,
lighting,mystrom:wifi_button_plus,mystrom,wifi_button_plus,4,consumerAvailability,InstallerChannel|MixedChannel|RetailConsumer|unsure,,,
lighting,mystrom:wifi_button_plus,mystrom,wifi_button_plus,4,dataSensitivity,AvStreamData|BiometricData|NoData|TelemetryData|unsure,,,
lighting,mystrom:wifi_button_plus,mystrom,wifi_button_plus,4,firmwareUpdateModel,ManualFlash|NoUpdatePath|OtaAutomatic|OtaUserInitiated|unsure,,,
lighting,mystrom:wifi_button_plus,mystrom,wifi_button_plus,4,formFactor,Fixed|Portable|Worn|unsure,,,
lighting,mystrom:wifi_button_plus,mystrom,wifi_button_plus,4,hasWebAdminUI,true|false|unsure,,,
lighting,mystrom:wifi_button_plus,mystrom,wifi_button_plus,4,placement,Either|Indoor|Outdoor|unsure,,,
lighting,mystrom:wifi_button_plus,mystrom,wifi_button_plus,4,supportLifetime,DeclaredLifetime|UndeclaredLifetime|unsure,,,
lighting,mystrom:wifi_led_strip,mystrom,wifi_led_strip,4,actuatesPhysical,true|false|unsure,,,
lighting,mystrom:wifi_led_strip,mystrom,wifi_led_strip,4,actuationConsequence,ComfortActuation|NoActuation|PropertyActuation|SafetyActuation|unsure,,,
lighting,mystrom:wifi_led_strip,mystrom,wifi_led_strip,4,capturesAV,true|false|unsure,,,
lighting,mystrom:wifi_led_strip,mystrom,wifi_led_strip,4,cloudDependence,CloudOptional|CloudRequired|LocalOnly|unsure,,,
lighting,mystrom:wifi_led_strip,mystrom,wifi_led_strip,4,computeTier,AndroidDerived|EmbeddedLinux|McuClass|Rtos|unsure,,,
lighting,mystrom:wifi_led_strip,mystrom,wifi_led_strip,4,consumerAvailability,InstallerChannel|MixedChannel|RetailConsumer|unsure,,,
lighting,mystrom:wifi_led_strip,mystrom,wifi_led_strip,4,dataSensitivity,AvStreamData|BiometricData|NoData|TelemetryData|unsure,,,
lighting,mystrom:wifi_led_strip,mystrom,wifi_led_strip,4,firmwareUpdateModel,ManualFlash|NoUpdatePath|OtaAutomatic|OtaUserInitiated|unsure,,,
lighting,mystrom:wifi_led_strip,mystrom,wifi_led_strip,4,formFactor,Fixed|Portable|Worn|unsure,,,
lighting,mystrom:wifi_led_strip,mystrom,wifi_led_strip,4,hasWebAdminUI,true|false|unsure,,,
lighting,mystrom:wifi_led_strip,mystrom,wifi_led_strip,4,placement,Either|Indoor|Outdoor|unsure,,,
lighting,mystrom:wifi_led_strip,mystrom,wifi_led_strip,4,supportLifetime,DeclaredLifetime|UndeclaredLifetime|unsure,,,
lighting,mystrom:wifi_switch,mystrom,wifi_switch,5,actuatesPhysical,true|false|unsure,,,
lighting,mystrom:wifi_switch,mystrom,wifi_switch,5,actuationConsequence,ComfortActuation|NoActuation|PropertyActuation|SafetyActuation|unsure,,,
lighting,mystrom:wifi_switch,mystrom,wifi_switch,5,capturesAV,true|false|unsure,,,
lighting,mystrom:wifi_switch,mystrom,wifi_switch,5,cloudDependence,CloudOptional|CloudRequired|LocalOnly|unsure,,,
lighting,mystrom:wifi_switch,mystrom,wifi_switch,5,computeTier,AndroidDerived|EmbeddedLinux|McuClass|Rtos|unsure,,,
lighting,mystrom:wifi_switch,mystrom,wifi_switch,5,consumerAvailability,InstallerChannel|MixedChannel|RetailConsumer|unsure,,,
lighting,mystrom:wifi_switch,mystrom,wifi_switch,5,dataSensitivity,AvStreamData|BiometricData|NoData|TelemetryData|unsure,,,
lighting,mystrom:wifi_switch,mystrom,wifi_switch,5,firmwareUpdateModel,ManualFlash|NoUpdatePath|OtaAutomatic|OtaUserInitiated|unsure,,,
lighting,mystrom:wifi_switch,mystrom,wifi_switch,5,formFactor,Fixed|Portable|Worn|unsure,,,
lighting,mystrom:wifi_switch,mystrom,wifi_switch,5,hasWebAdminUI,true|false|unsure,,,
lighting,mystrom:wifi_switch,mystrom,wifi_switch,5,placement,Either|Indoor|Outdoor|unsure,,,
lighting,mystrom:wifi_switch,mystrom,wifi_switch,5,supportLifetime,DeclaredLifetime|UndeclaredLifetime|unsure,,,
lighting,mystrom:wifi_switch_eu,mystrom,wifi_switch_eu,4,actuatesPhysical,true|false|unsure,,,
lighting,mystrom:wifi_switch_eu,mystrom,wifi_switch_eu,4,actuationConsequence,ComfortActuation|NoActuation|PropertyActuation|SafetyActuation|unsure,,,
lighting,mystrom:wifi_switch_eu,mystrom,wifi_switch_eu,4,capturesAV,true|false|unsure,,,
lighting,mystrom:wifi_switch_eu,mystrom,wifi_switch_eu,4,cloudDependence,CloudOptional|CloudRequired|LocalOnly|unsure,,,
lighting,mystrom:wifi_switch_eu,mystrom,wifi_switch_eu,4,computeTier,AndroidDerived|EmbeddedLinux|McuClass|Rtos|unsure,,,
lighting,mystrom:wifi_switch_eu,mystrom,wifi_switch_eu,4,consumerAvailability,InstallerChannel|MixedChannel|RetailConsumer|unsure,,,
lighting,mystrom:wifi_switch_eu,mystrom,wifi_switch_eu,4,dataSensitivity,AvStreamData|BiometricData|NoData|TelemetryData|unsure,,,
lighting,mystrom:wifi_switch_eu,mystrom,wifi_switch_eu,4,firmwareUpdateModel,ManualFlash|NoUpdatePath|OtaAutomatic|OtaUserInitiated|unsure,,,
lighting,mystrom:wifi_switch_eu,mystrom,wifi_switch_eu,4,formFactor,Fixed|Portable|Worn|unsure,,,
lighting,mystrom:wifi_switch_eu,mystrom,wifi_switch_eu,4,hasWebAdminUI,true|false|unsure,,,
lighting,mystrom:wifi_switch_eu,mystrom,wifi_switch_eu,4,placement,Either|Indoor|Outdoor|unsure,,,
lighting,mystrom:wifi_switch_eu,mystrom,wifi_switch_eu,4,supportLifetime,DeclaredLifetime|UndeclaredLifetime|unsure,,,
lighting,nanoleaf:lightstrip,nanoleaf,lightstrip,2,actuatesPhysical,true|false|unsure,,,
lighting,nanoleaf:lightstrip,nanoleaf,lightstrip,2,actuationConsequence,ComfortActuation|NoActuation|PropertyActuation|SafetyActuation|unsure,,,
lighting,nanoleaf:lightstrip,nanoleaf,lightstrip,2,capturesAV,true|false|unsure,,,
lighting,nanoleaf:lightstrip,nanoleaf,lightstrip,2,cloudDependence,CloudOptional|CloudRequired|LocalOnly|unsure,,,
lighting,nanoleaf:lightstrip,nanoleaf,lightstrip,2,computeTier,AndroidDerived|EmbeddedLinux|McuClass|Rtos|unsure,,,
lighting,nanoleaf:lightstrip,nanoleaf,lightstrip,2,consumerAvailability,InstallerChannel|MixedChannel|RetailConsumer|unsure,,,
lighting,nanoleaf:lightstrip,nanoleaf,lightstrip,2,dataSensitivity,AvStreamData|BiometricData|NoData|TelemetryData|unsure,,,
lighting,nanoleaf:lightstrip,nanoleaf,lightstrip,2,firmwareUpdateModel,ManualFlash|NoUpdatePath|OtaAutomatic|OtaUserInitiated|unsure,,,
lighting,nanoleaf:lightstrip,nanoleaf,lightstrip,2,formFactor,Fixed|Portable|Worn|unsure,,,
lighting,nanoleaf:lightstrip,nanoleaf,lightstrip,2,hasWebAdminUI,true|false|unsure,,,
lighting,nanoleaf:lightstrip,nanoleaf,lightstrip,2,placement,Either|Indoor|Outdoor|unsure,,,
lighting,nanoleaf:lightstrip,nanoleaf,lightstrip,2,supportLifetime,DeclaredLifetime|UndeclaredLifetime|unsure,,,
lighting,nanoleaf:nanoleaf,nanoleaf,nanoleaf,1,actuatesPhysical,true|false|unsure,,,
lighting,nanoleaf:nanoleaf,nanoleaf,nanoleaf,1,actuationConsequence,ComfortActuation|NoActuation|PropertyActuation|SafetyActuation|unsure,,,
lighting,nanoleaf:nanoleaf,nanoleaf,nanoleaf,1,capturesAV,true|false|unsure,,,
lighting,nanoleaf:nanoleaf,nanoleaf,nanoleaf,1,cloudDependence,CloudOptional|CloudRequired|LocalOnly|unsure,,,
lighting,nanoleaf:nanoleaf,nanoleaf,nanoleaf,1,computeTier,AndroidDerived|EmbeddedLinux|McuClass|Rtos|unsure,,,
lighting,nanoleaf:nanoleaf,nanoleaf,nanoleaf,1,consumerAvailability,InstallerChannel|MixedChannel|RetailConsumer|unsure,,,
lighting,nanoleaf:nanoleaf,nanoleaf,nanoleaf,1,dataSensitivity,AvStreamData|BiometricData|NoData|TelemetryData|unsure,,,
lighting,nanoleaf:nanoleaf,nanoleaf,nanoleaf,1,firmwareUpdateModel,ManualFlash|NoUpdatePath|OtaAutomatic|OtaUserInitiated|unsure,,,
lighting,nanoleaf:nanoleaf,nanoleaf,nanoleaf,1,formFactor,Fixed|Portable|Worn|unsure,,,
lighting,nanoleaf:nanoleaf,nanoleaf,nanoleaf,1,hasWebAdminUI,true|false|unsure,,,
lighting,nanoleaf:nanoleaf,nanoleaf,nanoleaf,1,placement,Either|Indoor|Outdoor|unsure,,,
lighting,nanoleaf:nanoleaf,nanoleaf,nanoleaf,1,supportLifetime,DeclaredLifetime|UndeclaredLifetime|unsure,,,
lighting,orein:smart_bulb,orein,smart_bulb,1,actuatesPhysical,true|false|unsure,,,
lighting,orein:smart_bulb,orein,smart_bulb,1,actuationConsequence,ComfortActuation|NoActuation|PropertyActuation|SafetyActuation|unsure,,,
lighting,orein:smart_bulb,orein,smart_bulb,1,capturesAV,true|false|unsure,,,
lighting,orein:smart_bulb,orein,smart_bulb,1,cloudDependence,CloudOptional|CloudRequired|LocalOnly|unsure,,,
lighting,orein:smart_bulb,orein,smart_bulb,1,computeTier,AndroidDerived|EmbeddedLinux|McuClass|Rtos|unsure,,,
lighting,orein:smart_bulb,orein,smart_bulb,1,consumerAvailability,InstallerChannel|MixedChannel|RetailConsumer|unsure,,,
lighting,orein:smart_bulb,orein,smart_bulb,1,dataSensitivity,AvStreamData|BiometricData|NoData|TelemetryData|unsure,,,
lighting,orein:smart_bulb,orein,smart_bulb,1,firmwareUpdateModel,ManualFlash|NoUpdatePath|OtaAutomatic|OtaUserInitiated|unsure,,,
lighting,orein:smart_bulb,orein,smart_bulb,1,formFactor,Fixed|Portable|Worn|unsure,,,
lighting,orein:smart_bulb,orein,smart_bulb,1,hasWebAdminUI,true|false|unsure,,,
lighting,orein:smart_bulb,orein,smart_bulb,1,placement,Either|Indoor|Outdoor|unsure,,,
lighting,orein:smart_bulb,orein,smart_bulb,1,supportLifetime,DeclaredLifetime|UndeclaredLifetime|unsure,,,
lighting,philips:hue,philips,hue,1,actuatesPhysical,true|false|unsure,,,
lighting,philips:hue,philips,hue,1,actuationConsequence,ComfortActuation|NoActuation|PropertyActuation|SafetyActuation|unsure,,,
lighting,philips:hue,philips,hue,1,capturesAV,true|false|unsure,,,
lighting,philips:hue,philips,hue,1,cloudDependence,CloudOptional|CloudRequired|LocalOnly|unsure,,,
lighting,philips:hue,philips,hue,1,computeTier,AndroidDerived|EmbeddedLinux|McuClass|Rtos|unsure,,,
lighting,philips:hue,philips,hue,1,consumerAvailability,InstallerChannel|MixedChannel|RetailConsumer|unsure,,,
lighting,philips:hue,philips,hue,1,dataSensitivity,AvStreamData|BiometricData|NoData|TelemetryData|unsure,,,
lighting,philips:hue,philips,hue,1,firmwareUpdateModel,ManualFlash|NoUpdatePath|OtaAutomatic|OtaUserInitiated|unsure,,,
lighting,philips:hue,philips,hue,1,formFactor,Fixed|Portable|Worn|unsure,,,
lighting,philips:hue,philips,hue,1,hasWebAdminUI,true|false|unsure,,,
lighting,philips:hue,philips,hue,1,placement,Either|Indoor|Outdoor|unsure,,,
lighting,philips:hue,philips,hue,1,supportLifetime,DeclaredLifetime|UndeclaredLifetime|unsure,,,
lighting,philips:hue_bridge_bsb002,philips,hue_bridge_bsb002,1,actuatesPhysical,true|false|unsure,,,
lighting,philips:hue_bridge_bsb002,philips,hue_bridge_bsb002,1,actuationConsequence,ComfortActuation|NoActuation|PropertyActuation|SafetyActuation|unsure,,,
lighting,philips:hue_bridge_bsb002,philips,hue_bridge_bsb002,1,capturesAV,true|false|unsure,,,
lighting,philips:hue_bridge_bsb002,philips,hue_bridge_bsb002,1,cloudDependence,CloudOptional|CloudRequired|LocalOnly|unsure,,,
lighting,philips:hue_bridge_bsb002,philips,hue_bridge_bsb002,1,computeTier,AndroidDerived|EmbeddedLinux|McuClass|Rtos|unsure,,,
lighting,philips:hue_bridge_bsb002,philips,hue_bridge_bsb002,1,consumerAvailability,InstallerChannel|MixedChannel|RetailConsumer|unsure,,,
lighting,philips:hue_bridge_bsb002,philips,hue_bridge_bsb002,1,dataSensitivity,AvStreamData|BiometricData|NoData|TelemetryData|unsure,,,
lighting,philips:hue_bridge_bsb002,philips,hue_bridge_bsb002,1,firmwareUpdateModel,ManualFlash|NoUpdatePath|OtaAutomatic|OtaUserInitiated|unsure,,,
lighting,philips:hue_bridge_bsb002,philips,hue_bridge_bsb002,1,formFactor,Fixed|Portable|Worn|unsure,,,
lighting,philips:hue_bridge_bsb002,philips,hue_bridge_bsb002,1,hasWebAdminUI,true|false|unsure,,,
lighting,philips:hue_bridge_bsb002,philips,hue_bridge_bsb002,1,placement,Either|Indoor|Outdoor|unsure,,,
lighting,philips:hue_bridge_bsb002,philips,hue_bridge_bsb002,1,supportLifetime,DeclaredLifetime|UndeclaredLifetime|unsure,,,
lighting,philips:hue_bridge_v2,philips,hue_bridge_v2,9,actuatesPhysical,true|false|unsure,,,
lighting,philips:hue_bridge_v2,philips,hue_bridge_v2,9,actuationConsequence,ComfortActuation|NoActuation|PropertyActuation|SafetyActuation|unsure,,,
lighting,philips:hue_bridge_v2,philips,hue_bridge_v2,9,capturesAV,true|false|unsure,,,
lighting,philips:hue_bridge_v2,philips,hue_bridge_v2,9,cloudDependence,CloudOptional|CloudRequired|LocalOnly|unsure,,,
lighting,philips:hue_bridge_v2,philips,hue_bridge_v2,9,computeTier,AndroidDerived|EmbeddedLinux|McuClass|Rtos|unsure,,,
lighting,philips:hue_bridge_v2,philips,hue_bridge_v2,9,consumerAvailability,InstallerChannel|MixedChannel|RetailConsumer|unsure,,,
lighting,philips:hue_bridge_v2,philips,hue_bridge_v2,9,dataSensitivity,AvStreamData|BiometricData|NoData|TelemetryData|unsure,,,
lighting,philips:hue_bridge_v2,philips,hue_bridge_v2,9,firmwareUpdateModel,ManualFlash|NoUpdatePath|OtaAutomatic|OtaUserInitiated|unsure,,,
lighting,philips:hue_bridge_v2,philips,hue_bridge_v2,9,formFactor,Fixed|Portable|Worn|unsure,,,
lighting,philips:hue_bridge_v2,philips,hue_bridge_v2,9,hasWebAdminUI,true|false|unsure,,,
lighting,philips:hue_bridge_v2,philips,hue_bridge_v2,9,placement,Either|Indoor|Outdoor|unsure,,,
lighting,philips:hue_bridge_v2,philips,hue_bridge_v2,9,supportLifetime,DeclaredLifetime|UndeclaredLifetime|unsure,,,
lighting,philips:taolight_smart_wi-fi_wiz_connected_led_bulb_9290022656,philips,taolight_smart_wi-fi_wiz_connected_led_bulb_9290022656,1,actuatesPhysical,true|false|unsure,,,
lighting,philips:taolight_smart_wi-fi_wiz_connected_led_bulb_9290022656,philips,taolight_smart_wi-fi_wiz_connected_led_bulb_9290022656,1,actuationConsequence,ComfortActuation|NoActuation|PropertyActuation|SafetyActuation|unsure,,,
lighting,philips:taolight_smart_wi-fi_wiz_connected_led_bulb_9290022656,philips,taolight_smart_wi-fi_wiz_connected_led_bulb_9290022656,1,capturesAV,true|false|unsure,,,
lighting,philips:taolight_smart_wi-fi_wiz_connected_led_bulb_9290022656,philips,taolight_smart_wi-fi_wiz_connected_led_bulb_9290022656,1,cloudDependence,CloudOptional|CloudRequired|LocalOnly|unsure,,,
lighting,philips:taolight_smart_wi-fi_wiz_connected_led_bulb_9290022656,philips,taolight_smart_wi-fi_wiz_connected_led_bulb_9290022656,1,computeTier,AndroidDerived|EmbeddedLinux|McuClass|Rtos|unsure,,,
lighting,philips:taolight_smart_wi-fi_wiz_connected_led_bulb_9290022656,philips,taolight_smart_wi-fi_wiz_connected_led_bulb_9290022656,1,consumerAvailability,InstallerChannel|MixedChannel|RetailConsumer|unsure,,,
lighting,philips:taolight_smart_wi-fi_wiz_connected_led_bulb_9290022656,philips,taolight_smart_wi-fi_wiz_connected_led_bulb_9290022656,1,dataSensitivity,AvStreamData|BiometricData|NoData|TelemetryData|unsure,,,
lighting,philips:taolight_smart_wi-fi_wiz_connected_led_bulb_9290022656,philips,taolight_smart_wi-fi_wiz_connected_led_bulb_9290022656,1,firmwareUpdateModel,ManualFlash|NoUpdatePath|OtaAutomatic|OtaUserInitiated|unsure,,,
lighting,philips:taolight_smart_wi-fi_wiz_connected_led_bulb_9290022656,philips,taolight_smart_wi-fi_wiz_connected_led_bulb_9290022656,1,formFactor,Fixed|Portable|Worn|unsure,,,
lighting,philips:taolight_smart_wi-fi_wiz_connected_led_bulb_9290022656,philips,taolight_smart_wi-fi_wiz_connected_led_bulb_9290022656,1,hasWebAdminUI,true|false|unsure,,,
lighting,philips:taolight_smart_wi-fi_wiz_connected_led_bulb_9290022656,philips,taolight_smart_wi-fi_wiz_connected_led_bulb_9290022656,1,placement,Either|Indoor|Outdoor|unsure,,,
lighting,philips:taolight_smart_wi-fi_wiz_connected_led_bulb_9290022656,philips,taolight_smart_wi-fi_wiz_connected_led_bulb_9290022656,1,supportLifetime,DeclaredLifetime|UndeclaredLifetime|unsure,,,
lighting,phillips:hue_bridge,phillips,hue_bridge,1,actuatesPhysical,true|false|unsure,,,
lighting,phillips:hue_bridge,phillips,hue_bridge,1,actuationConsequence,ComfortActuation|NoActuation|PropertyActuation|SafetyActuation|unsure,,,
lighting,phillips:hue_bridge,phillips,hue_bridge,1,capturesAV,true|false|unsure,,,
lighting,phillips:hue_bridge,phillips,hue_bridge,1,cloudDependence,CloudOptional|CloudRequired|LocalOnly|unsure,,,
lighting,phillips:hue_bridge,phillips,hue_bridge,1,computeTier,AndroidDerived|EmbeddedLinux|McuClass|Rtos|unsure,,,
lighting,phillips:hue_bridge,phillips,hue_bridge,1,consumerAvailability,InstallerChannel|MixedChannel|RetailConsumer|unsure,,,
lighting,phillips:hue_bridge,phillips,hue_bridge,1,dataSensitivity,AvStreamData|BiometricData|NoData|TelemetryData|unsure,,,
lighting,phillips:hue_bridge,phillips,hue_bridge,1,firmwareUpdateModel,ManualFlash|NoUpdatePath|OtaAutomatic|OtaUserInitiated|unsure,,,
lighting,phillips:hue_bridge,phillips,hue_bridge,1,formFactor,Fixed|Portable|Worn|unsure,,,
lighting,phillips:hue_bridge,phillips,hue_bridge,1,hasWebAdminUI,true|false|unsure,,,
lighting,phillips:hue_bridge,phillips,hue_bridge,1,placement,Either|Indoor|Outdoor|unsure,,,
lighting,phillips:hue_bridge,phillips,hue_bridge,1,supportLifetime,DeclaredLifetime|UndeclaredLifetime|unsure,,,
lighting,sengled:e1e-g7f,sengled,e1e-g7f,1,actuatesPhysical,true|false|unsure,,,
lighting,sengled:e1e-g7f,sengled,e1e-g7f,1,actuationConsequence,ComfortActuation|NoActuation|PropertyActuation|SafetyActuation|unsure,,,
lighting,sengled:e1e-g7f,sengled,e1e-g7f,1,capturesAV,true|false|unsure,,,
lighting,sengled:e1e-g7f,sengled,e1e-g7f,1,cloudDependence,CloudOptional|CloudRequired|LocalOnly|unsure,,,
lighting,sengled:e1e-g7f,sengled,e1e-g7f,1,computeTier,AndroidDerived|EmbeddedLinux|McuClass|Rtos|unsure,,,
lighting,sengled:e1e-g7f,sengled,e1e-g7f,1,consumerAvailability,InstallerChannel|MixedChannel|RetailConsumer|unsure,,,
lighting,sengled:e1e-g7f,sengled,e1e-g7f,1,dataSensitivity,AvStreamData|BiometricData|NoData|TelemetryData|unsure,,,
lighting,sengled:e1e-g7f,sengled,e1e-g7f,1,firmwareUpdateModel,ManualFlash|NoUpdatePath|OtaAutomatic|OtaUserInitiated|unsure,,,
lighting,sengled:e1e-g7f,sengled,e1e-g7f,1,formFactor,Fixed|Portable|Worn|unsure,,,
lighting,sengled:e1e-g7f,sengled,e1e-g7f,1,hasWebAdminUI,true|false|unsure,,,
lighting,sengled:e1e-g7f,sengled,e1e-g7f,1,placement,Either|Indoor|Outdoor|unsure,,,
lighting,sengled:e1e-g7f,sengled,e1e-g7f,1,supportLifetime,DeclaredLifetime|UndeclaredLifetime|unsure,,,
lighting,sengled:es21-n1eaw,sengled,es21-n1eaw,1,actuatesPhysical,true|false|unsure,,,
lighting,sengled:es21-n1eaw,sengled,es21-n1eaw,1,actuationConsequence,ComfortActuation|NoActuation|PropertyActuation|SafetyActuation|unsure,,,
lighting,sengled:es21-n1eaw,sengled,es21-n1eaw,1,capturesAV,true|false|unsure,,,
lighting,sengled:es21-n1eaw,sengled,es21-n1eaw,1,cloudDependence,CloudOptional|CloudRequired|LocalOnly|unsure,,,
lighting,sengled:es21-n1eaw,sengled,es21-n1eaw,1,computeTier,AndroidDerived|EmbeddedLinux|McuClass|Rtos|unsure,,,
lighting,sengled:es21-n1eaw,sengled,es21-n1eaw,1,consumerAvailability,InstallerChannel|MixedChannel|RetailConsumer|unsure,,,
lighting,sengled:es21-n1eaw,sengled,es21-n1eaw,1,dataSensitivity,AvStreamData|BiometricData|NoData|TelemetryData|unsure,,,
lighting,sengled:es21-n1eaw,sengled,es21-n1eaw,1,firmwareUpdateModel,ManualFlash|NoUpdatePath|OtaAutomatic|OtaUserInitiated|unsure,,,
lighting,sengled:es21-n1eaw,sengled,es21-n1eaw,1,formFactor,Fixed|Portable|Worn|unsure,,,
lighting,sengled:es21-n1eaw,sengled,es21-n1eaw,1,hasWebAdminUI,true|false|unsure,,,
lighting,sengled:es21-n1eaw,sengled,es21-n1eaw,1,placement,Either|Indoor|Outdoor|unsure,,,
lighting,sengled:es21-n1eaw,sengled,es21-n1eaw,1,supportLifetime,DeclaredLifetime|UndeclaredLifetime|unsure,,,
lighting,shelly:pro_4pm,shelly,pro_4pm,1,actuatesPhysical,true|false|unsure,,,
lighting,shelly:pro_4pm,shelly,pro_4pm,1,actuationConsequence,ComfortActuation|NoActuation|PropertyActuation|SafetyActuation|unsure,,,
lighting,shelly:pro_4pm,shelly,pro_4pm,1,capturesAV,true|false|unsure,,,
lighting,shelly:pro_4pm,shelly,pro_4pm,1,cloudDependence,CloudOptional|CloudRequired|LocalOnly|unsure,,,
lighting,shelly:pro_4pm,shelly,pro_4pm,1,computeTier,AndroidDerived|EmbeddedLinux|McuClass|Rtos|unsure,,,
lighting,shelly:pro_4pm,shelly,pro_4pm,1,consumerAvailability,InstallerChannel|MixedChannel|RetailConsumer|unsure,,,
lighting,shelly:pro_4pm,shelly,pro_4pm,1,dataSensitivity,AvStreamData|BiometricData|NoData|TelemetryData|unsure,,,
lighting,shelly:pro_4pm,shelly,pro_4pm,1,firmwareUpdateModel,ManualFlash|NoUpdatePath|OtaAutomatic|OtaUserInitiated|unsure,,,
lighting,shelly:pro_4pm,shelly,pro_4pm,1,formFactor,Fixed|Portable|Worn|unsure,,,
lighting,shelly:pro_4pm,shelly,pro_4pm,1,hasWebAdminUI,true|false|unsure,,,
lighting,shelly:pro_4pm,shelly,pro_4pm,1,placement,Either|Indoor|Outdoor|unsure,,,
lighting,shelly:pro_4pm,shelly,pro_4pm,1,supportLifetime,DeclaredLifetime|UndeclaredLifetime|unsure,,,
lighting,switchbot:hub2,switchbot,hub2,1,actuatesPhysical,true|false|unsure,,,
lighting,switchbot:hub2,switchbot,hub2,1,actuationConsequence,ComfortActuation|NoActuation|PropertyActuation|SafetyActuation|unsure,,,
lighting,switchbot:hub2,switchbot,hub2,1,capturesAV,true|false|unsure,,,
lighting,switchbot:hub2,switchbot,hub2,1,cloudDependence,CloudOptional|CloudRequired|LocalOnly|unsure,,,
lighting,switchbot:hub2,switchbot,hub2,1,computeTier,AndroidDerived|EmbeddedLinux|McuClass|Rtos|unsure,,,
lighting,switchbot:hub2,switchbot,hub2,1,consumerAvailability,InstallerChannel|MixedChannel|RetailConsumer|unsure,,,
lighting,switchbot:hub2,switchbot,hub2,1,dataSensitivity,AvStreamData|BiometricData|NoData|TelemetryData|unsure,,,
lighting,switchbot:hub2,switchbot,hub2,1,firmwareUpdateModel,ManualFlash|NoUpdatePath|OtaAutomatic|OtaUserInitiated|unsure,,,
lighting,switchbot:hub2,switchbot,hub2,1,formFactor,Fixed|Portable|Worn|unsure,,,
lighting,switchbot:hub2,switchbot,hub2,1,hasWebAdminUI,true|false|unsure,,,
lighting,switchbot:hub2,switchbot,hub2,1,placement,Either|Indoor|Outdoor|unsure,,,
lighting,switchbot:hub2,switchbot,hub2,1,supportLifetime,DeclaredLifetime|UndeclaredLifetime|unsure,,,
lighting,syska:smartlight_rainbow_led_smart_bulb,syska,smartlight_rainbow_led_smart_bulb,1,actuatesPhysical,true|false|unsure,,,
lighting,syska:smartlight_rainbow_led_smart_bulb,syska,smartlight_rainbow_led_smart_bulb,1,actuationConsequence,ComfortActuation|NoActuation|PropertyActuation|SafetyActuation|unsure,,,
lighting,syska:smartlight_rainbow_led_smart_bulb,syska,smartlight_rainbow_led_smart_bulb,1,capturesAV,true|false|unsure,,,
lighting,syska:smartlight_rainbow_led_smart_bulb,syska,smartlight_rainbow_led_smart_bulb,1,cloudDependence,CloudOptional|CloudRequired|LocalOnly|unsure,,,
lighting,syska:smartlight_rainbow_led_smart_bulb,syska,smartlight_rainbow_led_smart_bulb,1,computeTier,AndroidDerived|EmbeddedLinux|McuClass|Rtos|unsure,,,
lighting,syska:smartlight_rainbow_led_smart_bulb,syska,smartlight_rainbow_led_smart_bulb,1,consumerAvailability,InstallerChannel|MixedChannel|RetailConsumer|unsure,,,
lighting,syska:smartlight_rainbow_led_smart_bulb,syska,smartlight_rainbow_led_smart_bulb,1,dataSensitivity,AvStreamData|BiometricData|NoData|TelemetryData|unsure,,,
lighting,syska:smartlight_rainbow_led_smart_bulb,syska,smartlight_rainbow_led_smart_bulb,1,firmwareUpdateModel,ManualFlash|NoUpdatePath|OtaAutomatic|OtaUserInitiated|unsure,,,
lighting,syska:smartlight_rainbow_led_smart_bulb,syska,smartlight_rainbow_led_smart_bulb,1,formFactor,Fixed|Portable|Worn|unsure,,,
lighting,syska:smartlight_rainbow_led_smart_bulb,syska,smartlight_rainbow_led_smart_bulb,1,hasWebAdminUI,true|false|unsure,,,
lighting,syska:smartlight_rainbow_led_smart_bulb,syska,smartlight_rainbow_led_smart_bulb,1,placement,Either|Indoor|Outdoor|unsure,,,
lighting,syska:smartlight_rainbow_led_smart_bulb,syska,smartlight_rainbow_led_smart_bulb,1,supportLifetime,DeclaredLifetime|UndeclaredLifetime|unsure,,,
lighting,tapo:mini_smart_wi-fi_plug,tapo,mini_smart_wi-fi_plug,1,actuatesPhysical,true|false|unsure,,,
lighting,tapo:mini_smart_wi-fi_plug,tapo,mini_smart_wi-fi_plug,1,actuationConsequence,ComfortActuation|NoActuation|PropertyActuation|SafetyActuation|unsure,,,
lighting,tapo:mini_smart_wi-fi_plug,tapo,mini_smart_wi-fi_plug,1,capturesAV,true|false|unsure,,,
lighting,tapo:mini_smart_wi-fi_plug,tapo,mini_smart_wi-fi_plug,1,cloudDependence,CloudOptional|CloudRequired|LocalOnly|unsure,,,
lighting,tapo:mini_smart_wi-fi_plug,tapo,mini_smart_wi-fi_plug,1,computeTier,AndroidDerived|EmbeddedLinux|McuClass|Rtos|unsure,,,
lighting,tapo:mini_smart_wi-fi_plug,tapo,mini_smart_wi-fi_plug,1,consumerAvailability,InstallerChannel|MixedChannel|RetailConsumer|unsure,,,
lighting,tapo:mini_smart_wi-fi_plug,tapo,mini_smart_wi-fi_plug,1,dataSensitivity,AvStreamData|BiometricData|NoData|TelemetryData|unsure,,,
lighting,tapo:mini_smart_wi-fi_plug,tapo,mini_smart_wi-fi_plug,1,firmwareUpdateModel,ManualFlash|NoUpdatePath|OtaAutomatic|OtaUserInitiated|unsure,,,
lighting,tapo:mini_smart_wi-fi_plug,tapo,mini_smart_wi-fi_plug,1,formFactor,Fixed|Portable|Worn|unsure,,,
lighting,tapo:mini_smart_wi-fi_plug,tapo,mini_smart_wi-fi_plug,1,hasWebAdminUI,true|false|unsure,,,
lighting,tapo:mini_smart_wi-fi_plug,tapo,mini_smart_wi-fi_plug,1,placement,Either|Indoor|Outdoor|unsure,,,
lighting,tapo:mini_smart_wi-fi_plug,tapo,mini_smart_wi-fi_plug,1,supportLifetime,DeclaredLifetime|UndeclaredLifetime|unsure,,,
lighting,tp-link:smart_plug,tp-link,smart_plug,1,actuatesPhysical,true|false|unsure,,,
lighting,tp-link:smart_plug,tp-link,smart_plug,1,actuationConsequence,ComfortActuation|NoActuation|PropertyActuation|SafetyActuation|unsure,,,
lighting,tp-link:smart_plug,tp-link,smart_plug,1,capturesAV,true|false|unsure,,,
lighting,tp-link:smart_plug,tp-link,smart_plug,1,cloudDependence,CloudOptional|CloudRequired|LocalOnly|unsure,,,
lighting,tp-link:smart_plug,tp-link,smart_plug,1,computeTier,AndroidDerived|EmbeddedLinux|McuClass|Rtos|unsure,,,
lighting,tp-link:smart_plug,tp-link,smart_plug,1,consumerAvailability,InstallerChannel|MixedChannel|RetailConsumer|unsure,,,
lighting,tp-link:smart_plug,tp-link,smart_plug,1,dataSensitivity,AvStreamData|BiometricData|NoData|TelemetryData|unsure,,,
lighting,tp-link:smart_plug,tp-link,smart_plug,1,firmwareUpdateModel,ManualFlash|NoUpdatePath|OtaAutomatic|OtaUserInitiated|unsure,,,
lighting,tp-link:smart_plug,tp-link,smart_plug,1,formFactor,Fixed|Portable|Worn|unsure,,,
lighting,tp-link:smart_plug,tp-link,smart_plug,1,hasWebAdminUI,true|false|unsure,,,
lighting,tp-link:smart_plug,tp-link,smart_plug,1,placement,Either|Indoor|Outdoor|unsure,,,
lighting,tp-link:smart_plug,tp-link,smart_plug,1,supportLifetime,DeclaredLifetime|UndeclaredLifetime|unsure,,,
lighting,tp-link:tapo_l530e,tp-link,tapo_l530e,4,actuatesPhysical,true|false|unsure,,,
lighting,tp-link:tapo_l530e,tp-link,tapo_l530e,4,actuationConsequence,ComfortActuation|NoActuation|PropertyActuation|SafetyActuation|unsure,,,
lighting,tp-link:tapo_l530e,tp-link,tapo_l530e,4,capturesAV,true|false|unsure,,,
lighting,tp-link:tapo_l530e,tp-link,tapo_l530e,4,cloudDependence,CloudOptional|CloudRequired|LocalOnly|unsure,,,
lighting,tp-link:tapo_l530e,tp-link,tapo_l530e,4,computeTier,AndroidDerived|EmbeddedLinux|McuClass|Rtos|unsure,,,
lighting,tp-link:tapo_l530e,tp-link,tapo_l530e,4,consumerAvailability,InstallerChannel|MixedChannel|RetailConsumer|unsure,,,
lighting,tp-link:tapo_l530e,tp-link,tapo_l530e,4,dataSensitivity,AvStreamData|BiometricData|NoData|TelemetryData|unsure,,,
lighting,tp-link:tapo_l530e,tp-link,tapo_l530e,4,firmwareUpdateModel,ManualFlash|NoUpdatePath|OtaAutomatic|OtaUserInitiated|unsure,,,
lighting,tp-link:tapo_l530e,tp-link,tapo_l530e,4,formFactor,Fixed|Portable|Worn|unsure,,,
lighting,tp-link:tapo_l530e,tp-link,tapo_l530e,4,hasWebAdminUI,true|false|unsure,,,
lighting,tp-link:tapo_l530e,tp-link,tapo_l530e,4,placement,Either|Indoor|Outdoor|unsure,,,
lighting,tp-link:tapo_l530e,tp-link,tapo_l530e,4,supportLifetime,DeclaredLifetime|UndeclaredLifetime|unsure,,,
lighting,yeelight:smart_lamp,yeelight,smart_lamp,1,actuatesPhysical,true|false|unsure,,,
lighting,yeelight:smart_lamp,yeelight,smart_lamp,1,actuationConsequence,ComfortActuation|NoActuation|PropertyActuation|SafetyActuation|unsure,,,
lighting,yeelight:smart_lamp,yeelight,smart_lamp,1,capturesAV,true|false|unsure,,,
lighting,yeelight:smart_lamp,yeelight,smart_lamp,1,cloudDependence,CloudOptional|CloudRequired|LocalOnly|unsure,,,
lighting,yeelight:smart_lamp,yeelight,smart_lamp,1,computeTier,AndroidDerived|EmbeddedLinux|McuClass|Rtos|unsure,,,
lighting,yeelight:smart_lamp,yeelight,smart_lamp,1,consumerAvailability,InstallerChannel|MixedChannel|RetailConsumer|unsure,,,
lighting,yeelight:smart_lamp,yeelight,smart_lamp,1,dataSensitivity,AvStreamData|BiometricData|NoData|TelemetryData|unsure,,,
lighting,yeelight:smart_lamp,yeelight,smart_lamp,1,firmwareUpdateModel,ManualFlash|NoUpdatePath|OtaAutomatic|OtaUserInitiated|unsure,,,
lighting,yeelight:smart_lamp,yeelight,smart_lamp,1,formFactor,Fixed|Portable|Worn|unsure,,,
lighting,yeelight:smart_lamp,yeelight,smart_lamp,1,hasWebAdminUI,true|false|unsure,,,
lighting,yeelight:smart_lamp,yeelight,smart_lamp,1,placement,Either|Indoor|Outdoor|unsure,,,
lighting,yeelight:smart_lamp,yeelight,smart_lamp,1,supportLifetime,DeclaredLifetime|UndeclaredLifetime|unsure,,,
robotvacuum,ecovacs:airbot_andy,ecovacs,airbot_andy,5,actuatesPhysical,true|false|unsure,,,
robotvacuum,ecovacs:airbot_andy,ecovacs,airbot_andy,5,actuationConsequence,ComfortActuation|NoActuation|PropertyActuation|SafetyActuation|unsure,,,
robotvacuum,ecovacs:airbot_andy,ecovacs,airbot_andy,5,capturesAV,true|false|unsure,,,
robotvacuum,ecovacs:airbot_andy,ecovacs,airbot_andy,5,cloudDependence,CloudOptional|CloudRequired|LocalOnly|unsure,,,
robotvacuum,ecovacs:airbot_andy,ecovacs,airbot_andy,5,computeTier,AndroidDerived|EmbeddedLinux|McuClass|Rtos|unsure,,,
robotvacuum,ecovacs:airbot_andy,ecovacs,airbot_andy,5,consumerAvailability,InstallerChannel|MixedChannel|RetailConsumer|unsure,,,
robotvacuum,ecovacs:airbot_andy,ecovacs,airbot_andy,5,dataSensitivity,AvStreamData|BiometricData|NoData|TelemetryData|unsure,,,
robotvacuum,ecovacs:airbot_andy,ecovacs,airbot_andy,5,firmwareUpdateModel,ManualFlash|NoUpdatePath|OtaAutomatic|OtaUserInitiated|unsure,,,
robotvacuum,ecovacs:airbot_andy,ecovacs,airbot_andy,5,formFactor,Fixed|Portable|Worn|unsure,,,
robotvacuum,ecovacs:airbot_andy,ecovacs,airbot_andy,5,hasWebAdminUI,true|false|unsure,,,
robotvacuum,ecovacs:airbot_andy,ecovacs,airbot_andy,5,placement,Either|Indoor|Outdoor|unsure,,,
robotvacuum,ecovacs:airbot_andy,ecovacs,airbot_andy,5,supportLifetime,DeclaredLifetime|UndeclaredLifetime|unsure,,,
robotvacuum,ecovacs:airbot_ava,ecovacs,airbot_ava,5,actuatesPhysical,true|false|unsure,,,
robotvacuum,ecovacs:airbot_ava,ecovacs,airbot_ava,5,actuationConsequence,ComfortActuation|NoActuation|PropertyActuation|SafetyActuation|unsure,,,
robotvacuum,ecovacs:airbot_ava,ecovacs,airbot_ava,5,capturesAV,true|false|unsure,,,
robotvacuum,ecovacs:airbot_ava,ecovacs,airbot_ava,5,cloudDependence,CloudOptional|CloudRequired|LocalOnly|unsure,,,
robotvacuum,ecovacs:airbot_ava,ecovacs,airbot_ava,5,computeTier,AndroidDerived|EmbeddedLinux|McuClass|Rtos|unsure,,,
robotvacuum,ecovacs:airbot_ava,ecovacs,airbot_ava,5,consumerAvailability,InstallerChannel|MixedChannel|RetailConsumer|unsure,,,
robotvacuum,ecovacs:airbot_ava,ecovacs,airbot_ava,5,dataSensitivity,AvStreamData|BiometricData|NoData|TelemetryData|unsure,,,
robotvacuum,ecovacs:airbot_ava,ecovacs,airbot_ava,5,firmwareUpdateModel,ManualFlash|NoUpdatePath|OtaAutomatic|OtaUserInitiated|unsure,,,
robotvacuum,ecovacs:airbot_ava,ecovacs,airbot_ava,5,formFactor,Fixed|Portable|Worn|unsure,,,
robotvacuum,ecovacs:airbot_ava,ecovacs,airbot_ava,5,hasWebAdminUI,true|false|unsure,,,
robotvacuum,ecovacs:airbot_ava,ecovacs,airbot_ava,5,placement,Either|Indoor|Outdoor|unsure,,,
robotvacuum,ecovacs:airbot_ava,ecovacs,airbot_ava,5,supportLifetime,DeclaredLifetime|UndeclaredLifetime|unsure,,,
robotvacuum,ecovacs:airbot_z1,ecovacs,airbot_z1,5,actuatesPhysical,true|false|unsure,,,
robotvacuum,ecovacs:airbot_z1,ecovacs,airbot_z1,5,actuationConsequence,ComfortActuation|NoActuation|PropertyActuation|SafetyActuation|unsure,,,
robotvacuum,ecovacs:airbot_z1,ecovacs,airbot_z1,5,capturesAV,true|false|unsure,,,
robotvacuum,ecovacs:airbot_z1,ecovacs,airbot_z1,5,cloudDependence,CloudOptional|CloudRequired|LocalOnly|unsure,,,
robotvacuum,ecovacs:airbot_z1,ecovacs,airbot_z1,5,computeTier,AndroidDerived|EmbeddedLinux|McuClass|Rtos|unsure,,,
robotvacuum,ecovacs:airbot_z1,ecovacs,airbot_z1,5,consumerAvailability,InstallerChannel|MixedChannel|RetailConsumer|unsure,,,
robotvacuum,ecovacs:airbot_z1,ecovacs,airbot_z1,5,dataSensitivity,AvStreamData|BiometricData|NoData|TelemetryData|unsure,,,
robotvacuum,ecovacs:airbot_z1,ecovacs,airbot_z1,5,firmwareUpdateModel,ManualFlash|NoUpdatePath|OtaAutomatic|OtaUserInitiated|unsure,,,
robotvacuum,ecovacs:airbot_z1,ecovacs,airbot_z1,5,formFactor,Fixed|Portable|Worn|unsure,,,
robotvacuum,ecovacs:airbot_z1,ecovacs,airbot_z1,5,hasWebAdminUI,true|false|unsure,,,
robotvacuum,ecovacs:airbot_z1,ecovacs,airbot_z1,5,placement,Either|Indoor|Outdoor|unsure,,,
robotvacuum,ecovacs:airbot_z1,ecovacs,airbot_z1,5,supportLifetime,DeclaredLifetime|UndeclaredLifetime|unsure,,,
robotvacuum,ecovacs:deebot_900,ecovacs,deebot_900,5,actuatesPhysical,true|false|unsure,,,
robotvacuum,ecovacs:deebot_900,ecovacs,deebot_900,5,actuationConsequence,ComfortActuation|NoActuation|PropertyActuation|SafetyActuation|unsure,,,
robotvacuum,ecovacs:deebot_900,ecovacs,deebot_900,5,capturesAV,true|false|unsure,,,
robotvacuum,ecovacs:deebot_900,ecovacs,deebot_900,5,cloudDependence,CloudOptional|CloudRequired|LocalOnly|unsure,,,
robotvacuum,ecovacs:deebot_900,ecovacs,deebot_900,5,computeTier,AndroidDerived|EmbeddedLinux|McuClass|Rtos|unsure,,,
robotvacuum,ecovacs:deebot_900,ecovacs,deebot_900,5,consumerAvailability,InstallerChannel|MixedChannel|RetailConsumer|unsure,,,
robotvacuum,ecovacs:deebot_900,ecovacs,deebot_900,5,dataSensitivity,AvStreamData|BiometricData|NoData|TelemetryData|unsure,,,
robotvacuum,ecovacs:deebot_900,ecovacs,deebot_900,5,firmwareUpdateModel,ManualFlash|NoUpdatePath|OtaAutomatic|OtaUserInitiated|unsure,,,
robotvacuum,ecovacs:deebot_900,ecovacs,deebot_900,5,formFactor,Fixed|Portable|Worn|unsure,,,
robotvacuum,ecovacs:deebot_900,ecovacs,deebot_900,5,hasWebAdminUI,true|false|unsure,,,
robotvacuum,ecovacs:deebot_900,ecovacs,deebot_900,5,placement,Either|Indoor|Outdoor|unsure,,,
robotvacuum,ecovacs:deebot_900,ecovacs,deebot_900,5,supportLifetime,DeclaredLifetime|UndeclaredLifetime|unsure,,,
robotvacuum,ecovacs:deebot_n8,ecovacs,deebot_n8,5,actuatesPhysical,true|false|unsure,,,
robotvacuum,ecovacs:deebot_n8,ecovacs,deebot_n8,5,actuationConsequence,ComfortActuation|NoActuation|PropertyActuation|SafetyActuation|unsure,,,
robotvacuum,ecovacs:deebot_n8,ecovacs,deebot_n8,5,capturesAV,true|false|unsure,,,
robotvacuum,ecovacs:deebot_n8,ecovacs,deebot_n8,5,cloudDependence,CloudOptional|CloudRequired|LocalOnly|unsure,,,
robotvacuum,ecovacs:deebot_n8,ecovacs,deebot_n8,5,computeTier,AndroidDerived|EmbeddedLinux|McuClass|Rtos|unsure,,,
robotvacuum,ecovacs:deebot_n8,ecovacs,deebot_n8,5,consumerAvailability,InstallerChannel|MixedChannel|RetailConsumer|unsure,,,
robotvacuum,ecovacs:deebot_n8,ecovacs,deebot_n8,5,dataSensitivity,AvStreamData|BiometricData|NoData|TelemetryData|unsure,,,
robotvacuum,ecovacs:deebot_n8,ecovacs,deebot_n8,5,firmwareUpdateModel,ManualFlash|NoUpdatePath|OtaAutomatic|OtaUserInitiated|unsure,,,
robotvacuum,ecovacs:deebot_n8,ecovacs,deebot_n8,5,formFactor,Fixed|Portable|Worn|unsure,,,
robotvacuum,ecovacs:deebot_n8,ecovacs,deebot_n8,5,hasWebAdminUI,true|false|unsure,,,
robotvacuum,ecovacs:deebot_n8,ecovacs,deebot_n8,5,placement,Either|Indoor|Outdoor|unsure,,,
robotvacuum,ecovacs:deebot_n8,ecovacs,deebot_n8,5,supportLifetime,DeclaredLifetime|UndeclaredLifetime|unsure,,,
robotvacuum,ecovacs:deebot_n9,ecovacs,deebot_n9,5,actuatesPhysical,true|false|unsure,,,
robotvacuum,ecovacs:deebot_n9,ecovacs,deebot_n9,5,actuationConsequence,ComfortActuation|NoActuation|PropertyActuation|SafetyActuation|unsure,,,
robotvacuum,ecovacs:deebot_n9,ecovacs,deebot_n9,5,capturesAV,true|false|unsure,,,
robotvacuum,ecovacs:deebot_n9,ecovacs,deebot_n9,5,cloudDependence,CloudOptional|CloudRequired|LocalOnly|unsure,,,
robotvacuum,ecovacs:deebot_n9,ecovacs,deebot_n9,5,computeTier,AndroidDerived|EmbeddedLinux|McuClass|Rtos|unsure,,,
robotvacuum,ecovacs:deebot_n9,ecovacs,deebot_n9,5,consumerAvailability,InstallerChannel|MixedChannel|RetailConsumer|unsure,,,
robotvacuum,ecovacs:deebot_n9,ecovacs,deebot_n9,5,dataSensitivity,AvStreamData|BiometricData|NoData|TelemetryData|unsure,,,
robotvacuum,ecovacs:deebot_n9,ecovacs,deebot_n9,5,firmwareUpdateModel,ManualFlash|NoUpdatePath|OtaAutomatic|OtaUserInitiated|unsure,,,
robotvacuum,ecovacs:deebot_n9,ecovacs,deebot_n9,5,formFactor,Fixed|Portable|Worn|unsure,,,
robotvacuum,ecovacs:deebot_n9,ecovacs,deebot_n9,5,hasWebAdminUI,true|false|unsure,,,
robotvacuum,ecovacs:deebot_n9,ecovacs,deebot_n9,5,placement,Either|Indoor|Outdoor|unsure,,,
robotvacuum,ecovacs:deebot_n9,ecovacs,deebot_n9,5,supportLifetime,DeclaredLifetime|UndeclaredLifetime|unsure,,,
robotvacuum,ecovacs:deebot_t10,ecovacs,deebot_t10,9,actuatesPhysical,true|false|unsure,,,
robotvacuum,ecovacs:deebot_t10,ecovacs,deebot_t10,9,actuationConsequence,ComfortActuation|NoActuation|PropertyActuation|SafetyActuation|unsure,,,
robotvacuum,ecovacs:deebot_t10,ecovacs,deebot_t10,9,capturesAV,true|false|unsure,,,
robotvacuum,ecovacs:deebot_t10,ecovacs,deebot_t10,9,cloudDependence,CloudOptional|CloudRequired|LocalOnly|unsure,,,
robotvacuum,ecovacs:deebot_t10,ecovacs,deebot_t10,9,computeTier,AndroidDerived|EmbeddedLinux|McuClass|Rtos|unsure,,,
robotvacuum,ecovacs:deebot_t10,ecovacs,deebot_t10,9,consumerAvailability,InstallerChannel|MixedChannel|RetailConsumer|unsure,,,
robotvacuum,ecovacs:deebot_t10,ecovacs,deebot_t10,9,dataSensitivity,AvStreamData|BiometricData|NoData|TelemetryData|unsure,,,
robotvacuum,ecovacs:deebot_t10,ecovacs,deebot_t10,9,firmwareUpdateModel,ManualFlash|NoUpdatePath|OtaAutomatic|OtaUserInitiated|unsure,,,
robotvacuum,ecovacs:deebot_t10,ecovacs,deebot_t10,9,formFactor,Fixed|Portable|Worn|unsure,,,
robotvacuum,ecovacs:deebot_t10,ecovacs,deebot_t10,9,hasWebAdminUI,true|false|unsure,,,
robotvacuum,ecovacs:deebot_t10,ecovacs,deebot_t10,9,placement,Either|Indoor|Outdoor|unsure,,,
robotvacuum,ecovacs:deebot_t10,ecovacs,deebot_t10,9,supportLifetime,DeclaredLifetime|UndeclaredLifetime|unsure,,,
robotvacuum,ecovacs:deebot_t10_omni,ecovacs,deebot_t10_omni,4,actuatesPhysical,true|false|unsure,,,
robotvacuum,ecovacs:deebot_t10_omni,ecovacs,deebot_t10_omni,4,actuationConsequence,ComfortActuation|NoActuation|PropertyActuation|SafetyActuation|unsure,,,
robotvacuum,ecovacs:deebot_t10_omni,ecovacs,deebot_t10_omni,4,capturesAV,true|false|unsure,,,
robotvacuum,ecovacs:deebot_t10_omni,ecovacs,deebot_t10_omni,4,cloudDependence,CloudOptional|CloudRequired|LocalOnly|unsure,,,
robotvacuum,ecovacs:deebot_t10_omni,ecovacs,deebot_t10_omni,4,computeTier,AndroidDerived|EmbeddedLinux|McuClass|Rtos|unsure,,,
robotvacuum,ecovacs:deebot_t10_omni,ecovacs,deebot_t10_omni,4,consumerAvailability,InstallerChannel|MixedChannel|RetailConsumer|unsure,,,
robotvacuum,ecovacs:deebot_t10_omni,ecovacs,deebot_t10_omni,4,dataSensitivity,AvStreamData|BiometricData|NoData|TelemetryData|unsure,,,
robotvacuum,ecovacs:deebot_t10_omni,ecovacs,deebot_t10_omni,4,firmwareUpdateModel,ManualFlash|NoUpdatePath|OtaAutomatic|OtaUserInitiated|unsure,,,
robotvacuum,ecovacs:deebot_t10_omni,ecovacs,deebot_t10_omni,4,formFactor,Fixed|Portable|Worn|unsure,,,
robotvacuum,ecovacs:deebot_t10_omni,ecovacs,deebot_t10_omni,4,hasWebAdminUI,true|false|unsure,,,
robotvacuum,ecovacs:deebot_t10_omni,ecovacs,deebot_t10_omni,4,placement,Either|Indoor|Outdoor|unsure,,,
robotvacuum,ecovacs:deebot_t10_omni,ecovacs,deebot_t10_omni,4,supportLifetime,DeclaredLifetime|UndeclaredLifetime|unsure,,,
robotvacuum,ecovacs:deebot_t10_plus,ecovacs,deebot_t10_plus,4,actuatesPhysical,true|false|unsure,,,
robotvacuum,ecovacs:deebot_t10_plus,ecovacs,deebot_t10_plus,4,actuationConsequence,ComfortActuation|NoActuation|PropertyActuation|SafetyActuation|unsure,,,
robotvacuum,ecovacs:deebot_t10_plus,ecovacs,deebot_t10_plus,4,capturesAV,true|false|unsure,,,
robotvacuum,ecovacs:deebot_t10_plus,ecovacs,deebot_t10_plus,4,cloudDependence,CloudOptional|CloudRequired|LocalOnly|unsure,,,
robotvacuum,ecovacs:deebot_t10_plus,ecovacs,deebot_t10_plus,4,computeTier,AndroidDerived|EmbeddedLinux|McuClass|Rtos|unsure,,,
robotvacuum,ecovacs:deebot_t10_plus,ecovacs,deebot_t10_plus,4,consumerAvailability,InstallerChannel|MixedChannel|RetailConsumer|unsure,,,
robotvacuum,ecovacs:deebot_t10_plus,ecovacs,deebot_t10_plus,4,dataSensitivity,AvStreamData|BiometricData|NoData|TelemetryData|unsure,,,
robotvacuum,ecovacs:deebot_t10_plus,ecovacs,deebot_t10_plus,4,firmwareUpdateModel,ManualFlash|NoUpdatePath|OtaAutomatic|OtaUserInitiated|unsure,,,
robotvacuum,ecovacs:deebot_t10_plus,ecovacs,deebot_t10_plus,4,formFactor,Fixed|Portable|Worn|unsure,,,
robotvacuum,ecovacs:deebot_t10_plus,ecovacs,deebot_t10_plus,4,hasWebAdminUI,true|false|unsure,,,
robotvacuum,ecovacs:deebot_t10_plus,ecovacs,deebot_t10_plus,4,placement,Either|Indoor|Outdoor|unsure,,,
robotvacuum,ecovacs:deebot_t10_plus,ecovacs,deebot_t10_plus,4,supportLifetime,DeclaredLifetime|UndeclaredLifetime|unsure,,,
robotvacuum,ecovacs:deebot_t10_turbo,ecovacs,deebot_t10_turbo,4,actuatesPhysical,true|false|unsure,,,
robotvacuum,ecovacs:deebot_t10_turbo,ecovacs,deebot_t10_turbo,4,actuationConsequence,ComfortActuation|NoActuation|PropertyActuation|SafetyActuation|unsure,,,
robotvacuum,ecovacs:deebot_t10_turbo,ecovacs,deebot_t10_turbo,4,capturesAV,true|false|unsure,,,
robotvacuum,ecovacs:deebot_t10_turbo,ecovacs,deebot_t10_turbo,4,cloudDependence,CloudOptional|CloudRequired|LocalOnly|unsure,,,
robotvacuum,ecovacs:deebot_t10_turbo,ecovacs,deebot_t10_turbo,4,computeTier,AndroidDerived|EmbeddedLinux|McuClass|Rtos|unsure,,,
robotvacuum,ecovacs:deebot_t10_turbo,ecovacs,deebot_t10_turbo,4,consumerAvailability,InstallerChannel|MixedChannel|RetailConsumer|unsure,,,
robotvacuum,ecovacs:deebot_t10_turbo,ecovacs,deebot_t10_turbo,4,dataSensitivity,AvStreamData|BiometricData|NoData|TelemetryData|unsure,,,
robotvacuum,ecovacs:deebot_t10_turbo,ecovacs,deebot_t10_turbo,4,firmwareUpdateModel,ManualFlash|NoUpdatePath|OtaAutomatic|OtaUserInitiated|unsure,,,
robotvacuum,ecovacs:deebot_t10_turbo,ecovacs,deebot_t10_turbo,4,formFactor,Fixed|Portable|Worn|unsure,,,
robotvacuum,ecovacs:deebot_t10_turbo,ecovacs,deebot_t10_turbo,4,hasWebAdminUI,true|false|unsure,,,
robotvacuum,ecovacs:deebot_t10_turbo,ecovacs,deebot_t10_turbo,4,placement,Either|Indoor|Outdoor|unsure,,,
robotvacuum,ecovacs:deebot_t10_turbo,ecovacs,deebot_t10_turbo,4,supportLifetime,DeclaredLifetime|UndeclaredLifetime|unsure,,,
robotvacuum,ecovacs:deebot_t20,ecovacs,deebot_t20,5,actuatesPhysical,true|false|unsure,,,
robotvacuum,ecovacs:deebot_t20,ecovacs,deebot_t20,5,actuationConsequence,ComfortActuation|NoActuation|PropertyActuation|SafetyActuation|unsure,,,
robotvacuum,ecovacs:deebot_t20,ecovacs,deebot_t20,5,capturesAV,true|false|unsure,,,
robotvacuum,ecovacs:deebot_t20,ecovacs,deebot_t20,5,cloudDependence,CloudOptional|CloudRequired|LocalOnly|unsure,,,
robotvacuum,ecovacs:deebot_t20,ecovacs,deebot_t20,5,computeTier,AndroidDerived|EmbeddedLinux|McuClass|Rtos|unsure,,,
robotvacuum,ecovacs:deebot_t20,ecovacs,deebot_t20,5,consumerAvailability,InstallerChannel|MixedChannel|RetailConsumer|unsure,,,
robotvacuum,ecovacs:deebot_t20,ecovacs,deebot_t20,5,dataSensitivity,AvStreamData|BiometricData|NoData|TelemetryData|unsure,,,
robotvacuum,ecovacs:deebot_t20,ecovacs,deebot_t20,5,firmwareUpdateModel,ManualFlash|NoUpdatePath|OtaAutomatic|OtaUserInitiated|unsure,,,
robotvacuum,ecovacs:deebot_t20,ecovacs,deebot_t20,5,formFactor,Fixed|Portable|Worn|unsure,,,
robotvacuum,ecovacs:deebot_t20,ecovacs,deebot_t20,5,hasWebAdminUI,true|false|unsure,,,
robotvacuum,ecovacs:deebot_t20,ecovacs,deebot_t20,5,placement,Either|Indoor|Outdoor|unsure,,,
robotvacuum,ecovacs:deebot_t20,ecovacs,deebot_t20,5,supportLifetime,DeclaredLifetime|UndeclaredLifetime|unsure,,,
robotvacuum,ecovacs:deebot_t20_omni,ecovacs,deebot_t20_omni,3,actuatesPhysical,true|false|unsure,,,
robotvacuum,ecovacs:deebot_t20_omni,ecovacs,deebot_t20_omni,3,actuationConsequence,ComfortActuation|NoActuation|PropertyActuation|SafetyActuation|unsure,,,
robotvacuum,ecovacs:deebot_t20_omni,ecovacs,deebot_t20_omni,3,capturesAV,true|false|unsure,,,
robotvacuum,ecovacs:deebot_t20_omni,ecovacs,deebot_t20_omni,3,cloudDependence,CloudOptional|CloudRequired|LocalOnly|unsure,,,
robotvacuum,ecovacs:deebot_t20_omni,ecovacs,deebot_t20_omni,3,computeTier,AndroidDerived|EmbeddedLinux|McuClass|Rtos|unsure,,,
robotvacuum,ecovacs:deebot_t20_omni,ecovacs,deebot_t20_omni,3,consumerAvailability,InstallerChannel|MixedChannel|RetailConsumer|unsure,,,
robotvacuum,ecovacs:deebot_t20_omni,ecovacs,deebot_t20_omni,3,dataSensitivity,AvStreamData|BiometricData|NoData|TelemetryData|unsure,,,
robotvacuum,ecovacs:deebot_t20_omni,ecovacs,deebot_t20_omni,3,firmwareUpdateModel,ManualFlash|NoUpdatePath|OtaAutomatic|OtaUserInitiated|unsure,,,
robotvacuum,ecovacs:deebot_t20_omni,ecovacs,deebot_t20_omni,3,formFactor,Fixed|Portable|Worn|unsure,,,
robotvacuum,ecovacs:deebot_t20_omni,ecovacs,deebot_t20_omni,3,hasWebAdminUI,true|false|unsure,,,
robotvacuum,ecovacs:deebot_t20_omni,ecovacs,deebot_t20_omni,3,placement,Either|Indoor|Outdoor|unsure,,,
robotvacuum,ecovacs:deebot_t20_omni,ecovacs,deebot_t20_omni,3,supportLifetime,DeclaredLifetime|UndeclaredLifetime|unsure,,,
robotvacuum,ecovacs:deebot_t20_pro,ecovacs,deebot_t20_pro,3,actuatesPhysical,true|false|unsure,,,
robotvacuum,ecovacs:deebot_t20_pro,ecovacs,deebot_t20_pro,3,actuationConsequence,ComfortActuation|NoActuation|PropertyActuation|SafetyActuation|unsure,,,
robotvacuum,ecovacs:deebot_t20_pro,ecovacs,deebot_t20_pro,3,capturesAV,true|false|unsure,,,
robotvacuum,ecovacs:deebot_t20_pro,ecovacs,deebot_t20_pro,3,cloudDependence,CloudOptional|CloudRequired|LocalOnly|unsure,,,
robotvacuum,ecovacs:deebot_t20_pro,ecovacs,deebot_t20_pro,3,computeTier,AndroidDerived|EmbeddedLinux|McuClass|Rtos|unsure,,,
robotvacuum,ecovacs:deebot_t20_pro,ecovacs,deebot_t20_pro,3,consumerAvailability,InstallerChannel|MixedChannel|RetailConsumer|unsure,,,
robotvacuum,ecovacs:deebot_t20_pro,ecovacs,deebot_t20_pro,3,dataSensitivity,AvStreamData|BiometricData|NoData|TelemetryData|unsure,,,
robotvacuum,ecovacs:deebot_t20_pro,ecovacs,deebot_t20_pro,3,firmwareUpdateModel,ManualFlash|NoUpdatePath|OtaAutomatic|OtaUserInitiated|unsure,,,
robotvacuum,ecovacs:deebot_t20_pro,ecovacs,deebot_t20_pro,3,formFactor,Fixed|Portable|Worn|unsure,,,
robotvacuum,ecovacs:deebot_t20_pro,ecovacs,deebot_t20_pro,3,hasWebAdminUI,true|false|unsure,,,
robotvacuum,ecovacs:deebot_t20_pro,ecovacs,deebot_t20_pro,3,placement,Either|Indoor|Outdoor|unsure,,,
robotvacuum,ecovacs:deebot_t20_pro,ecovacs,deebot_t20_pro,3,supportLifetime,DeclaredLifetime|UndeclaredLifetime|unsure,,,
robotvacuum,ecovacs:deebot_t30_omni,ecovacs,deebot_t30_omni,4,actuatesPhysical,true|false|unsure,,,
robotvacuum,ecovacs:deebot_t30_omni,ecovacs,deebot_t30_omni,4,actuationConsequence,ComfortActuation|NoActuation|PropertyActuation|SafetyActuation|unsure,,,
robotvacuum,ecovacs:deebot_t30_omni,ecovacs,deebot_t30_omni,4,capturesAV,true|false|unsure,,,
robotvacuum,ecovacs:deebot_t30_omni,ecovacs,deebot_t30_omni,4,cloudDependence,CloudOptional|CloudRequired|LocalOnly|unsure,,,
robotvacuum,ecovacs:deebot_t30_omni,ecovacs,deebot_t30_omni,4,computeTier,AndroidDerived|EmbeddedLinux|McuClass|Rtos|unsure,,,
robotvacuum,ecovacs:deebot_t30_omni,ecovacs,deebot_t30_omni,4,consumerAvailability,InstallerChannel|MixedChannel|RetailConsumer|unsure,,,
robotvacuum,ecovacs:deebot_t30_omni,ecovacs,deebot_t30_omni,4,dataSensitivity,AvStreamData|BiometricData|NoData|TelemetryData|unsure,,,
robotvacuum,ecovacs:deebot_t30_omni,ecovacs,deebot_t30_omni,4,firmwareUpdateModel,ManualFlash|NoUpdatePath|OtaAutomatic|OtaUserInitiated|unsure,,,
robotvacuum,ecovacs:deebot_t30_omni,ecovacs,deebot_t30_omni,4,formFactor,Fixed|Portable|Worn|unsure,,,
robotvacuum,ecovacs:deebot_t30_omni,ecovacs,deebot_t30_omni,4,hasWebAdminUI,true|false|unsure,,,
robotvacuum,ecovacs:deebot_t30_omni,ecovacs,deebot_t30_omni,4,placement,Either|Indoor|Outdoor|unsure,,,
robotvacuum,ecovacs:deebot_t30_omni,ecovacs,deebot_t30_omni,4,supportLifetime,DeclaredLifetime|UndeclaredLifetime|unsure,,,
robotvacuum,ecovacs:deebot_t30s,ecovacs,deebot_t30s,4,actuatesPhysical,true|false|unsure,,,
robotvacuum,ecovacs:deebot_t30s,ecovacs,deebot_t30s,4,actuationConsequence,ComfortActuation|NoActuation|PropertyActuation|SafetyActuation|unsure,,,
robotvacuum,ecovacs:deebot_t30s,ecovacs,deebot_t30s,4,capturesAV,true|false|unsure,,,
robotvacuum,ecovacs:deebot_t30s,ecovacs,deebot_t30s,4,cloudDependence,CloudOptional|CloudRequired|LocalOnly|unsure,,,
robotvacuum,ecovacs:deebot_t30s,ecovacs,deebot_t30s,4,computeTier,AndroidDerived|EmbeddedLinux|McuClass|Rtos|unsure,,,
robotvacuum,ecovacs:deebot_t30s,ecovacs,deebot_t30s,4,consumerAvailability,InstallerChannel|MixedChannel|RetailConsumer|unsure,,,
robotvacuum,ecovacs:deebot_t30s,ecovacs,deebot_t30s,4,dataSensitivity,AvStreamData|BiometricData|NoData|TelemetryData|unsure,,,
robotvacuum,ecovacs:deebot_t30s,ecovacs,deebot_t30s,4,firmwareUpdateModel,ManualFlash|NoUpdatePath|OtaAutomatic|OtaUserInitiated|unsure,,,
robotvacuum,ecovacs:deebot_t30s,ecovacs,deebot_t30s,4,formFactor,Fixed|Portable|Worn|unsure,,,
robotvacuum,ecovacs:deebot_t30s,ecovacs,deebot_t30s,4,hasWebAdminUI,true|false|unsure,,,
robotvacuum,ecovacs:deebot_t30s,ecovacs,deebot_t30s,4,placement,Either|Indoor|Outdoor|unsure,,,
robotvacuum,ecovacs:deebot_t30s,ecovacs,deebot_t30s,4,supportLifetime,DeclaredLifetime|UndeclaredLifetime|unsure,,,
robotvacuum,ecovacs:deebot_t9,ecovacs,deebot_t9,5,actuatesPhysical,true|false|unsure,,,
robotvacuum,ecovacs:deebot_t9,ecovacs,deebot_t9,5,actuationConsequence,ComfortActuation|NoActuation|PropertyActuation|SafetyActuation|unsure,,,
robotvacuum,ecovacs:deebot_t9,ecovacs,deebot_t9,5,capturesAV,true|false|unsure,,,
robotvacuum,ecovacs:deebot_t9,ecovacs,deebot_t9,5,cloudDependence,CloudOptional|CloudRequired|LocalOnly|unsure,,,
robotvacuum,ecovacs:deebot_t9,ecovacs,deebot_t9,5,computeTier,AndroidDerived|EmbeddedLinux|McuClass|Rtos|unsure,,,
robotvacuum,ecovacs:deebot_t9,ecovacs,deebot_t9,5,consumerAvailability,InstallerChannel|MixedChannel|RetailConsumer|unsure,,,
robotvacuum,ecovacs:deebot_t9,ecovacs,deebot_t9,5,dataSensitivity,AvStreamData|BiometricData|NoData|TelemetryData|unsure,,,
robotvacuum,ecovacs:deebot_t9,ecovacs,deebot_t9,5,firmwareUpdateModel,ManualFlash|NoUpdatePath|OtaAutomatic|OtaUserInitiated|unsure,,,
robotvacuum,ecovacs:deebot_t9,ecovacs,deebot_t9,5,formFactor,Fixed|Portable|Worn|unsure,,,
robotvacuum,ecovacs:deebot_t9,ecovacs,deebot_t9,5,hasWebAdminUI,true|false|unsure,,,
robotvacuum,ecovacs:deebot_t9,ecovacs,deebot_t9,5,placement,Either|Indoor|Outdoor|unsure,,,
robotvacuum,ecovacs:deebot_t9,ecovacs,deebot_t9,5,supportLifetime,DeclaredLifetime|UndeclaredLifetime|unsure,,,
robotvacuum,ecovacs:deebot_x1,ecovacs,deebot_x1,6,actuatesPhysical,true|false|unsure,,,
robotvacuum,ecovacs:deebot_x1,ecovacs,deebot_x1,6,actuationConsequence,ComfortActuation|NoActuation|PropertyActuation|SafetyActuation|unsure,,,
robotvacuum,ecovacs:deebot_x1,ecovacs,deebot_x1,6,capturesAV,true|false|unsure,,,
robotvacuum,ecovacs:deebot_x1,ecovacs,deebot_x1,6,cloudDependence,CloudOptional|CloudRequired|LocalOnly|unsure,,,
robotvacuum,ecovacs:deebot_x1,ecovacs,deebot_x1,6,computeTier,AndroidDerived|EmbeddedLinux|McuClass|Rtos|unsure,,,
robotvacuum,ecovacs:deebot_x1,ecovacs,deebot_x1,6,consumerAvailability,InstallerChannel|MixedChannel|RetailConsumer|unsure,,,
robotvacuum,ecovacs:deebot_x1,ecovacs,deebot_x1,6,dataSensitivity,AvStreamData|BiometricData|NoData|TelemetryData|unsure,,,
robotvacuum,ecovacs:deebot_x1,ecovacs,deebot_x1,6,firmwareUpdateModel,ManualFlash|NoUpdatePath|OtaAutomatic|OtaUserInitiated|unsure,,,
robotvacuum,ecovacs:deebot_x1,ecovacs,deebot_x1,6,formFactor,Fixed|Portable|Worn|unsure,,,
robotvacuum,ecovacs:deebot_x1,ecovacs,deebot_x1,6,hasWebAdminUI,true|false|unsure,,,
robotvacuum,ecovacs:deebot_x1,ecovacs,deebot_x1,6,placement,Either|Indoor|Outdoor|unsure,,,
robotvacuum,ecovacs:deebot_x1,ecovacs,deebot_x1,6,supportLifetime,DeclaredLifetime|UndeclaredLifetime|unsure,,,
robotvacuum,ecovacs:deebot_x1_omni,ecovacs,deebot_x1_omni,4,actuatesPhysical,true|false|unsure,,,
robotvacuum,ecovacs:deebot_x1_omni,ecovacs,deebot_x1_omni,4,actuationConsequence,ComfortActuation|NoActuation|PropertyActuation|SafetyActuation|unsure,,,
robotvacuum,ecovacs:deebot_x1_omni,ecovacs,deebot_x1_omni,4,capturesAV,true|false|unsure,,,
robotvacuum,ecovacs:deebot_x1_omni,ecovacs,deebot_x1_omni,4,cloudDependence,CloudOptional|CloudRequired|LocalOnly|unsure,,,
robotvacuum,ecovacs:deebot_x1_omni,ecovacs,deebot_x1_omni,4,computeTier,AndroidDerived|EmbeddedLinux|McuClass|Rtos|unsure,,,
robotvacuum,ecovacs:deebot_x1_omni,ecovacs,deebot_x1_omni,4,consumerAvailability,InstallerChannel|MixedChannel|RetailConsumer|unsure,,,
robotvacuum,ecovacs:deebot_x1_omni,ecovacs,deebot_x1_omni,4,dataSensitivity,AvStreamData|BiometricData|NoData|TelemetryData|unsure,,,
robotvacuum,ecovacs:deebot_x1_omni,ecovacs,deebot_x1_omni,4,firmwareUpdateModel,ManualFlash|NoUpdatePath|OtaAutomatic|OtaUserInitiated|unsure,,,
robotvacuum,ecovacs:deebot_x1_omni,ecovacs,deebot_x1_omni,4,formFactor,Fixed|Portable|Worn|unsure,,,
robotvacuum,ecovacs:deebot_x1_omni,ecovacs,deebot_x1_omni,4,hasWebAdminUI,true|false|unsure,,,
robotvacuum,ecovacs:deebot_x1_omni,ecovacs,deebot_x1_omni,4,placement,Either|Indoor|Outdoor|unsure,,,
robotvacuum,ecovacs:deebot_x1_omni,ecovacs,deebot_x1_omni,4,supportLifetime,DeclaredLifetime|UndeclaredLifetime|unsure,,,
robotvacuum,ecovacs:deebot_x1_pro_omni,ecovacs,deebot_x1_pro_omni,4,actuatesPhysical,true|false|unsure,,,
robotvacuum,ecovacs:deebot_x1_pro_omni,ecovacs,deebot_x1_pro_omni,4,actuationConsequence,ComfortActuation|NoActuation|PropertyActuation|SafetyActuation|unsure,,,
robotvacuum,ecovacs:deebot_x1_pro_omni,ecovacs,deebot_x1_pro_omni,4,capturesAV,true|false|unsure,,,
robotvacuum,ecovacs:deebot_x1_pro_omni,ecovacs,deebot_x1_pro_omni,4,cloudDependence,CloudOptional|CloudRequired|LocalOnly|unsure,,,
robotvacuum,ecovacs:deebot_x1_pro_omni,ecovacs,deebot_x1_pro_omni,4,computeTier,AndroidDerived|EmbeddedLinux|McuClass|Rtos|unsure,,,
robotvacuum,ecovacs:deebot_x1_pro_omni,ecovacs,deebot_x1_pro_omni,4,consumerAvailability,InstallerChannel|MixedChannel|RetailConsumer|unsure,,,
robotvacuum,ecovacs:deebot_x1_pro_omni,ecovacs,deebot_x1_pro_omni,4,dataSensitivity,AvStreamData|BiometricData|NoData|TelemetryData|unsure,,,
robotvacuum,ecovacs:deebot_x1_pro_omni,ecovacs,deebot_x1_pro_omni,4,firmwareUpdateModel,ManualFlash|NoUpdatePath|OtaAutomatic|OtaUserInitiated|unsure,,,
robotvacuum,ecovacs:deebot_x1_pro_omni,ecovacs,deebot_x1_pro_omni,4,formFactor,Fixed|Portable|Worn|unsure,,,
robotvacuum,ecovacs:deebot_x1_pro_omni,ecovacs,deebot_x1_pro_omni,4,hasWebAdminUI,true|false|unsure,,,
robotvacuum,ecovacs:deebot_x1_pro_omni,ecovacs,deebot_x1_pro_omni,4,placement,Either|Indoor|Outdoor|unsure,,,
robotvacuum,ecovacs:deebot_x1_pro_omni,ecovacs,deebot_x1_pro_omni,4,supportLifetime,DeclaredLifetime|UndeclaredLifetime|unsure,,,
robotvacuum,ecovacs:deebot_x1_turbo,ecovacs,deebot_x1_turbo,4,actuatesPhysical,true|false|unsure,,,
robotvacuum,ecovacs:deebot_x1_turbo,ecovacs,deebot_x1_turbo,4,actuationConsequence,ComfortActuation|NoActuation|PropertyActuation|SafetyActuation|unsure,,,
robotvacuum,ecovacs:deebot_x1_turbo,ecovacs,deebot_x1_turbo,4,capturesAV,true|false|unsure,,,
robotvacuum,ecovacs:deebot_x1_turbo,ecovacs,deebot_x1_turbo,4,cloudDependence,CloudOptional|CloudRequired|LocalOnly|unsure,,,
robotvacuum,ecovacs:deebot_x1_turbo,ecovacs,deebot_x1_turbo,4,computeTier,AndroidDerived|EmbeddedLinux|McuClass|Rtos|unsure,,,
robotvacuum,ecovacs:deebot_x1_turbo,ecovacs,deebot_x1_turbo,4,consumerAvailability,InstallerChannel|MixedChannel|RetailConsumer|unsure,,,
robotvacuum,ecovacs:deebot_x1_turbo,ecovacs,deebot_x1_turbo,4,dataSensitivity,AvStreamData|BiometricData|NoData|TelemetryData|unsure,,,
robotvacuum,ecovacs:deebot_x1_turbo,ecovacs,deebot_x1_turbo,4,firmwareUpdateModel,ManualFlash|NoUpdatePath|OtaAutomatic|OtaUserInitiated|unsure,,,
robotvacuum,ecovacs:deebot_x1_turbo,ecovacs,deebot_x1_turbo,4,formFactor,Fixed|Portable|Worn|unsure,,,
robotvacuum,ecovacs:deebot_x1_turbo,ecovacs,deebot_x1_turbo,4,hasWebAdminUI,true|false|unsure,,,
robotvacuum,ecovacs:deebot_x1_turbo,ecovacs,deebot_x1_turbo,4,placement,Either|Indoor|Outdoor|unsure,,,
robotvacuum,ecovacs:deebot_x1_turbo,ecovacs,deebot_x1_turbo,4,supportLifetime,DeclaredLifetime|UndeclaredLifetime|unsure,,,
robotvacuum,ecovacs:deebot_x1e_omni,ecovacs,deebot_x1e_omni,1,actuatesPhysical,true|false|unsure,,,
robotvacuum,ecovacs:deebot_x1e_omni,ecovacs,deebot_x1e_omni,1,actuationConsequence,ComfortActuation|NoActuation|PropertyActuation|SafetyActuation|unsure,,,
robotvacuum,ecovacs:deebot_x1e_omni,ecovacs,deebot_x1e_omni,1,capturesAV,true|false|unsure,,,
robotvacuum,ecovacs:deebot_x1e_omni,ecovacs,deebot_x1e_omni,1,cloudDependence,CloudOptional|CloudRequired|LocalOnly|unsure,,,
robotvacuum,ecovacs:deebot_x1e_omni,ecovacs,deebot_x1e_omni,1,computeTier,AndroidDerived|EmbeddedLinux|McuClass|Rtos|unsure,,,
robotvacuum,ecovacs:deebot_x1e_omni,ecovacs,deebot_x1e_omni,1,consumerAvailability,InstallerChannel|MixedChannel|RetailConsumer|unsure,,,
robotvacuum,ecovacs:deebot_x1e_omni,ecovacs,deebot_x1e_omni,1,dataSensitivity,AvStreamData|BiometricData|NoData|TelemetryData|unsure,,,
robotvacuum,ecovacs:deebot_x1e_omni,ecovacs,deebot_x1e_omni,1,firmwareUpdateModel,ManualFlash|NoUpdatePath|OtaAutomatic|OtaUserInitiated|unsure,,,
robotvacuum,ecovacs:deebot_x1e_omni,ecovacs,deebot_x1e_omni,1,formFactor,Fixed|Portable|Worn|unsure,,,
robotvacuum,ecovacs:deebot_x1e_omni,ecovacs,deebot_x1e_omni,1,hasWebAdminUI,true|false|unsure,,,
robotvacuum,ecovacs:deebot_x1e_omni,ecovacs,deebot_x1e_omni,1,placement,Either|Indoor|Outdoor|unsure,,,
robotvacuum,ecovacs:deebot_x1e_omni,ecovacs,deebot_x1e_omni,1,supportLifetime,DeclaredLifetime|UndeclaredLifetime|unsure,,,
robotvacuum,ecovacs:deebot_x1s_pro,ecovacs,deebot_x1s_pro,4,actuatesPhysical,true|false|unsure,,,
robotvacuum,ecovacs:deebot_x1s_pro,ecovacs,deebot_x1s_pro,4,actuationConsequence,ComfortActuation|NoActuation|PropertyActuation|SafetyActuation|unsure,,,
robotvacuum,ecovacs:deebot_x1s_pro,ecovacs,deebot_x1s_pro,4,capturesAV,true|false|unsure,,,
robotvacuum,ecovacs:deebot_x1s_pro,ecovacs,deebot_x1s_pro,4,cloudDependence,CloudOptional|CloudRequired|LocalOnly|unsure,,,
robotvacuum,ecovacs:deebot_x1s_pro,ecovacs,deebot_x1s_pro,4,computeTier,AndroidDerived|EmbeddedLinux|McuClass|Rtos|unsure,,,
robotvacuum,ecovacs:deebot_x1s_pro,ecovacs,deebot_x1s_pro,4,consumerAvailability,InstallerChannel|MixedChannel|RetailConsumer|unsure,,,
robotvacuum,ecovacs:deebot_x1s_pro,ecovacs,deebot_x1s_pro,4,dataSensitivity,AvStreamData|BiometricData|NoData|TelemetryData|unsure,,,
robotvacuum,ecovacs:deebot_x1s_pro,ecovacs,deebot_x1s_pro,4,firmwareUpdateModel,ManualFlash|NoUpdatePath|OtaAutomatic|OtaUserInitiated|unsure,,,
robotvacuum,ecovacs:deebot_x1s_pro,ecovacs,deebot_x1s_pro,4,formFactor,Fixed|Portable|Worn|unsure,,,
robotvacuum,ecovacs:deebot_x1s_pro,ecovacs,deebot_x1s_pro,4,hasWebAdminUI,true|false|unsure,,,
robotvacuum,ecovacs:deebot_x1s_pro,ecovacs,deebot_x1s_pro,4,placement,Either|Indoor|Outdoor|unsure,,,
robotvacuum,ecovacs:deebot_x1s_pro,ecovacs,deebot_x1s_pro,4,supportLifetime,DeclaredLifetime|UndeclaredLifetime|unsure,,,
robotvacuum,ecovacs:deebot_x1s_pro_plus,ecovacs,deebot_x1s_pro_plus,1,actuatesPhysical,true|false|unsure,,,
robotvacuum,ecovacs:deebot_x1s_pro_plus,ecovacs,deebot_x1s_pro_plus,1,actuationConsequence,ComfortActuation|NoActuation|PropertyActuation|SafetyActuation|unsure,,,
robotvacuum,ecovacs:deebot_x1s_pro_plus,ecovacs,deebot_x1s_pro_plus,1,capturesAV,true|false|unsure,,,
robotvacuum,ecovacs:deebot_x1s_pro_plus,ecovacs,deebot_x1s_pro_plus,1,cloudDependence,CloudOptional|CloudRequired|LocalOnly|unsure,,,
robotvacuum,ecovacs:deebot_x1s_pro_plus,ecovacs,deebot_x1s_pro_plus,1,computeTier,AndroidDerived|EmbeddedLinux|McuClass|Rtos|unsure,,,
robotvacuum,ecovacs:deebot_x1s_pro_plus,ecovacs,deebot_x1s_pro_plus,1,consumerAvailability,InstallerChannel|MixedChannel|RetailConsumer|unsure,,,
robotvacuum,ecovacs:deebot_x1s_pro_plus,ecovacs,deebot_x1s_pro_plus,1,dataSensitivity,AvStreamData|BiometricData|NoData|TelemetryData|unsure,,,
robotvacuum,ecovacs:deebot_x1s_pro_plus,ecovacs,deebot_x1s_pro_plus,1,firmwareUpdateModel,ManualFlash|NoUpdatePath|OtaAutomatic|OtaUserInitiated|unsure,,,
robotvacuum,ecovacs:deebot_x1s_pro_plus,ecovacs,deebot_x1s_pro_plus,1,formFactor,Fixed|Portable|Worn|unsure,,,
robotvacuum,ecovacs:deebot_x1s_pro_plus,ecovacs,deebot_x1s_pro_plus,1,hasWebAdminUI,true|false|unsure,,,
robotvacuum,ecovacs:deebot_x1s_pro_plus,ecovacs,deebot_x1s_pro_plus,1,placement,Either|Indoor|Outdoor|unsure,,,
robotvacuum,ecovacs:deebot_x1s_pro_plus,ecovacs,deebot_x1s_pro_plus,1,supportLifetime,DeclaredLifetime|UndeclaredLifetime|unsure,,,
robotvacuum,ecovacs:deebot_x2,ecovacs,deebot_x2,5,actuatesPhysical,true|false|unsure,,,
robotvacuum,ecovacs:deebot_x2,ecovacs,deebot_x2,5,actuationConsequence,ComfortActuation|NoActuation|PropertyActuation|SafetyActuation|unsure,,,
robotvacuum,ecovacs:deebot_x2,ecovacs,deebot_x2,5,capturesAV,true|false|unsure,,,
robotvacuum,ecovacs:deebot_x2,ecovacs,deebot_x2,5,cloudDependence,CloudOptional|CloudRequired|LocalOnly|unsure,,,
robotvacuum,ecovacs:deebot_x2,ecovacs,deebot_x2,5,computeTier,AndroidDerived|EmbeddedLinux|McuClass|Rtos|unsure,,,
robotvacuum,ecovacs:deebot_x2,ecovacs,deebot_x2,5,consumerAvailability,InstallerChannel|MixedChannel|RetailConsumer|unsure,,,
robotvacuum,ecovacs:deebot_x2,ecovacs,deebot_x2,5,dataSensitivity,AvStreamData|BiometricData|NoData|TelemetryData|unsure,,,
robotvacuum,ecovacs:deebot_x2,ecovacs,deebot_x2,5,firmwareUpdateModel,ManualFlash|NoUpdatePath|OtaAutomatic|OtaUserInitiated|unsure,,,
robotvacuum,ecovacs:deebot_x2,ecovacs,deebot_x2,5,formFactor,Fixed|Portable|Worn|unsure,,,
robotvacuum,ecovacs:deebot_x2,ecovacs,deebot_x2,5,hasWebAdminUI,true|false|unsure,,,
robotvacuum,ecovacs:deebot_x2,ecovacs,deebot_x2,5,placement,Either|Indoor|Outdoor|unsure,,,
robotvacuum,ecovacs:deebot_x2,ecovacs,deebot_x2,5,supportLifetime,DeclaredLifetime|UndeclaredLifetime|unsure,,,
robotvacuum,ecovacs:deebot_x2_combo,ecovacs,deebot_x2_combo,2,actuatesPhysical,true|false|unsure,,,
robotvacuum,ecovacs:deebot_x2_combo,ecovacs,deebot_x2_combo,2,actuationConsequence,ComfortActuation|NoActuation|PropertyActuation|SafetyActuation|unsure,,,
robotvacuum,ecovacs:deebot_x2_combo,ecovacs,deebot_x2_combo,2,capturesAV,true|false|unsure,,,
robotvacuum,ecovacs:deebot_x2_combo,ecovacs,deebot_x2_combo,2,cloudDependence,CloudOptional|CloudRequired|LocalOnly|unsure,,,
robotvacuum,ecovacs:deebot_x2_combo,ecovacs,deebot_x2_combo,2,computeTier,AndroidDerived|EmbeddedLinux|McuClass|Rtos|unsure,,,
robotvacuum,ecovacs:deebot_x2_combo,ecovacs,deebot_x2_combo,2,consumerAvailability,InstallerChannel|MixedChannel|RetailConsumer|unsure,,,
robotvacuum,ecovacs:deebot_x2_combo,ecovacs,deebot_x2_combo,2,dataSensitivity,AvStreamData|BiometricData|NoData|TelemetryData|unsure,,,
robotvacuum,ecovacs:deebot_x2_combo,ecovacs,deebot_x2_combo,2,firmwareUpdateModel,ManualFlash|NoUpdatePath|OtaAutomatic|OtaUserInitiated|unsure,,,
robotvacuum,ecovacs:deebot_x2_combo,ecovacs,deebot_x2_combo,2,formFactor,Fixed|Portable|Worn|unsure,,,
robotvacuum,ecovacs:deebot_x2_combo,ecovacs,deebot_x2_combo,2,hasWebAdminUI,true|false|unsure,,,
robotvacuum,ecovacs:deebot_x2_combo,ecovacs,deebot_x2_combo,2,placement,Either|Indoor|Outdoor|unsure,,,
robotvacuum,ecovacs:deebot_x2_combo,ecovacs,deebot_x2_combo,2,supportLifetime,DeclaredLifetime|UndeclaredLifetime|unsure,,,
robotvacuum,ecovacs:deebot_x2_omni,ecovacs,deebot_x2_omni,2,actuatesPhysical,true|false|unsure,,,
robotvacuum,ecovacs:deebot_x2_omni,ecovacs,deebot_x2_omni,2,actuationConsequence,ComfortActuation|NoActuation|PropertyActuation|SafetyActuation|unsure,,,
robotvacuum,ecovacs:deebot_x2_omni,ecovacs,deebot_x2_omni,2,capturesAV,true|false|unsure,,,
robotvacuum,ecovacs:deebot_x2_omni,ecovacs,deebot_x2_omni,2,cloudDependence,CloudOptional|CloudRequired|LocalOnly|unsure,,,
robotvacuum,ecovacs:deebot_x2_omni,ecovacs,deebot_x2_omni,2,computeTier,AndroidDerived|EmbeddedLinux|McuClass|Rtos|unsure,,,
robotvacuum,ecovacs:deebot_x2_omni,ecovacs,deebot_x2_omni,2,consumerAvailability,InstallerChannel|MixedChannel|RetailConsumer|unsure,,,
robotvacuum,ecovacs:deebot_x2_omni,ecovacs,deebot_x2_omni,2,dataSensitivity,AvStreamData|BiometricData|NoData|TelemetryData|unsure,,,
robotvacuum,ecovacs:deebot_x2_omni,ecovacs,deebot_x2_omni,2,firmwareUpdateModel,ManualFlash|NoUpdatePath|OtaAutomatic|OtaUserInitiated|unsure,,,
robotvacuum,ecovacs:deebot_x2_omni,ecovacs,deebot_x2_omni,2,formFactor,Fixed|Portable|Worn|unsure,,,
robotvacuum,ecovacs:deebot_x2_omni,ecovacs,deebot_x2_omni,2,hasWebAdminUI,true|false|unsure,,,
robotvacuum,ecovacs:deebot_x2_omni,ecovacs,deebot_x2_omni,2,placement,Either|Indoor|Outdoor|unsure,,,
robotvacuum,ecovacs:deebot_x2_omni,ecovacs,deebot_x2_omni,2,supportLifetime,DeclaredLifetime|UndeclaredLifetime|unsure,,,
robotvacuum,ecovacs:deebot_x5_pro_ultra,ecovacs,deebot_x5_pro_ultra,2,actuatesPhysical,true|false|unsure,,,
robotvacuum,ecovacs:deebot_x5_pro_ultra,ecovacs,deebot_x5_pro_ultra,2,actuationConsequence,ComfortActuation|NoActuation|PropertyActuation|SafetyActuation|unsure,,,
robotvacuum,ecovacs:deebot_x5_pro_ultra,ecovacs,deebot_x5_pro_ultra,2,capturesAV,true|false|unsure,,,
robotvacuum,ecovacs:deebot_x5_pro_ultra,ecovacs,deebot_x5_pro_ultra,2,cloudDependence,CloudOptional|CloudRequired|LocalOnly|unsure,,,
robotvacuum,ecovacs:deebot_x5_pro_ultra,ecovacs,deebot_x5_pro_ultra,2,computeTier,AndroidDerived|EmbeddedLinux|McuClass|Rtos|unsure,,,
robotvacuum,ecovacs:deebot_x5_pro_ultra,ecovacs,deebot_x5_pro_ultra,2,consumerAvailability,InstallerChannel|MixedChannel|RetailConsumer|unsure,,,
robotvacuum,ecovacs:deebot_x5_pro_ultra,ecovacs,deebot_x5_pro_ultra,2,dataSensitivity,AvStreamData|BiometricData|NoData|TelemetryData|unsure,,,
robotvacuum,ecovacs:deebot_x5_pro_ultra,ecovacs,deebot_x5_pro_ultra,2,firmwareUpdateModel,ManualFlash|NoUpdatePath|OtaAutomatic|OtaUserInitiated|unsure,,,
robotvacuum,ecovacs:deebot_x5_pro_ultra,ecovacs,deebot_x5_pro_ultra,2,formFactor,Fixed|Portable|Worn|unsure,,,
robotvacuum,ecovacs:deebot_x5_pro_ultra,ecovacs,deebot_x5_pro_ultra,2,hasWebAdminUI,true|false|unsure,,,
robotvacuum,ecovacs:deebot_x5_pro_ultra,ecovacs,deebot_x5_pro_ultra,2,placement,Either|Indoor|Outdoor|unsure,,,
robotvacuum,ecovacs:deebot_x5_pro_ultra,ecovacs,deebot_x5_pro_ultra,2,supportLifetime,DeclaredLifetime|UndeclaredLifetime|unsure,,,
robotvacuum,ecovacs:goat_g1,ecovacs,goat_g1,6,actuatesPhysical,true|false|unsure,,,
robotvacuum,ecovacs:goat_g1,ecovacs,goat_g1,6,actuationConsequence,ComfortActuation|NoActuation|PropertyActuation|SafetyActuation|unsure,,,
robotvacuum,ecovacs:goat_g1,ecovacs,goat_g1,6,capturesAV,true|false|unsure,,,
robotvacuum,ecovacs:goat_g1,ecovacs,goat_g1,6,cloudDependence,CloudOptional|CloudRequired|LocalOnly|unsure,,,
robotvacuum,ecovacs:goat_g1,ecovacs,goat_g1,6,computeTier,AndroidDerived|EmbeddedLinux|McuClass|Rtos|unsure,,,
robotvacuum,ecovacs:goat_g1,ecovacs,goat_g1,6,consumerAvailability,InstallerChannel|MixedChannel|RetailConsumer|unsure,,,
robotvacuum,ecovacs:goat_g1,ecovacs,goat_g1,6,dataSensitivity,AvStreamData|BiometricData|NoData|TelemetryData|unsure,,,
robotvacuum,ecovacs:goat_g1,ecovacs,goat_g1,6,firmwareUpdateModel,ManualFlash|NoUpdatePath|OtaAutomatic|OtaUserInitiated|unsure,,,
robotvacuum,ecovacs:goat_g1,ecovacs,goat_g1,6,formFactor,Fixed|Portable|Worn|unsure,,,
robotvacuum,ecovacs:goat_g1,ecovacs,goat_g1,6,hasWebAdminUI,true|false|unsure,,,
robotvacuum,ecovacs:goat_g1,ecovacs,goat_g1,6,placement,Either|Indoor|Outdoor|unsure,,,
robotvacuum,ecovacs:goat_g1,ecovacs,goat_g1,6,supportLifetime,DeclaredLifetime|UndeclaredLifetime|unsure,,,
robotvacuum,ecovacs:goat_g1-2000,ecovacs,goat_g1-2000,1,actuatesPhysical,true|false|unsure,,,
robotvacuum,ecovacs:goat_g1-2000,ecovacs,goat_g1-2000,1,actuationConsequence,ComfortActuation|NoActuation|PropertyActuation|SafetyActuation|unsure,,,
robotvacuum,ecovacs:goat_g1-2000,ecovacs,goat_g1-2000,1,capturesAV,true|false|unsure,,,
robotvacuum,ecovacs:goat_g1-2000,ecovacs,goat_g1-2000,1,cloudDependence,CloudOptional|CloudRequired|LocalOnly|unsure,,,
robotvacuum,ecovacs:goat_g1-2000,ecovacs,goat_g1-2000,1,computeTier,AndroidDerived|EmbeddedLinux|McuClass|Rtos|unsure,,,
robotvacuum,ecovacs:goat_g1-2000,ecovacs,goat_g1-2000,1,consumerAvailability,InstallerChannel|MixedChannel|RetailConsumer|unsure,,,
robotvacuum,ecovacs:goat_g1-2000,ecovacs,goat_g1-2000,1,dataSensitivity,AvStreamData|BiometricData|NoData|TelemetryData|unsure,,,
robotvacuum,ecovacs:goat_g1-2000,ecovacs,goat_g1-2000,1,firmwareUpdateModel,ManualFlash|NoUpdatePath|OtaAutomatic|OtaUserInitiated|unsure,,,
robotvacuum,ecovacs:goat_g1-2000,ecovacs,goat_g1-2000,1,formFactor,Fixed|Portable|Worn|unsure,,,
robotvacuum,ecovacs:goat_g1-2000,ecovacs,goat_g1-2000,1,hasWebAdminUI,true|false|unsure,,,
robotvacuum,ecovacs:goat_g1-2000,ecovacs,goat_g1-2000,1,placement,Either|Indoor|Outdoor|unsure,,,
robotvacuum,ecovacs:goat_g1-2000,ecovacs,goat_g1-2000,1,supportLifetime,DeclaredLifetime|UndeclaredLifetime|unsure,,,
robotvacuum,ecovacs:gx-600,ecovacs,gx-600,1,actuatesPhysical,true|false|unsure,,,
robotvacuum,ecovacs:gx-600,ecovacs,gx-600,1,actuationConsequence,ComfortActuation|NoActuation|PropertyActuation|SafetyActuation|unsure,,,
robotvacuum,ecovacs:gx-600,ecovacs,gx-600,1,capturesAV,true|false|unsure,,,
robotvacuum,ecovacs:gx-600,ecovacs,gx-600,1,cloudDependence,CloudOptional|CloudRequired|LocalOnly|unsure,,,
robotvacuum,ecovacs:gx-600,ecovacs,gx-600,1,computeTier,AndroidDerived|EmbeddedLinux|McuClass|Rtos|unsure,,,
robotvacuum,ecovacs:gx-600,ecovacs,gx-600,1,consumerAvailability,InstallerChannel|MixedChannel|RetailConsumer|unsure,,,
robotvacuum,ecovacs:gx-600,ecovacs,gx-600,1,dataSensitivity,AvStreamData|BiometricData|NoData|TelemetryData|unsure,,,
robotvacuum,ecovacs:gx-600,ecovacs,gx-600,1,firmwareUpdateModel,ManualFlash|NoUpdatePath|OtaAutomatic|OtaUserInitiated|unsure,,,
robotvacuum,ecovacs:gx-600,ecovacs,gx-600,1,formFactor,Fixed|Portable|Worn|unsure,,,
robotvacuum,ecovacs:gx-600,ecovacs,gx-600,1,hasWebAdminUI,true|false|unsure,,,
robotvacuum,ecovacs:gx-600,ecovacs,gx-600,1,placement,Either|Indoor|Outdoor|unsure,,,
robotvacuum,ecovacs:gx-600,ecovacs,gx-600,1,supportLifetime,DeclaredLifetime|UndeclaredLifetime|unsure,,,
robotvacuum,ecovacs:mate_x,ecovacs,mate_x,1,actuatesPhysical,true|false|unsure,,,
robotvacuum,ecovacs:mate_x,ecovacs,mate_x,1,actuationConsequence,ComfortActuation|NoActuation|PropertyActuation|SafetyActuation|unsure,,,
robotvacuum,ecovacs:mate_x,ecovacs,mate_x,1,capturesAV,true|false|unsure,,,
robotvacuum,ecovacs:mate_x,ecovacs,mate_x,1,cloudDependence,CloudOptional|CloudRequired|LocalOnly|unsure,,,
robotvacuum,ecovacs:mate_x,ecovacs,mate_x,1,computeTier,AndroidDerived|EmbeddedLinux|McuClass|Rtos|unsure,,,
robotvacuum,ecovacs:mate_x,ecovacs,mate_x,1,consumerAvailability,InstallerChannel|MixedChannel|RetailConsumer|unsure,,,
robotvacuum,ecovacs:mate_x,ecovacs,mate_x,1,dataSensitivity,AvStreamData|BiometricData|NoData|TelemetryData|unsure,,,
robotvacuum,ecovacs:mate_x,ecovacs,mate_x,1,firmwareUpdateModel,ManualFlash|NoUpdatePath|OtaAutomatic|OtaUserInitiated|unsure,,,
robotvacuum,ecovacs:mate_x,ecovacs,mate_x,1,formFactor,Fixed|Portable|Worn|unsure,,,
robotvacuum,ecovacs:mate_x,ecovacs,mate_x,1,hasWebAdminUI,true|false|unsure,,,
robotvacuum,ecovacs:mate_x,ecovacs,mate_x,1,placement,Either|Indoor|Outdoor|unsure,,,
robotvacuum,ecovacs:mate_x,ecovacs,mate_x,1,supportLifetime,DeclaredLifetime|UndeclaredLifetime|unsure,,,
robotvacuum,jisiwei:i3,jisiwei,i3,2,actuatesPhysical,true|false|unsure,,,
robotvacuum,jisiwei:i3,jisiwei,i3,2,actuationConsequence,ComfortActuation|NoActuation|PropertyActuation|SafetyActuation|unsure,,,
robotvacuum,jisiwei:i3,jisiwei,i3,2,capturesAV,true|false|unsure,,,
robotvacuum,jisiwei:i3,jisiwei,i3,2,cloudDependence,CloudOptional|CloudRequired|LocalOnly|unsure,,,
robotvacuum,jisiwei:i3,jisiwei,i3,2,computeTier,AndroidDerived|EmbeddedLinux|McuClass|Rtos|unsure,,,
robotvacuum,jisiwei:i3,jisiwei,i3,2,consumerAvailability,InstallerChannel|MixedChannel|RetailConsumer|unsure,,,
robotvacuum,jisiwei:i3,jisiwei,i3,2,dataSensitivity,AvStreamData|BiometricData|NoData|TelemetryData|unsure,,,
robotvacuum,jisiwei:i3,jisiwei,i3,2,firmwareUpdateModel,ManualFlash|NoUpdatePath|OtaAutomatic|OtaUserInitiated|unsure,,,
robotvacuum,jisiwei:i3,jisiwei,i3,2,formFactor,Fixed|Portable|Worn|unsure,,,
robotvacuum,jisiwei:i3,jisiwei,i3,2,hasWebAdminUI,true|false|unsure,,,
robotvacuum,jisiwei:i3,jisiwei,i3,2,placement,Either|Indoor|Outdoor|unsure,,,
robotvacuum,jisiwei:i3,jisiwei,i3,2,supportLifetime,DeclaredLifetime|UndeclaredLifetime|unsure,,,
robotvacuum,neatorobotics:botvac_85,neatorobotics,botvac_85,1,actuatesPhysical,true|false|unsure,,,
robotvacuum,neatorobotics:botvac_85,neatorobotics,botvac_85,1,actuationConsequence,ComfortActuation|NoActuation|PropertyActuation|SafetyActuation|unsure,,,
robotvacuum,neatorobotics:botvac_85,neatorobotics,botvac_85,1,capturesAV,true|false|unsure,,,
robotvacuum,neatorobotics:botvac_85,neatorobotics,botvac_85,1,cloudDependence,CloudOptional|CloudRequired|LocalOnly|unsure,,,
robotvacuum,neatorobotics:botvac_85,neatorobotics,botvac_85,1,computeTier,AndroidDerived|EmbeddedLinux|McuClass|Rtos|unsure,,,
robotvacuum,neatorobotics:botvac_85,neatorobotics,botvac_85,1,consumerAvailability,InstallerChannel|MixedChannel|RetailConsumer|unsure,,,
robotvacuum,neatorobotics:botvac_85,neatorobotics,botvac_85,1,dataSensitivity,AvStreamData|BiometricData|NoData|TelemetryData|unsure,,,
robotvacuum,neatorobotics:botvac_85,neatorobotics,botvac_85,1,firmwareUpdateModel,ManualFlash|NoUpdatePath|OtaAutomatic|OtaUserInitiated|unsure,,,
robotvacuum,neatorobotics:botvac_85,neatorobotics,botvac_85,1,formFactor,Fixed|Portable|Worn|unsure,,,
robotvacuum,neatorobotics:botvac_85,neatorobotics,botvac_85,1,hasWebAdminUI,true|false|unsure,,,
robotvacuum,neatorobotics:botvac_85,neatorobotics,botvac_85,1,placement,Either|Indoor|Outdoor|unsure,,,
robotvacuum,neatorobotics:botvac_85,neatorobotics,botvac_85,1,supportLifetime,DeclaredLifetime|UndeclaredLifetime|unsure,,,
robotvacuum,neatorobotics:botvac_85_connected,neatorobotics,botvac_85_connected,1,actuatesPhysical,true|false|unsure,,,
robotvacuum,neatorobotics:botvac_85_connected,neatorobotics,botvac_85_connected,1,actuationConsequence,ComfortActuation|NoActuation|PropertyActuation|SafetyActuation|unsure,,,
robotvacuum,neatorobotics:botvac_85_connected,neatorobotics,botvac_85_connected,1,capturesAV,true|false|unsure,,,
robotvacuum,neatorobotics:botvac_85_connected,neatorobotics,botvac_85_connected,1,cloudDependence,CloudOptional|CloudRequired|LocalOnly|unsure,,,
robotvacuum,neatorobotics:botvac_85_connected,neatorobotics,botvac_85_connected,1,computeTier,AndroidDerived|EmbeddedLinux|McuClass|Rtos|unsure,,,
robotvacuum,neatorobotics:botvac_85_connected,neatorobotics,botvac_85_connected,1,consumerAvailability,InstallerChannel|MixedChannel|RetailConsumer|unsure,,,
robotvacuum,neatorobotics:botvac_85_connected,neatorobotics,botvac_85_connected,1,dataSensitivity,AvStreamData|BiometricData|NoData|TelemetryData|unsure,,,
robotvacuum,neatorobotics:botvac_85_connected,neatorobotics,botvac_85_connected,1,firmwareUpdateModel,ManualFlash|NoUpdatePath|OtaAutomatic|OtaUserInitiated|unsure,,,
robotvacuum,neatorobotics:botvac_85_connected,neatorobotics,botvac_85_connected,1,formFactor,Fixed|Portable|Worn|unsure,,,
robotvacuum,neatorobotics:botvac_85_connected,neatorobotics,botvac_85_connected,1,hasWebAdminUI,true|false|unsure,,,
robotvacuum,neatorobotics:botvac_85_connected,neatorobotics,botvac_85_connected,1,placement,Either|Indoor|Outdoor|unsure,,,
robotvacuum,neatorobotics:botvac_85_connected,neatorobotics,botvac_85_connected,1,supportLifetime,DeclaredLifetime|UndeclaredLifetime|unsure,,,
robotvacuum,neatorobotics:botvac_connected,neatorobotics,botvac_connected,4,actuatesPhysical,true|false|unsure,,,
robotvacuum,neatorobotics:botvac_connected,neatorobotics,botvac_connected,4,actuationConsequence,ComfortActuation|NoActuation|PropertyActuation|SafetyActuation|unsure,,,
robotvacuum,neatorobotics:botvac_connected,neatorobotics,botvac_connected,4,capturesAV,true|false|unsure,,,
robotvacuum,neatorobotics:botvac_connected,neatorobotics,botvac_connected,4,cloudDependence,CloudOptional|CloudRequired|LocalOnly|unsure,,,
robotvacuum,neatorobotics:botvac_connected,neatorobotics,botvac_connected,4,computeTier,AndroidDerived|EmbeddedLinux|McuClass|Rtos|unsure,,,
robotvacuum,neatorobotics:botvac_connected,neatorobotics,botvac_connected,4,consumerAvailability,InstallerChannel|MixedChannel|RetailConsumer|unsure,,,
robotvacuum,neatorobotics:botvac_connected,neatorobotics,botvac_connected,4,dataSensitivity,AvStreamData|BiometricData|NoData|TelemetryData|unsure,,,
robotvacuum,neatorobotics:botvac_connected,neatorobotics,botvac_connected,4,firmwareUpdateModel,ManualFlash|NoUpdatePath|OtaAutomatic|OtaUserInitiated|unsure,,,
robotvacuum,neatorobotics:botvac_connected,neatorobotics,botvac_connected,4,formFactor,Fixed|Portable|Worn|unsure,,,
robotvacuum,neatorobotics:botvac_connected,neatorobotics,botvac_connected,4,hasWebAdminUI,true|false|unsure,,,
robotvacuum,neatorobotics:botvac_connected,neatorobotics,botvac_connected,4,placement,Either|Indoor|Outdoor|unsure,,,
robotvacuum,neatorobotics:botvac_connected,neatorobotics,botvac_connected,4,supportLifetime,DeclaredLifetime|UndeclaredLifetime|unsure,,,
robotvacuum,neatorobotics:botvac_d3_pro_connected,neatorobotics,botvac_d3_pro_connected,1,actuatesPhysical,true|false|unsure,,,
robotvacuum,neatorobotics:botvac_d3_pro_connected,neatorobotics,botvac_d3_pro_connected,1,actuationConsequence,ComfortActuation|NoActuation|PropertyActuation|SafetyActuation|unsure,,,
robotvacuum,neatorobotics:botvac_d3_pro_connected,neatorobotics,botvac_d3_pro_connected,1,capturesAV,true|false|unsure,,,
robotvacuum,neatorobotics:botvac_d3_pro_connected,neatorobotics,botvac_d3_pro_connected,1,cloudDependence,CloudOptional|CloudRequired|LocalOnly|unsure,,,
robotvacuum,neatorobotics:botvac_d3_pro_connected,neatorobotics,botvac_d3_pro_connected,1,computeTier,AndroidDerived|EmbeddedLinux|McuClass|Rtos|unsure,,,
robotvacuum,neatorobotics:botvac_d3_pro_connected,neatorobotics,botvac_d3_pro_connected,1,consumerAvailability,InstallerChannel|MixedChannel|RetailConsumer|unsure,,,
robotvacuum,neatorobotics:botvac_d3_pro_connected,neatorobotics,botvac_d3_pro_connected,1,dataSensitivity,AvStreamData|BiometricData|NoData|TelemetryData|unsure,,,
robotvacuum,neatorobotics:botvac_d3_pro_connected,neatorobotics,botvac_d3_pro_connected,1,firmwareUpdateModel,ManualFlash|NoUpdatePath|OtaAutomatic|OtaUserInitiated|unsure,,,
robotvacuum,neatorobotics:botvac_d3_pro_connected,neatorobotics,botvac_d3_pro_connected,1,formFactor,Fixed|Portable|Worn|unsure,,,
robotvacuum,neatorobotics:botvac_d3_pro_connected,neatorobotics,botvac_d3_pro_connected,1,hasWebAdminUI,true|false|unsure,,,
robotvacuum,neatorobotics:botvac_d3_pro_connected,neatorobotics,botvac_d3_pro_connected,1,placement,Either|Indoor|Outdoor|unsure,,,
robotvacuum,neatorobotics:botvac_d3_pro_connected,neatorobotics,botvac_d3_pro_connected,1,supportLifetime,DeclaredLifetime|UndeclaredLifetime|unsure,,,
robotvacuum,neatorobotics:botvac_d4_connected,neatorobotics,botvac_d4_connected,4,actuatesPhysical,true|false|unsure,,,
robotvacuum,neatorobotics:botvac_d4_connected,neatorobotics,botvac_d4_connected,4,actuationConsequence,ComfortActuation|NoActuation|PropertyActuation|SafetyActuation|unsure,,,
robotvacuum,neatorobotics:botvac_d4_connected,neatorobotics,botvac_d4_connected,4,capturesAV,true|false|unsure,,,
robotvacuum,neatorobotics:botvac_d4_connected,neatorobotics,botvac_d4_connected,4,cloudDependence,CloudOptional|CloudRequired|LocalOnly|unsure,,,
robotvacuum,neatorobotics:botvac_d4_connected,neatorobotics,botvac_d4_connected,4,computeTier,AndroidDerived|EmbeddedLinux|McuClass|Rtos|unsure,,,
robotvacuum,neatorobotics:botvac_d4_connected,neatorobotics,botvac_d4_connected,4,consumerAvailability,InstallerChannel|MixedChannel|RetailConsumer|unsure,,,
robotvacuum,neatorobotics:botvac_d4_connected,neatorobotics,botvac_d4_connected,4,dataSensitivity,AvStreamData|BiometricData|NoData|TelemetryData|unsure,,,
robotvacuum,neatorobotics:botvac_d4_connected,neatorobotics,botvac_d4_connected,4,firmwareUpdateModel,ManualFlash|NoUpdatePath|OtaAutomatic|OtaUserInitiated|unsure,,,
robotvacuum,neatorobotics:botvac_d4_connected,neatorobotics,botvac_d4_connected,4,formFactor,Fixed|Portable|Worn|unsure,,,
robotvacuum,neatorobotics:botvac_d4_connected,neatorobotics,botvac_d4_connected,4,hasWebAdminUI,true|false|unsure,,,
robotvacuum,neatorobotics:botvac_d4_connected,neatorobotics,botvac_d4_connected,4,placement,Either|Indoor|Outdoor|unsure,,,
robotvacuum,neatorobotics:botvac_d4_connected,neatorobotics,botvac_d4_connected,4,supportLifetime,DeclaredLifetime|UndeclaredLifetime|unsure,,,
robotvacuum,neatorobotics:botvac_d5_connected,neatorobotics,botvac_d5_connected,3,actuatesPhysical,true|false|unsure,,,
robotvacuum,neatorobotics:botvac_d5_connected,neatorobotics,botvac_d5_connected,3,actuationConsequence,ComfortActuation|NoActuation|PropertyActuation|SafetyActuation|unsure,,,
robotvacuum,neatorobotics:botvac_d5_connected,neatorobotics,botvac_d5_connected,3,capturesAV,true|false|unsure,,,
robotvacuum,neatorobotics:botvac_d5_connected,neatorobotics,botvac_d5_connected,3,cloudDependence,CloudOptional|CloudRequired|LocalOnly|unsure,,,
robotvacuum,neatorobotics:botvac_d5_connected,neatorobotics,botvac_d5_connected,3,computeTier,AndroidDerived|EmbeddedLinux|McuClass|Rtos|unsure,,,
robotvacuum,neatorobotics:botvac_d5_connected,neatorobotics,botvac_d5_connected,3,consumerAvailability,InstallerChannel|MixedChannel|RetailConsumer|unsure,,,
robotvacuum,neatorobotics:botvac_d5_connected,neatorobotics,botvac_d5_connected,3,dataSensitivity,AvStreamData|BiometricData|NoData|TelemetryData|unsure,,,
robotvacuum,neatorobotics:botvac_d5_connected,neatorobotics,botvac_d5_connected,3,firmwareUpdateModel,ManualFlash|NoUpdatePath|OtaAutomatic|OtaUserInitiated|unsure,,,
robotvacuum,neatorobotics:botvac_d5_connected,neatorobotics,botvac_d5_connected,3,formFactor,Fixed|Portable|Worn|unsure,,,
robotvacuum,neatorobotics:botvac_d5_connected,neatorobotics,botvac_d5_connected,3,hasWebAdminUI,true|false|unsure,,,
robotvacuum,neatorobotics:botvac_d5_connected,neatorobotics,botvac_d5_connected,3,placement,Either|Indoor|Outdoor|unsure,,,
robotvacuum,neatorobotics:botvac_d5_connected,neatorobotics,botvac_d5_connected,3,supportLifetime,DeclaredLifetime|UndeclaredLifetime|unsure,,,
robotvacuum,neatorobotics:botvac_d6_connected,neatorobotics,botvac_d6_connected,4,actuatesPhysical,true|false|unsure,,,
robotvacuum,neatorobotics:botvac_d6_connected,neatorobotics,botvac_d6_connected,4,actuationConsequence,ComfortActuation|NoActuation|PropertyActuation|SafetyActuation|unsure,,,
robotvacuum,neatorobotics:botvac_d6_connected,neatorobotics,botvac_d6_connected,4,capturesAV,true|false|unsure,,,
robotvacuum,neatorobotics:botvac_d6_connected,neatorobotics,botvac_d6_connected,4,cloudDependence,CloudOptional|CloudRequired|LocalOnly|unsure,,,
robotvacuum,neatorobotics:botvac_d6_connected,neatorobotics,botvac_d6_connected,4,computeTier,AndroidDerived|EmbeddedLinux|McuClass|Rtos|unsure,,,
robotvacuum,neatorobotics:botvac_d6_connected,neatorobotics,botvac_d6_connected,4,consumerAvailability,InstallerChannel|MixedChannel|RetailConsumer|unsure,,,
robotvacuum,neatorobotics:botvac_d6_connected,neatorobotics,botvac_d6_connected,4,dataSensitivity,AvStreamData|BiometricData|NoData|TelemetryData|unsure,,,
robotvacuum,neatorobotics:botvac_d6_connected,neatorobotics,botvac_d6_connected,4,firmwareUpdateModel,ManualFlash|NoUpdatePath|OtaAutomatic|OtaUserInitiated|unsure,,,
robotvacuum,neatorobotics:botvac_d6_connected,neatorobotics,botvac_d6_connected,4,formFactor,Fixed|Portable|Worn|unsure,,,
robotvacuum,neatorobotics:botvac_d6_connected,neatorobotics,botvac_d6_connected,4,hasWebAdminUI,true|false|unsure,,,
robotvacuum,neatorobotics:botvac_d6_connected,neatorobotics,botvac_d6_connected,4,placement,Either|Indoor|Outdoor|unsure,,,
robotvacuum,neatorobotics:botvac_d6_connected,neatorobotics,botvac_d6_connected,4,supportLifetime,DeclaredLifetime|UndeclaredLifetime|unsure,,,
robotvacuum,neatorobotics:botvac_d7_connected,neatorobotics,botvac_d7_connected,4,actuatesPhysical,true|false|unsure,,,
robotvacuum,neatorobotics:botvac_d7_connected,neatorobotics,botvac_d7_connected,4,actuationConsequence,ComfortActuation|NoActuation|PropertyActuation|SafetyActuation|unsure,,,
robotvacuum,neatorobotics:botvac_d7_connected,neatorobotics,botvac_d7_connected,4,capturesAV,true|false|unsure,,,
robotvacuum,neatorobotics:botvac_d7_connected,neatorobotics,botvac_d7_connected,4,cloudDependence,CloudOptional|CloudRequired|LocalOnly|unsure,,,
robotvacuum,neatorobotics:botvac_d7_connected,neatorobotics,botvac_d7_connected,4,computeTier,AndroidDerived|EmbeddedLinux|McuClass|Rtos|unsure,,,
robotvacuum,neatorobotics:botvac_d7_connected,neatorobotics,botvac_d7_connected,4,consumerAvailability,InstallerChannel|MixedChannel|RetailConsumer|unsure,,,
robotvacuum,neatorobotics:botvac_d7_connected,neatorobotics,botvac_d7_connected,4,dataSensitivity,AvStreamData|BiometricData|NoData|TelemetryData|unsure,,,
robotvacuum,neatorobotics:botvac_d7_connected,neatorobotics,botvac_d7_connected,4,firmwareUpdateModel,ManualFlash|NoUpdatePath|OtaAutomatic|OtaUserInitiated|unsure,,,
robotvacuum,neatorobotics:botvac_d7_connected,neatorobotics,botvac_d7_connected,4,formFactor,Fixed|Portable|Worn|unsure,,,
robotvacuum,neatorobotics:botvac_d7_connected,neatorobotics,botvac_d7_connected,4,hasWebAdminUI,true|false|unsure,,,
robotvacuum,neatorobotics:botvac_d7_connected,neatorobotics,botvac_d7_connected,4,placement,Either|Indoor|Outdoor|unsure,,,
robotvacuum,neatorobotics:botvac_d7_connected,neatorobotics,botvac_d7_connected,4,supportLifetime,DeclaredLifetime|UndeclaredLifetime|unsure,,,
smartplugs,belkin:f7c063,belkin,f7c063,1,actuatesPhysical,true|false|unsure,,,
smartplugs,belkin:f7c063,belkin,f7c063,1,actuationConsequence,ComfortActuation|NoActuation|PropertyActuation|SafetyActuation|unsure,,,
smartplugs,belkin:f7c063,belkin,f7c063,1,capturesAV,true|false|unsure,,,
smartplugs,belkin:f7c063,belkin,f7c063,1,cloudDependence,CloudOptional|CloudRequired|LocalOnly|unsure,,,
smartplugs,belkin:f7c063,belkin,f7c063,1,computeTier,AndroidDerived|EmbeddedLinux|McuClass|Rtos|unsure,,,
smartplugs,belkin:f7c063,belkin,f7c063,1,consumerAvailability,InstallerChannel|MixedChannel|RetailConsumer|unsure,,,
smartplugs,belkin:f7c063,belkin,f7c063,1,dataSensitivity,AvStreamData|BiometricData|NoData|TelemetryData|unsure,,,
smartplugs,belkin:f7c063,belkin,f7c063,1,firmwareUpdateModel,ManualFlash|NoUpdatePath|OtaAutomatic|OtaUserInitiated|unsure,,,
smartplugs,belkin:f7c063,belkin,f7c063,1,formFactor,Fixed|Portable|Worn|unsure,,,
smartplugs,belkin:f7c063,belkin,f7c063,1,hasWebAdminUI,true|false|unsure,,,
smartplugs,belkin:f7c063,belkin,f7c063,1,placement,Either|Indoor|Outdoor|unsure,,,
smartplugs,belkin:f7c063,belkin,f7c063,1,supportLifetime,DeclaredLifetime|UndeclaredLifetime|unsure,,,
smartplugs,belkin:wemo_insight_smart_plug,belkin,wemo_insight_smart_plug,1,actuatesPhysical,true|false|unsure,,,
smartplugs,belkin:wemo_insight_smart_plug,belkin,wemo_insight_smart_plug,1,actuationConsequence,ComfortActuation|NoActuation|PropertyActuation|SafetyActuation|unsure,,,
smartplugs,belkin:wemo_insight_smart_plug,belkin,wemo_insight_smart_plug,1,capturesAV,true|false|unsure,,,
smartplugs,belkin:wemo_insight_smart_plug,belkin,wemo_insight_smart_plug,1,cloudDependence,CloudOptional|CloudRequired|LocalOnly|unsure,,,
smartplugs,belkin:wemo_insight_smart_plug,belkin,wemo_insight_smart_plug,1,computeTier,AndroidDerived|EmbeddedLinux|McuClass|Rtos|unsure,,,
smartplugs,belkin:wemo_insight_smart_plug,belkin,wemo_insight_smart_plug,1,consumerAvailability,InstallerChannel|MixedChannel|RetailConsumer|unsure,,,
smartplugs,belkin:wemo_insight_smart_plug,belkin,wemo_insight_smart_plug,1,dataSensitivity,AvStreamData|BiometricData|NoData|TelemetryData|unsure,,,
smartplugs,belkin:wemo_insight_smart_plug,belkin,wemo_insight_smart_plug,1,firmwareUpdateModel,ManualFlash|NoUpdatePath|OtaAutomatic|OtaUserInitiated|unsure,,,
smartplugs,belkin:wemo_insight_smart_plug,belkin,wemo_insight_smart_plug,1,formFactor,Fixed|Portable|Worn|unsure,,,
smartplugs,belkin:wemo_insight_smart_plug,belkin,wemo_insight_smart_plug,1,hasWebAdminUI,true|false|unsure,,,
smartplugs,belkin:wemo_insight_smart_plug,belkin,wemo_insight_smart_plug,1,placement,Either|Indoor|Outdoor|unsure,,,
smartplugs,belkin:wemo_insight_smart_plug,belkin,wemo_insight_smart_plug,1,supportLifetime,DeclaredLifetime|UndeclaredLifetime|unsure,,,
smartplugs,belkin:wemo_insight_switch,belkin,wemo_insight_switch,1,actuatesPhysical,true|false|unsure,,,
smartplugs,belkin:wemo_insight_switch,belkin,wemo_insight_switch,1,actuationConsequence,ComfortActuation|NoActuation|PropertyActuation|SafetyActuation|unsure,,,
smartplugs,belkin:wemo_insight_switch,belkin,wemo_insight_switch,1,capturesAV,true|false|unsure,,,
smartplugs,belkin:wemo_insight_switch,belkin,wemo_insight_switch,1,cloudDependence,CloudOptional|CloudRequired|LocalOnly|unsure,,,
smartplugs,belkin:wemo_insight_switch,belkin,wemo_insight_switch,1,computeTier,AndroidDerived|EmbeddedLinux|McuClass|Rtos|unsure,,,
smartplugs,belkin:wemo_insight_switch,belkin,wemo_insight_switch,1,consumerAvailability,InstallerChannel|MixedChannel|RetailConsumer|unsure,,,
smartplugs,belkin:wemo_insight_switch,belkin,wemo_insight_switch,1,dataSensitivity,AvStreamData|BiometricData|NoData|TelemetryData|unsure,,,
smartplugs,belkin:wemo_insight_switch,belkin,wemo_insight_switch,1,firmwareUpdateModel,ManualFlash|NoUpdatePath|OtaAutomatic|OtaUserInitiated|unsure,,,
smartplugs,belkin:wemo_insight_switch,belkin,wemo_insight_switch,1,formFactor,Fixed|Portable|Worn|unsure,,,
smartplugs,belkin:wemo_insight_switch,belkin,wemo_insight_switch,1,hasWebAdminUI,true|false|unsure,,,
smartplugs,belkin:wemo_insight_switch,belkin,wemo_insight_switch,1,placement,Either|Indoor|Outdoor|unsure,,,
smartplugs,belkin:wemo_insight_switch,belkin,wemo_insight_switch,1,supportLifetime,DeclaredLifetime|UndeclaredLifetime|unsure,,,
smartplugs,belkin:wemo_smart_plug_wsp080,belkin,wemo_smart_plug_wsp080,1,actuatesPhysical,true|false|unsure,,,
smartplugs,belkin:wemo_smart_plug_wsp080,belkin,wemo_smart_plug_wsp080,1,actuationConsequence,ComfortActuation|NoActuation|PropertyActuation|SafetyActuation|unsure,,,
smartplugs,belkin:wemo_smart_plug_wsp080,belkin,wemo_smart_plug_wsp080,1,capturesAV,true|false|unsure,,,
smartplugs,belkin:wemo_smart_plug_wsp080,belkin,wemo_smart_plug_wsp080,1,cloudDependence,CloudOptional|CloudRequired|LocalOnly|unsure,,,
smartplugs,belkin:wemo_smart_plug_wsp080,belkin,wemo_smart_plug_wsp080,1,computeTier,AndroidDerived|EmbeddedLinux|McuClass|Rtos|unsure,,,
smartplugs,belkin:wemo_smart_plug_wsp080,belkin,wemo_smart_plug_wsp080,1,consumerAvailability,InstallerChannel|MixedChannel|RetailConsumer|unsure,,,
smartplugs,belkin:wemo_smart_plug_wsp080,belkin,wemo_smart_plug_wsp080,1,dataSensitivity,AvStreamData|BiometricData|NoData|TelemetryData|unsure,,,
smartplugs,belkin:wemo_smart_plug_wsp080,belkin,wemo_smart_plug_wsp080,1,firmwareUpdateModel,ManualFlash|NoUpdatePath|OtaAutomatic|OtaUserInitiated|unsure,,,
smartplugs,belkin:wemo_smart_plug_wsp080,belkin,wemo_smart_plug_wsp080,1,formFactor,Fixed|Portable|Worn|unsure,,,
smartplugs,belkin:wemo_smart_plug_wsp080,belkin,wemo_smart_plug_wsp080,1,hasWebAdminUI,true|false|unsure,,,
smartplugs,belkin:wemo_smart_plug_wsp080,belkin,wemo_smart_plug_wsp080,1,placement,Either|Indoor|Outdoor|unsure,,,
smartplugs,belkin:wemo_smart_plug_wsp080,belkin,wemo_smart_plug_wsp080,1,supportLifetime,DeclaredLifetime|UndeclaredLifetime|unsure,,,
smartplugs,belkin:wemo_switch,belkin,wemo_switch,1,actuatesPhysical,true|false|unsure,,,
smartplugs,belkin:wemo_switch,belkin,wemo_switch,1,actuationConsequence,ComfortActuation|NoActuation|PropertyActuation|SafetyActuation|unsure,,,
smartplugs,belkin:wemo_switch,belkin,wemo_switch,1,capturesAV,true|false|unsure,,,
smartplugs,belkin:wemo_switch,belkin,wemo_switch,1,cloudDependence,CloudOptional|CloudRequired|LocalOnly|unsure,,,
smartplugs,belkin:wemo_switch,belkin,wemo_switch,1,computeTier,AndroidDerived|EmbeddedLinux|McuClass|Rtos|unsure,,,
smartplugs,belkin:wemo_switch,belkin,wemo_switch,1,consumerAvailability,InstallerChannel|MixedChannel|RetailConsumer|unsure,,,
smartplugs,belkin:wemo_switch,belkin,wemo_switch,1,dataSensitivity,AvStreamData|BiometricData|NoData|TelemetryData|unsure,,,
smartplugs,belkin:wemo_switch,belkin,wemo_switch,1,firmwareUpdateModel,ManualFlash|NoUpdatePath|OtaAutomatic|OtaUserInitiated|unsure,,,
smartplugs,belkin:wemo_switch,belkin,wemo_switch,1,formFactor,Fixed|Portable|Worn|unsure,,,
smartplugs,belkin:wemo_switch,belkin,wemo_switch,1,hasWebAdminUI,true|false|unsure,,,
smartplugs,belkin:wemo_switch,belkin,wemo_switch,1,placement,Either|Indoor|Outdoor|unsure,,,
smartplugs,belkin:wemo_switch,belkin,wemo_switch,1,supportLifetime,DeclaredLifetime|UndeclaredLifetime|unsure,,,
smartplugs,belkin:wemo_switch_28b,belkin,wemo_switch_28b,1,actuatesPhysical,true|false|unsure,,,
smartplugs,belkin:wemo_switch_28b,belkin,wemo_switch_28b,1,actuationConsequence,ComfortActuation|NoActuation|PropertyActuation|SafetyActuation|unsure,,,
smartplugs,belkin:wemo_switch_28b,belkin,wemo_switch_28b,1,capturesAV,true|false|unsure,,,
smartplugs,belkin:wemo_switch_28b,belkin,wemo_switch_28b,1,cloudDependence,CloudOptional|CloudRequired|LocalOnly|unsure,,,
smartplugs,belkin:wemo_switch_28b,belkin,wemo_switch_28b,1,computeTier,AndroidDerived|EmbeddedLinux|McuClass|Rtos|unsure,,,
smartplugs,belkin:wemo_switch_28b,belkin,wemo_switch_28b,1,consumerAvailability,InstallerChannel|MixedChannel|RetailConsumer|unsure,,,
smartplugs,belkin:wemo_switch_28b,belkin,wemo_switch_28b,1,dataSensitivity,AvStreamData|BiometricData|NoData|TelemetryData|unsure,,,
smartplugs,belkin:wemo_switch_28b,belkin,wemo_switch_28b,1,firmwareUpdateModel,ManualFlash|NoUpdatePath|OtaAutomatic|OtaUserInitiated|unsure,,,
smartplugs,belkin:wemo_switch_28b,belkin,wemo_switch_28b,1,formFactor,Fixed|Portable|Worn|unsure,,,
smartplugs,belkin:wemo_switch_28b,belkin,wemo_switch_28b,1,hasWebAdminUI,true|false|unsure,,,
smartplugs,belkin:wemo_switch_28b,belkin,wemo_switch_28b,1,placement,Either|Indoor|Outdoor|unsure,,,
smartplugs,belkin:wemo_switch_28b,belkin,wemo_switch_28b,1,supportLifetime,DeclaredLifetime|UndeclaredLifetime|unsure,,,
smartplugs,equeshome:elf_smart_plug,equeshome,elf_smart_plug,1,actuatesPhysical,true|false|unsure,,,
smartplugs,equeshome:elf_smart_plug,equeshome,elf_smart_plug,1,actuationConsequence,ComfortActuation|NoActuation|PropertyActuation|SafetyActuation|unsure,,,
smartplugs,equeshome:elf_smart_plug,equeshome,elf_smart_plug,1,capturesAV,true|false|unsure,,,
smartplugs,equeshome:elf_smart_plug,equeshome,elf_smart_plug,1,cloudDependence,CloudOptional|CloudRequired|LocalOnly|unsure,,,
smartplugs,equeshome:elf_smart_plug,equeshome,elf_smart_plug,1,computeTier,AndroidDerived|EmbeddedLinux|McuClass|Rtos|unsure,,,
smartplugs,equeshome:elf_smart_plug,equeshome,elf_smart_plug,1,consumerAvailability,InstallerChannel|MixedChannel|RetailConsumer|unsure,,,
smartplugs,equeshome:elf_smart_plug,equeshome,elf_smart_plug,1,dataSensitivity,AvStreamData|BiometricData|NoData|TelemetryData|unsure,,,
smartplugs,equeshome:elf_smart_plug,equeshome,elf_smart_plug,1,firmwareUpdateModel,ManualFlash|NoUpdatePath|OtaAutomatic|OtaUserInitiated|unsure,,,
smartplugs,equeshome:elf_smart_plug,equeshome,elf_smart_plug,1,formFactor,Fixed|Portable|Worn|unsure,,,
smartplugs,equeshome:elf_smart_plug,equeshome,elf_smart_plug,1,hasWebAdminUI,true|false|unsure,,,
smartplugs,equeshome:elf_smart_plug,equeshome,elf_smart_plug,1,placement,Either|Indoor|Outdoor|unsure,,,
smartplugs,equeshome:elf_smart_plug,equeshome,elf_smart_plug,1,supportLifetime,DeclaredLifetime|UndeclaredLifetime|unsure,,,
smartplugs,eve:eve_door_and_window,eve,eve_door_and_window,1,actuatesPhysical,true|false|unsure,,,
smartplugs,eve:eve_door_and_window,eve,eve_door_and_window,1,actuationConsequence,ComfortActuation|NoActuation|PropertyActuation|SafetyActuation|unsure,,,
smartplugs,eve:eve_door_and_window,eve,eve_door_and_window,1,capturesAV,true|false|unsure,,,
smartplugs,eve:eve_door_and_window,eve,eve_door_and_window,1,cloudDependence,CloudOptional|CloudRequired|LocalOnly|unsure,,,
smartplugs,eve:eve_door_and_window,eve,eve_door_and_window,1,computeTier,AndroidDerived|EmbeddedLinux|McuClass|Rtos|unsure,,,
smartplugs,eve:eve_door_and_window,eve,eve_door_and_window,1,consumerAvailability,InstallerChannel|MixedChannel|RetailConsumer|unsure,,,
smartplugs,eve:eve_door_and_window,eve,eve_door_and_window,1,dataSensitivity,AvStreamData|BiometricData|NoData|TelemetryData|unsure,,,
smartplugs,eve:eve_door_and_window,eve,eve_door_and_window,1,firmwareUpdateModel,ManualFlash|NoUpdatePath|OtaAutomatic|OtaUserInitiated|unsure,,,
smartplugs,eve:eve_door_and_window,eve,eve_door_and_window,1,formFactor,Fixed|Portable|Worn|unsure,,,
smartplugs,eve:eve_door_and_window,eve,eve_door_and_window,1,hasWebAdminUI,true|false|unsure,,,
smartplugs,eve:eve_door_and_window,eve,eve_door_and_window,1,placement,Either|Indoor|Outdoor|unsure,,,
smartplugs,eve:eve_door_and_window,eve,eve_door_and_window,1,supportLifetime,DeclaredLifetime|UndeclaredLifetime|unsure,,,
smartplugs,getnexx:nxal-100,getnexx,nxal-100,5,actuatesPhysical,true|false|unsure,,,
smartplugs,getnexx:nxal-100,getnexx,nxal-100,5,actuationConsequence,ComfortActuation|NoActuation|PropertyActuation|SafetyActuation|unsure,,,
smartplugs,getnexx:nxal-100,getnexx,nxal-100,5,capturesAV,true|false|unsure,,,
smartplugs,getnexx:nxal-100,getnexx,nxal-100,5,cloudDependence,CloudOptional|CloudRequired|LocalOnly|unsure,,,
smartplugs,getnexx:nxal-100,getnexx,nxal-100,5,computeTier,AndroidDerived|EmbeddedLinux|McuClass|Rtos|unsure,,,
smartplugs,getnexx:nxal-100,getnexx,nxal-100,5,consumerAvailability,InstallerChannel|MixedChannel|RetailConsumer|unsure,,,
smartplugs,getnexx:nxal-100,getnexx,nxal-100,5,dataSensitivity,AvStreamData|BiometricData|NoData|TelemetryData|unsure,,,
smartplugs,getnexx:nxal-100,getnexx,nxal-100,5,firmwareUpdateModel,ManualFlash|NoUpdatePath|OtaAutomatic|OtaUserInitiated|unsure,,,
smartplugs,getnexx:nxal-100,getnexx,nxal-100,5,formFactor,Fixed|Portable|Worn|unsure,,,
smartplugs,getnexx:nxal-100,getnexx,nxal-100,5,hasWebAdminUI,true|false|unsure,,,
smartplugs,getnexx:nxal-100,getnexx,nxal-100,5,placement,Either|Indoor|Outdoor|unsure,,,
smartplugs,getnexx:nxal-100,getnexx,nxal-100,5,supportLifetime,DeclaredLifetime|UndeclaredLifetime|unsure,,,
smartplugs,getnexx:nxg-100b,getnexx,nxg-100b,5,actuatesPhysical,true|false|unsure,,,
smartplugs,getnexx:nxg-100b,getnexx,nxg-100b,5,actuationConsequence,ComfortActuation|NoActuation|PropertyActuation|SafetyActuation|unsure,,,
smartplugs,getnexx:nxg-100b,getnexx,nxg-100b,5,capturesAV,true|false|unsure,,,
smartplugs,getnexx:nxg-100b,getnexx,nxg-100b,5,cloudDependence,CloudOptional|CloudRequired|LocalOnly|unsure,,,
smartplugs,getnexx:nxg-100b,getnexx,nxg-100b,5,computeTier,AndroidDerived|EmbeddedLinux|McuClass|Rtos|unsure,,,
smartplugs,getnexx:nxg-100b,getnexx,nxg-100b,5,consumerAvailability,InstallerChannel|MixedChannel|RetailConsumer|unsure,,,
smartplugs,getnexx:nxg-100b,getnexx,nxg-100b,5,dataSensitivity,AvStreamData|BiometricData|NoData|TelemetryData|unsure,,,
smartplugs,getnexx:nxg-100b,getnexx,nxg-100b,5,firmwareUpdateModel,ManualFlash|NoUpdatePath|OtaAutomatic|OtaUserInitiated|unsure,,,
smartplugs,getnexx:nxg-100b,getnexx,nxg-100b,5,formFactor,Fixed|Portable|Worn|unsure,,,
smartplugs,getnexx:nxg-100b,getnexx,nxg-100b,5,hasWebAdminUI,true|false|unsure,,,
smartplugs,getnexx:nxg-100b,getnexx,nxg-100b,5,placement,Either|Indoor|Outdoor|unsure,,,
smartplugs,getnexx:nxg-100b,getnexx,nxg-100b,5,supportLifetime,DeclaredLifetime|UndeclaredLifetime|unsure,,,
smartplugs,getnexx:nxg-200,getnexx,nxg-200,5,actuatesPhysical,true|false|unsure,,,
smartplugs,getnexx:nxg-200,getnexx,nxg-200,5,actuationConsequence,ComfortActuation|NoActuation|PropertyActuation|SafetyActuation|unsure,,,
smartplugs,getnexx:nxg-200,getnexx,nxg-200,5,capturesAV,true|false|unsure,,,
smartplugs,getnexx:nxg-200,getnexx,nxg-200,5,cloudDependence,CloudOptional|CloudRequired|LocalOnly|unsure,,,
smartplugs,getnexx:nxg-200,getnexx,nxg-200,5,computeTier,AndroidDerived|EmbeddedLinux|McuClass|Rtos|unsure,,,
smartplugs,getnexx:nxg-200,getnexx,nxg-200,5,consumerAvailability,InstallerChannel|MixedChannel|RetailConsumer|unsure,,,
smartplugs,getnexx:nxg-200,getnexx,nxg-200,5,dataSensitivity,AvStreamData|BiometricData|NoData|TelemetryData|unsure,,,
smartplugs,getnexx:nxg-200,getnexx,nxg-200,5,firmwareUpdateModel,ManualFlash|NoUpdatePath|OtaAutomatic|OtaUserInitiated|unsure,,,
smartplugs,getnexx:nxg-200,getnexx,nxg-200,5,formFactor,Fixed|Portable|Worn|unsure,,,
smartplugs,getnexx:nxg-200,getnexx,nxg-200,5,hasWebAdminUI,true|false|unsure,,,
smartplugs,getnexx:nxg-200,getnexx,nxg-200,5,placement,Either|Indoor|Outdoor|unsure,,,
smartplugs,getnexx:nxg-200,getnexx,nxg-200,5,supportLifetime,DeclaredLifetime|UndeclaredLifetime|unsure,,,
smartplugs,getnexx:nxpg-100w,getnexx,nxpg-100w,5,actuatesPhysical,true|false|unsure,,,
smartplugs,getnexx:nxpg-100w,getnexx,nxpg-100w,5,actuationConsequence,ComfortActuation|NoActuation|PropertyActuation|SafetyActuation|unsure,,,
smartplugs,getnexx:nxpg-100w,getnexx,nxpg-100w,5,capturesAV,true|false|unsure,,,
smartplugs,getnexx:nxpg-100w,getnexx,nxpg-100w,5,cloudDependence,CloudOptional|CloudRequired|LocalOnly|unsure,,,
smartplugs,getnexx:nxpg-100w,getnexx,nxpg-100w,5,computeTier,AndroidDerived|EmbeddedLinux|McuClass|Rtos|unsure,,,
smartplugs,getnexx:nxpg-100w,getnexx,nxpg-100w,5,consumerAvailability,InstallerChannel|MixedChannel|RetailConsumer|unsure,,,
smartplugs,getnexx:nxpg-100w,getnexx,nxpg-100w,5,dataSensitivity,AvStreamData|BiometricData|NoData|TelemetryData|unsure,,,
smartplugs,getnexx:nxpg-100w,getnexx,nxpg-100w,5,firmwareUpdateModel,ManualFlash|NoUpdatePath|OtaAutomatic|OtaUserInitiated|unsure,,,
smartplugs,getnexx:nxpg-100w,getnexx,nxpg-100w,5,formFactor,Fixed|Portable|Worn|unsure,,,
smartplugs,getnexx:nxpg-100w,getnexx,nxpg-100w,5,hasWebAdminUI,true|false|unsure,,,
smartplugs,getnexx:nxpg-100w,getnexx,nxpg-100w,5,placement,Either|Indoor|Outdoor|unsure,,,
smartplugs,getnexx:nxpg-100w,getnexx,nxpg-100w,5,supportLifetime,DeclaredLifetime|UndeclaredLifetime|unsure,,,
smartplugs,govee:led_strip,govee,led_strip,1,actuatesPhysical,true|false|unsure,,,
smartplugs,govee:led_strip,govee,led_strip,1,actuationConsequence,ComfortActuation|NoActuation|PropertyActuation|SafetyActuation|unsure,,,
smartplugs,govee:led_strip,govee,led_strip,1,capturesAV,true|false|unsure,,,
smartplugs,govee:led_strip,govee,led_strip,1,cloudDependence,CloudOptional|CloudRequired|LocalOnly|unsure,,,
smartplugs,govee:led_strip,govee,led_strip,1,computeTier,AndroidDerived|EmbeddedLinux|McuClass|Rtos|unsure,,,
smartplugs,govee:led_strip,govee,led_strip,1,consumerAvailability,InstallerChannel|MixedChannel|RetailConsumer|unsure,,,
smartplugs,govee:led_strip,govee,led_strip,1,dataSensitivity,AvStreamData|BiometricData|NoData|TelemetryData|unsure,,,
smartplugs,govee:led_strip,govee,led_strip,1,firmwareUpdateModel,ManualFlash|NoUpdatePath|OtaAutomatic|OtaUserInitiated|unsure,,,
smartplugs,govee:led_strip,govee,led_strip,1,formFactor,Fixed|Portable|Worn|unsure,,,
smartplugs,govee:led_strip,govee,led_strip,1,hasWebAdminUI,true|false|unsure,,,
smartplugs,govee:led_strip,govee,led_strip,1,placement,Either|Indoor|Outdoor|unsure,,,
smartplugs,govee:led_strip,govee,led_strip,1,supportLifetime,DeclaredLifetime|UndeclaredLifetime|unsure,,,
smartplugs,kankun:smartsocket,kankun,smartsocket,1,actuatesPhysical,true|false|unsure,,,
smartplugs,kankun:smartsocket,kankun,smartsocket,1,actuationConsequence,ComfortActuation|NoActuation|PropertyActuation|SafetyActuation|unsure,,,
smartplugs,kankun:smartsocket,kankun,smartsocket,1,capturesAV,true|false|unsure,,,
smartplugs,kankun:smartsocket,kankun,smartsocket,1,cloudDependence,CloudOptional|CloudRequired|LocalOnly|unsure,,,
smartplugs,kankun:smartsocket,kankun,smartsocket,1,computeTier,AndroidDerived|EmbeddedLinux|McuClass|Rtos|unsure,,,
smartplugs,kankun:smartsocket,kankun,smartsocket,1,consumerAvailability,InstallerChannel|MixedChannel|RetailConsumer|unsure,,,
smartplugs,kankun:smartsocket,kankun,smartsocket,1,dataSensitivity,AvStreamData|BiometricData|NoData|TelemetryData|unsure,,,
smartplugs,kankun:smartsocket,kankun,smartsocket,1,firmwareUpdateModel,ManualFlash|NoUpdatePath|OtaAutomatic|OtaUserInitiated|unsure,,,
smartplugs,kankun:smartsocket,kankun,smartsocket,1,formFactor,Fixed|Portable|Worn|unsure,,,
smartplugs,kankun:smartsocket,kankun,smartsocket,1,hasWebAdminUI,true|false|unsure,,,
smartplugs,kankun:smartsocket,kankun,smartsocket,1,placement,Either|Indoor|Outdoor|unsure,,,
smartplugs,kankun:smartsocket,kankun,smartsocket,1,supportLifetime,DeclaredLifetime|UndeclaredLifetime|unsure,,,
smartplugs,kankunit:konke_smart_plug,kankunit,konke_smart_plug,1,actuatesPhysical,true|false|unsure,,,
smartplugs,kankunit:konke_smart_plug,kankunit,konke_smart_plug,1,actuationConsequence,ComfortActuation|NoActuation|PropertyActuation|SafetyActuation|unsure,,,
smartplugs,kankunit:konke_smart_plug,kankunit,konke_smart_plug,1,capturesAV,true|false|unsure,,,
smartplugs,kankunit:konke_smart_plug,kankunit,konke_smart_plug,1,cloudDependence,CloudOptional|CloudRequired|LocalOnly|unsure,,,
smartplugs,kankunit:konke_smart_plug,kankunit,konke_smart_plug,1,computeTier,AndroidDerived|EmbeddedLinux|McuClass|Rtos|unsure,,,
smartplugs,kankunit:konke_smart_plug,kankunit,konke_smart_plug,1,consumerAvailability,InstallerChannel|MixedChannel|RetailConsumer|unsure,,,
smartplugs,kankunit:konke_smart_plug,kankunit,konke_smart_plug,1,dataSensitivity,AvStreamData|BiometricData|NoData|TelemetryData|unsure,,,
smartplugs,kankunit:konke_smart_plug,kankunit,konke_smart_plug,1,firmwareUpdateModel,ManualFlash|NoUpdatePath|OtaAutomatic|OtaUserInitiated|unsure,,,
smartplugs,kankunit:konke_smart_plug,kankunit,konke_smart_plug,1,formFactor,Fixed|Portable|Worn|unsure,,,
smartplugs,kankunit:konke_smart_plug,kankunit,konke_smart_plug,1,hasWebAdminUI,true|false|unsure,,,
smartplugs,kankunit:konke_smart_plug,kankunit,konke_smart_plug,1,placement,Either|Indoor|Outdoor|unsure,,,
smartplugs,kankunit:konke_smart_plug,kankunit,konke_smart_plug,1,supportLifetime,DeclaredLifetime|UndeclaredLifetime|unsure,,,
smartplugs,meross:mss110,meross,mss110,2,actuatesPhysical,true|false|unsure,,,
smartplugs,meross:mss110,meross,mss110,2,actuationConsequence,ComfortActuation|NoActuation|PropertyActuation|SafetyActuation|unsure,,,
smartplugs,meross:mss110,meross,mss110,2,capturesAV,true|false|unsure,,,
smartplugs,meross:mss110,meross,mss110,2,cloudDependence,CloudOptional|CloudRequired|LocalOnly|unsure,,,
smartplugs,meross:mss110,meross,mss110,2,computeTier,AndroidDerived|EmbeddedLinux|McuClass|Rtos|unsure,,,
smartplugs,meross:mss110,meross,mss110,2,consumerAvailability,InstallerChannel|MixedChannel|RetailConsumer|unsure,,,
smartplugs,meross:mss110,meross,mss110,2,dataSensitivity,AvStreamData|BiometricData|NoData|TelemetryData|unsure,,,
smartplugs,meross:mss110,meross,mss110,2,firmwareUpdateModel,ManualFlash|NoUpdatePath|OtaAutomatic|OtaUserInitiated|unsure,,,
smartplugs,meross:mss110,meross,mss110,2,formFactor,Fixed|Portable|Worn|unsure,,,
smartplugs,meross:mss110,meross,mss110,2,hasWebAdminUI,true|false|unsure,,,
smartplugs,meross:mss110,meross,mss110,2,placement,Either|Indoor|Outdoor|unsure,,,
smartplugs,meross:mss110,meross,mss110,2,supportLifetime,DeclaredLifetime|UndeclaredLifetime|unsure,,,
smartplugs,meross:mss550x,meross,mss550x,1,actuatesPhysical,true|false|unsure,,,
smartplugs,meross:mss550x,meross,mss550x,1,actuationConsequence,ComfortActuation|NoActuation|PropertyActuation|SafetyActuation|unsure,,,
smartplugs,meross:mss550x,meross,mss550x,1,capturesAV,true|false|unsure,,,
smartplugs,meross:mss550x,meross,mss550x,1,cloudDependence,CloudOptional|CloudRequired|LocalOnly|unsure,,,
smartplugs,meross:mss550x,meross,mss550x,1,computeTier,AndroidDerived|EmbeddedLinux|McuClass|Rtos|unsure,,,
smartplugs,meross:mss550x,meross,mss550x,1,consumerAvailability,InstallerChannel|MixedChannel|RetailConsumer|unsure,,,
smartplugs,meross:mss550x,meross,mss550x,1,dataSensitivity,AvStreamData|BiometricData|NoData|TelemetryData|unsure,,,
smartplugs,meross:mss550x,meross,mss550x,1,firmwareUpdateModel,ManualFlash|NoUpdatePath|OtaAutomatic|OtaUserInitiated|unsure,,,
smartplugs,meross:mss550x,meross,mss550x,1,formFactor,Fixed|Portable|Worn|unsure,,,
smartplugs,meross:mss550x,meross,mss550x,1,hasWebAdminUI,true|false|unsure,,,
smartplugs,meross:mss550x,meross,mss550x,1,placement,Either|Indoor|Outdoor|unsure,,,
smartplugs,meross:mss550x,meross,mss550x,1,supportLifetime,DeclaredLifetime|UndeclaredLifetime|unsure,,,
smartplugs,nanoleaf:lightstrip,nanoleaf,lightstrip,1,actuatesPhysical,true|false|unsure,,,
smartplugs,nanoleaf:lightstrip,nanoleaf,lightstrip,1,actuationConsequence,ComfortActuation|NoActuation|PropertyActuation|SafetyActuation|unsure,,,
smartplugs,nanoleaf:lightstrip,nanoleaf,lightstrip,1,capturesAV,true|false|unsure,,,
smartplugs,nanoleaf:lightstrip,nanoleaf,lightstrip,1,cloudDependence,CloudOptional|CloudRequired|LocalOnly|unsure,,,
smartplugs,nanoleaf:lightstrip,nanoleaf,lightstrip,1,computeTier,AndroidDerived|EmbeddedLinux|McuClass|Rtos|unsure,,,
smartplugs,nanoleaf:lightstrip,nanoleaf,lightstrip,1,consumerAvailability,InstallerChannel|MixedChannel|RetailConsumer|unsure,,,
smartplugs,nanoleaf:lightstrip,nanoleaf,lightstrip,1,dataSensitivity,AvStreamData|BiometricData|NoData|TelemetryData|unsure,,,
smartplugs,nanoleaf:lightstrip,nanoleaf,lightstrip,1,firmwareUpdateModel,ManualFlash|NoUpdatePath|OtaAutomatic|OtaUserInitiated|unsure,,,
smartplugs,nanoleaf:lightstrip,nanoleaf,lightstrip,1,formFactor,Fixed|Portable|Worn|unsure,,,
smartplugs,nanoleaf:lightstrip,nanoleaf,lightstrip,1,hasWebAdminUI,true|false|unsure,,,
smartplugs,nanoleaf:lightstrip,nanoleaf,lightstrip,1,placement,Either|Indoor|Outdoor|unsure,,,
smartplugs,nanoleaf:lightstrip,nanoleaf,lightstrip,1,supportLifetime,DeclaredLifetime|UndeclaredLifetime|unsure,,,
smartplugs,orein:smart_bulb,orein,smart_bulb,1,actuatesPhysical,true|false|unsure,,,
smartplugs,orein:smart_bulb,orein,smart_bulb,1,actuationConsequence,ComfortActuation|NoActuation|PropertyActuation|SafetyActuation|unsure,,,
smartplugs,orein:smart_bulb,orein,smart_bulb,1,capturesAV,true|false|unsure,,,
smartplugs,orein:smart_bulb,orein,smart_bulb,1,cloudDependence,CloudOptional|CloudRequired|LocalOnly|unsure,,,
smartplugs,orein:smart_bulb,orein,smart_bulb,1,computeTier,AndroidDerived|EmbeddedLinux|McuClass|Rtos|unsure,,,
smartplugs,orein:smart_bulb,orein,smart_bulb,1,consumerAvailability,InstallerChannel|MixedChannel|RetailConsumer|unsure,,,
smartplugs,orein:smart_bulb,orein,smart_bulb,1,dataSensitivity,AvStreamData|BiometricData|NoData|TelemetryData|unsure,,,
smartplugs,orein:smart_bulb,orein,smart_bulb,1,firmwareUpdateModel,ManualFlash|NoUpdatePath|OtaAutomatic|OtaUserInitiated|unsure,,,
smartplugs,orein:smart_bulb,orein,smart_bulb,1,formFactor,Fixed|Portable|Worn|unsure,,,
smartplugs,orein:smart_bulb,orein,smart_bulb,1,hasWebAdminUI,true|false|unsure,,,
smartplugs,orein:smart_bulb,orein,smart_bulb,1,placement,Either|Indoor|Outdoor|unsure,,,
smartplugs,orein:smart_bulb,orein,smart_bulb,1,supportLifetime,DeclaredLifetime|UndeclaredLifetime|unsure,,,
smartplugs,phillips:hue_bridge,phillips,hue_bridge,1,actuatesPhysical,true|false|unsure,,,
smartplugs,phillips:hue_bridge,phillips,hue_bridge,1,actuationConsequence,ComfortActuation|NoActuation|PropertyActuation|SafetyActuation|unsure,,,
smartplugs,phillips:hue_bridge,phillips,hue_bridge,1,capturesAV,true|false|unsure,,,
smartplugs,phillips:hue_bridge,phillips,hue_bridge,1,cloudDependence,CloudOptional|CloudRequired|LocalOnly|unsure,,,
smartplugs,phillips:hue_bridge,phillips,hue_bridge,1,computeTier,AndroidDerived|EmbeddedLinux|McuClass|Rtos|unsure,,,
smartplugs,phillips:hue_bridge,phillips,hue_bridge,1,consumerAvailability,InstallerChannel|MixedChannel|RetailConsumer|unsure,,,
smartplugs,phillips:hue_bridge,phillips,hue_bridge,1,dataSensitivity,AvStreamData|BiometricData|NoData|TelemetryData|unsure,,,
smartplugs,phillips:hue_bridge,phillips,hue_bridge,1,firmwareUpdateModel,ManualFlash|NoUpdatePath|OtaAutomatic|OtaUserInitiated|unsure,,,
smartplugs,phillips:hue_bridge,phillips,hue_bridge,1,formFactor,Fixed|Portable|Worn|unsure,,,
smartplugs,phillips:hue_bridge,phillips,hue_bridge,1,hasWebAdminUI,true|false|unsure,,,
smartplugs,phillips:hue_bridge,phillips,hue_bridge,1,placement,Either|Indoor|Outdoor|unsure,,,
smartplugs,phillips:hue_bridge,phillips,hue_bridge,1,supportLifetime,DeclaredLifetime|UndeclaredLifetime|unsure,,,
smartplugs,quboworld:smart_plug_10a,quboworld,smart_plug_10a,2,actuatesPhysical,true|false|unsure,,,
smartplugs,quboworld:smart_plug_10a,quboworld,smart_plug_10a,2,actuationConsequence,ComfortActuation|NoActuation|PropertyActuation|SafetyActuation|unsure,,,
smartplugs,quboworld:smart_plug_10a,quboworld,smart_plug_10a,2,capturesAV,true|false|unsure,,,
smartplugs,quboworld:smart_plug_10a,quboworld,smart_plug_10a,2,cloudDependence,CloudOptional|CloudRequired|LocalOnly|unsure,,,
smartplugs,quboworld:smart_plug_10a,quboworld,smart_plug_10a,2,computeTier,AndroidDerived|EmbeddedLinux|McuClass|Rtos|unsure,,,
smartplugs,quboworld:smart_plug_10a,quboworld,smart_plug_10a,2,consumerAvailability,InstallerChannel|MixedChannel|RetailConsumer|unsure,,,
smartplugs,quboworld:smart_plug_10a,quboworld,smart_plug_10a,2,dataSensitivity,AvStreamData|BiometricData|NoData|TelemetryData|unsure,,,
smartplugs,quboworld:smart_plug_10a,quboworld,smart_plug_10a,2,firmwareUpdateModel,ManualFlash|NoUpdatePath|OtaAutomatic|OtaUserInitiated|unsure,,,
smartplugs,quboworld:smart_plug_10a,quboworld,smart_plug_10a,2,formFactor,Fixed|Portable|Worn|unsure,,,
smartplugs,quboworld:smart_plug_10a,quboworld,smart_plug_10a,2,hasWebAdminUI,true|false|unsure,,,
smartplugs,quboworld:smart_plug_10a,quboworld,smart_plug_10a,2,placement,Either|Indoor|Outdoor|unsure,,,
smartplugs,quboworld:smart_plug_10a,quboworld,smart_plug_10a,2,supportLifetime,DeclaredLifetime|UndeclaredLifetime|unsure,,,
smartplugs,sonoff:th10,sonoff,th10,1,actuatesPhysical,true|false|unsure,,,
smartplugs,sonoff:th10,sonoff,th10,1,actuationConsequence,ComfortActuation|NoActuation|PropertyActuation|SafetyActuation|unsure,,,
smartplugs,sonoff:th10,sonoff,th10,1,capturesAV,true|false|unsure,,,
smartplugs,sonoff:th10,sonoff,th10,1,cloudDependence,CloudOptional|CloudRequired|LocalOnly|unsure,,,
smartplugs,sonoff:th10,sonoff,th10,1,computeTier,AndroidDerived|EmbeddedLinux|McuClass|Rtos|unsure,,,
smartplugs,sonoff:th10,sonoff,th10,1,consumerAvailability,InstallerChannel|MixedChannel|RetailConsumer|unsure,,,
smartplugs,sonoff:th10,sonoff,th10,1,dataSensitivity,AvStreamData|BiometricData|NoData|TelemetryData|unsure,,,
smartplugs,sonoff:th10,sonoff,th10,1,firmwareUpdateModel,ManualFlash|NoUpdatePath|OtaAutomatic|OtaUserInitiated|unsure,,,
smartplugs,sonoff:th10,sonoff,th10,1,formFactor,Fixed|Portable|Worn|unsure,,,
smartplugs,sonoff:th10,sonoff,th10,1,hasWebAdminUI,true|false|unsure,,,
smartplugs,sonoff:th10,sonoff,th10,1,placement,Either|Indoor|Outdoor|unsure,,,
smartplugs,sonoff:th10,sonoff,th10,1,supportLifetime,DeclaredLifetime|UndeclaredLifetime|unsure,,,
smartplugs,sonoff:th16,sonoff,th16,1,actuatesPhysical,true|false|unsure,,,
smartplugs,sonoff:th16,sonoff,th16,1,actuationConsequence,ComfortActuation|NoActuation|PropertyActuation|SafetyActuation|unsure,,,
smartplugs,sonoff:th16,sonoff,th16,1,capturesAV,true|false|unsure,,,
smartplugs,sonoff:th16,sonoff,th16,1,cloudDependence,CloudOptional|CloudRequired|LocalOnly|unsure,,,
smartplugs,sonoff:th16,sonoff,th16,1,computeTier,AndroidDerived|EmbeddedLinux|McuClass|Rtos|unsure,,,
smartplugs,sonoff:th16,sonoff,th16,1,consumerAvailability,InstallerChannel|MixedChannel|RetailConsumer|unsure,,,
smartplugs,sonoff:th16,sonoff,th16,1,dataSensitivity,AvStreamData|BiometricData|NoData|TelemetryData|unsure,,,
smartplugs,sonoff:th16,sonoff,th16,1,firmwareUpdateModel,ManualFlash|NoUpdatePath|OtaAutomatic|OtaUserInitiated|unsure,,,
smartplugs,sonoff:th16,sonoff,th16,1,formFactor,Fixed|Portable|Worn|unsure,,,
smartplugs,sonoff:th16,sonoff,th16,1,hasWebAdminUI,true|false|unsure,,,
smartplugs,sonoff:th16,sonoff,th16,1,placement,Either|Indoor|Outdoor|unsure,,,
smartplugs,sonoff:th16,sonoff,th16,1,supportLifetime,DeclaredLifetime|UndeclaredLifetime|unsure,,,
smartplugs,switchbot:hub2,switchbot,hub2,1,actuatesPhysical,true|false|unsure,,,
smartplugs,switchbot:hub2,switchbot,hub2,1,actuationConsequence,ComfortActuation|NoActuation|PropertyActuation|SafetyActuation|unsure,,,
smartplugs,switchbot:hub2,switchbot,hub2,1,capturesAV,true|false|unsure,,,
smartplugs,switchbot:hub2,switchbot,hub2,1,cloudDependence,CloudOptional|CloudRequired|LocalOnly|unsure,,,
smartplugs,switchbot:hub2,switchbot,hub2,1,computeTier,AndroidDerived|EmbeddedLinux|McuClass|Rtos|unsure,,,
smartplugs,switchbot:hub2,switchbot,hub2,1,consumerAvailability,InstallerChannel|MixedChannel|RetailConsumer|unsure,,,
smartplugs,switchbot:hub2,switchbot,hub2,1,dataSensitivity,AvStreamData|BiometricData|NoData|TelemetryData|unsure,,,
smartplugs,switchbot:hub2,switchbot,hub2,1,firmwareUpdateModel,ManualFlash|NoUpdatePath|OtaAutomatic|OtaUserInitiated|unsure,,,
smartplugs,switchbot:hub2,switchbot,hub2,1,formFactor,Fixed|Portable|Worn|unsure,,,
smartplugs,switchbot:hub2,switchbot,hub2,1,hasWebAdminUI,true|false|unsure,,,
smartplugs,switchbot:hub2,switchbot,hub2,1,placement,Either|Indoor|Outdoor|unsure,,,
smartplugs,switchbot:hub2,switchbot,hub2,1,supportLifetime,DeclaredLifetime|UndeclaredLifetime|unsure,,,
smartplugs,tapo:mini_smart_wi-fi_plug,tapo,mini_smart_wi-fi_plug,1,actuatesPhysical,true|false|unsure,,,
smartplugs,tapo:mini_smart_wi-fi_plug,tapo,mini_smart_wi-fi_plug,1,actuationConsequence,ComfortActuation|NoActuation|PropertyActuation|SafetyActuation|unsure,,,
smartplugs,tapo:mini_smart_wi-fi_plug,tapo,mini_smart_wi-fi_plug,1,capturesAV,true|false|unsure,,,
smartplugs,tapo:mini_smart_wi-fi_plug,tapo,mini_smart_wi-fi_plug,1,cloudDependence,CloudOptional|CloudRequired|LocalOnly|unsure,,,
smartplugs,tapo:mini_smart_wi-fi_plug,tapo,mini_smart_wi-fi_plug,1,computeTier,AndroidDerived|EmbeddedLinux|McuClass|Rtos|unsure,,,
smartplugs,tapo:mini_smart_wi-fi_plug,tapo,mini_smart_wi-fi_plug,1,consumerAvailability,InstallerChannel|MixedChannel|RetailConsumer|unsure,,,
smartplugs,tapo:mini_smart_wi-fi_plug,tapo,mini_smart_wi-fi_plug,1,dataSensitivity,AvStreamData|BiometricData|NoData|TelemetryData|unsure,,,
smartplugs,tapo:mini_smart_wi-fi_plug,tapo,mini_smart_wi-fi_plug,1,firmwareUpdateModel,ManualFlash|NoUpdatePath|OtaAutomatic|OtaUserInitiated|unsure,,,
smartplugs,tapo:mini_smart_wi-fi_plug,tapo,mini_smart_wi-fi_plug,1,formFactor,Fixed|Portable|Worn|unsure,,,
smartplugs,tapo:mini_smart_wi-fi_plug,tapo,mini_smart_wi-fi_plug,1,hasWebAdminUI,true|false|unsure,,,
smartplugs,tapo:mini_smart_wi-fi_plug,tapo,mini_smart_wi-fi_plug,1,placement,Either|Indoor|Outdoor|unsure,,,
smartplugs,tapo:mini_smart_wi-fi_plug,tapo,mini_smart_wi-fi_plug,1,supportLifetime,DeclaredLifetime|UndeclaredLifetime|unsure,,,
smartplugs,tp-link:smart_plug,tp-link,smart_plug,1,actuatesPhysical,true|false|unsure,,,
smartplugs,tp-link:smart_plug,tp-link,smart_plug,1,actuationConsequence,ComfortActuation|NoActuation|PropertyActuation|SafetyActuation|unsure,,,
smartplugs,tp-link:smart_plug,tp-link,smart_plug,1,capturesAV,true|false|unsure,,,
smartplugs,tp-link:smart_plug,tp-link,smart_plug,1,cloudDependence,CloudOptional|CloudRequired|LocalOnly|unsure,,,
smartplugs,tp-link:smart_plug,tp-link,smart_plug,1,computeTier,AndroidDerived|EmbeddedLinux|McuClass|Rtos|unsure,,,
smartplugs,tp-link:smart_plug,tp-link,smart_plug,1,consumerAvailability,InstallerChannel|MixedChannel|RetailConsumer|unsure,,,
smartplugs,tp-link:smart_plug,tp-link,smart_plug,1,dataSensitivity,AvStreamData|BiometricData|NoData|TelemetryData|unsure,,,
smartplugs,tp-link:smart_plug,tp-link,smart_plug,1,firmwareUpdateModel,ManualFlash|NoUpdatePath|OtaAutomatic|OtaUserInitiated|unsure,,,
smartplugs,tp-link:smart_plug,tp-link,smart_plug,1,formFactor,Fixed|Portable|Worn|unsure,,,
smartplugs,tp-link:smart_plug,tp-link,smart_plug,1,hasWebAdminUI,true|false|unsure,,,
smartplugs,tp-link:smart_plug,tp-link,smart_plug,1,placement,Either|Indoor|Outdoor|unsure,,,
smartplugs,tp-link:smart_plug,tp-link,smart_plug,1,supportLifetime,DeclaredLifetime|UndeclaredLifetime|unsure,,,
smartplugs,tp-link:tapo_h100,tp-link,tapo_h100,1,actuatesPhysical,true|false|unsure,,,
smartplugs,tp-link:tapo_h100,tp-link,tapo_h100,1,actuationConsequence,ComfortActuation|NoActuation|PropertyActuation|SafetyActuation|unsure,,,
smartplugs,tp-link:tapo_h100,tp-link,tapo_h100,1,capturesAV,true|false|unsure,,,
smartplugs,tp-link:tapo_h100,tp-link,tapo_h100,1,cloudDependence,CloudOptional|CloudRequired|LocalOnly|unsure,,,
smartplugs,tp-link:tapo_h100,tp-link,tapo_h100,1,computeTier,AndroidDerived|EmbeddedLinux|McuClass|Rtos|unsure,,,
smartplugs,tp-link:tapo_h100,tp-link,tapo_h100,1,consumerAvailability,InstallerChannel|MixedChannel|RetailConsumer|unsure,,,
smartplugs,tp-link:tapo_h100,tp-link,tapo_h100,1,dataSensitivity,AvStreamData|BiometricData|NoData|TelemetryData|unsure,,,
smartplugs,tp-link:tapo_h100,tp-link,tapo_h100,1,firmwareUpdateModel,ManualFlash|NoUpdatePath|OtaAutomatic|OtaUserInitiated|unsure,,,
smartplugs,tp-link:tapo_h100,tp-link,tapo_h100,1,formFactor,Fixed|Portable|Worn|unsure,,,
smartplugs,tp-link:tapo_h100,tp-link,tapo_h100,1,hasWebAdminUI,true|false|unsure,,,
smartplugs,tp-link:tapo_h100,tp-link,tapo_h100,1,placement,Either|Indoor|Outdoor|unsure,,,
smartplugs,tp-link:tapo_h100,tp-link,tapo_h100,1,supportLifetime,DeclaredLifetime|UndeclaredLifetime|unsure,,,
smartplugs,tp-link:tapo_l530e,tp-link,tapo_l530e,4,actuatesPhysical,true|false|unsure,,,
smartplugs,tp-link:tapo_l530e,tp-link,tapo_l530e,4,actuationConsequence,ComfortActuation|NoActuation|PropertyActuation|SafetyActuation|unsure,,,
smartplugs,tp-link:tapo_l530e,tp-link,tapo_l530e,4,capturesAV,true|false|unsure,,,
smartplugs,tp-link:tapo_l530e,tp-link,tapo_l530e,4,cloudDependence,CloudOptional|CloudRequired|LocalOnly|unsure,,,
smartplugs,tp-link:tapo_l530e,tp-link,tapo_l530e,4,computeTier,AndroidDerived|EmbeddedLinux|McuClass|Rtos|unsure,,,
smartplugs,tp-link:tapo_l530e,tp-link,tapo_l530e,4,consumerAvailability,InstallerChannel|MixedChannel|RetailConsumer|unsure,,,
smartplugs,tp-link:tapo_l530e,tp-link,tapo_l530e,4,dataSensitivity,AvStreamData|BiometricData|NoData|TelemetryData|unsure,,,
smartplugs,tp-link:tapo_l530e,tp-link,tapo_l530e,4,firmwareUpdateModel,ManualFlash|NoUpdatePath|OtaAutomatic|OtaUserInitiated|unsure,,,
smartplugs,tp-link:tapo_l530e,tp-link,tapo_l530e,4,formFactor,Fixed|Portable|Worn|unsure,,,
smartplugs,tp-link:tapo_l530e,tp-link,tapo_l530e,4,hasWebAdminUI,true|false|unsure,,,
smartplugs,tp-link:tapo_l530e,tp-link,tapo_l530e,4,placement,Either|Indoor|Outdoor|unsure,,,
smartplugs,tp-link:tapo_l530e,tp-link,tapo_l530e,4,supportLifetime,DeclaredLifetime|UndeclaredLifetime|unsure,,,
smartplugs,tp-link:tapo_p100,tp-link,tapo_p100,1,actuatesPhysical,true|false|unsure,,,
smartplugs,tp-link:tapo_p100,tp-link,tapo_p100,1,actuationConsequence,ComfortActuation|NoActuation|PropertyActuation|SafetyActuation|unsure,,,
smartplugs,tp-link:tapo_p100,tp-link,tapo_p100,1,capturesAV,true|false|unsure,,,
smartplugs,tp-link:tapo_p100,tp-link,tapo_p100,1,cloudDependence,CloudOptional|CloudRequired|LocalOnly|unsure,,,
smartplugs,tp-link:tapo_p100,tp-link,tapo_p100,1,computeTier,AndroidDerived|EmbeddedLinux|McuClass|Rtos|unsure,,,
smartplugs,tp-link:tapo_p100,tp-link,tapo_p100,1,consumerAvailability,InstallerChannel|MixedChannel|RetailConsumer|unsure,,,
smartplugs,tp-link:tapo_p100,tp-link,tapo_p100,1,dataSensitivity,AvStreamData|BiometricData|NoData|TelemetryData|unsure,,,
smartplugs,tp-link:tapo_p100,tp-link,tapo_p100,1,firmwareUpdateModel,ManualFlash|NoUpdatePath|OtaAutomatic|OtaUserInitiated|unsure,,,
smartplugs,tp-link:tapo_p100,tp-link,tapo_p100,1,formFactor,Fixed|Portable|Worn|unsure,,,
smartplugs,tp-link:tapo_p100,tp-link,tapo_p100,1,hasWebAdminUI,true|false|unsure,,,
smartplugs,tp-link:tapo_p100,tp-link,tapo_p100,1,placement,Either|Indoor|Outdoor|unsure,,,
smartplugs,tp-link:tapo_p100,tp-link,tapo_p100,1,supportLifetime,DeclaredLifetime|UndeclaredLifetime|unsure,,,
smartplugs,yeelight:smart_lamp,yeelight,smart_lamp,1,actuatesPhysical,true|false|unsure,,,
smartplugs,yeelight:smart_lamp,yeelight,smart_lamp,1,actuationConsequence,ComfortActuation|NoActuation|PropertyActuation|SafetyActuation|unsure,,,
smartplugs,yeelight:smart_lamp,yeelight,smart_lamp,1,capturesAV,true|false|unsure,,,
smartplugs,yeelight:smart_lamp,yeelight,smart_lamp,1,cloudDependence,CloudOptional|CloudRequired|LocalOnly|unsure,,,
smartplugs,yeelight:smart_lamp,yeelight,smart_lamp,1,computeTier,AndroidDerived|EmbeddedLinux|McuClass|Rtos|unsure,,,
smartplugs,yeelight:smart_lamp,yeelight,smart_lamp,1,consumerAvailability,InstallerChannel|MixedChannel|RetailConsumer|unsure,,,
smartplugs,yeelight:smart_lamp,yeelight,smart_lamp,1,dataSensitivity,AvStreamData|BiometricData|NoData|TelemetryData|unsure,,,
smartplugs,yeelight:smart_lamp,yeelight,smart_lamp,1,firmwareUpdateModel,ManualFlash|NoUpdatePath|OtaAutomatic|OtaUserInitiated|unsure,,,
smartplugs,yeelight:smart_lamp,yeelight,smart_lamp,1,formFactor,Fixed|Portable|Worn|unsure,,,
smartplugs,yeelight:smart_lamp,yeelight,smart_lamp,1,hasWebAdminUI,true|false|unsure,,,
smartplugs,yeelight:smart_lamp,yeelight,smart_lamp,1,placement,Either|Indoor|Outdoor|unsure,,,
smartplugs,yeelight:smart_lamp,yeelight,smart_lamp,1,supportLifetime,DeclaredLifetime|UndeclaredLifetime|unsure,,,
smartspeakers,amazon:alexa,amazon,alexa,1,actuatesPhysical,true|false|unsure,,,
smartspeakers,amazon:alexa,amazon,alexa,1,actuationConsequence,ComfortActuation|NoActuation|PropertyActuation|SafetyActuation|unsure,,,
smartspeakers,amazon:alexa,amazon,alexa,1,capturesAV,true|false|unsure,,,
smartspeakers,amazon:alexa,amazon,alexa,1,cloudDependence,CloudOptional|CloudRequired|LocalOnly|unsure,,,
smartspeakers,amazon:alexa,amazon,alexa,1,computeTier,AndroidDerived|EmbeddedLinux|McuClass|Rtos|unsure,,,
smartspeakers,amazon:alexa,amazon,alexa,1,consumerAvailability,InstallerChannel|MixedChannel|RetailConsumer|unsure,,,
smartspeakers,amazon:alexa,amazon,alexa,1,dataSensitivity,AvStreamData|BiometricData|NoData|TelemetryData|unsure,,,
smartspeakers,amazon:alexa,amazon,alexa,1,firmwareUpdateModel,ManualFlash|NoUpdatePath|OtaAutomatic|OtaUserInitiated|unsure,,,
smartspeakers,amazon:alexa,amazon,alexa,1,formFactor,Fixed|Portable|Worn|unsure,,,
smartspeakers,amazon:alexa,amazon,alexa,1,hasWebAdminUI,true|false|unsure,,,
smartspeakers,amazon:alexa,amazon,alexa,1,placement,Either|Indoor|Outdoor|unsure,,,
smartspeakers,amazon:alexa,amazon,alexa,1,supportLifetime,DeclaredLifetime|UndeclaredLifetime|unsure,,,
smartspeakers,amazon:echo,amazon,echo,1,actuatesPhysical,true|false|unsure,,,
smartspeakers,amazon:echo,amazon,echo,1,actuationConsequence,ComfortActuation|NoActuation|PropertyActuation|SafetyActuation|unsure,,,
smartspeakers,amazon:echo,amazon,echo,1,capturesAV,true|false|unsure,,,
smartspeakers,amazon:echo,amazon,echo,1,cloudDependence,CloudOptional|CloudRequired|LocalOnly|unsure,,,
smartspeakers,amazon:echo,amazon,echo,1,computeTier,AndroidDerived|EmbeddedLinux|McuClass|Rtos|unsure,,,
smartspeakers,amazon:echo,amazon,echo,1,consumerAvailability,InstallerChannel|MixedChannel|RetailConsumer|unsure,,,
smartspeakers,amazon:echo,amazon,echo,1,dataSensitivity,AvStreamData|BiometricData|NoData|TelemetryData|unsure,,,
smartspeakers,amazon:echo,amazon,echo,1,firmwareUpdateModel,ManualFlash|NoUpdatePath|OtaAutomatic|OtaUserInitiated|unsure,,,
smartspeakers,amazon:echo,amazon,echo,1,formFactor,Fixed|Portable|Worn|unsure,,,
smartspeakers,amazon:echo,amazon,echo,1,hasWebAdminUI,true|false|unsure,,,
smartspeakers,amazon:echo,amazon,echo,1,placement,Either|Indoor|Outdoor|unsure,,,
smartspeakers,amazon:echo,amazon,echo,1,supportLifetime,DeclaredLifetime|UndeclaredLifetime|unsure,,,
smartspeakers,amazon:echo_dot,amazon,echo_dot,4,actuatesPhysical,true|false|unsure,,,
smartspeakers,amazon:echo_dot,amazon,echo_dot,4,actuationConsequence,ComfortActuation|NoActuation|PropertyActuation|SafetyActuation|unsure,,,
smartspeakers,amazon:echo_dot,amazon,echo_dot,4,capturesAV,true|false|unsure,,,
smartspeakers,amazon:echo_dot,amazon,echo_dot,4,cloudDependence,CloudOptional|CloudRequired|LocalOnly|unsure,,,
smartspeakers,amazon:echo_dot,amazon,echo_dot,4,computeTier,AndroidDerived|EmbeddedLinux|McuClass|Rtos|unsure,,,
smartspeakers,amazon:echo_dot,amazon,echo_dot,4,consumerAvailability,InstallerChannel|MixedChannel|RetailConsumer|unsure,,,
smartspeakers,amazon:echo_dot,amazon,echo_dot,4,dataSensitivity,AvStreamData|BiometricData|NoData|TelemetryData|unsure,,,
smartspeakers,amazon:echo_dot,amazon,echo_dot,4,firmwareUpdateModel,ManualFlash|NoUpdatePath|OtaAutomatic|OtaUserInitiated|unsure,,,
smartspeakers,amazon:echo_dot,amazon,echo_dot,4,formFactor,Fixed|Portable|Worn|unsure,,,
smartspeakers,amazon:echo_dot,amazon,echo_dot,4,hasWebAdminUI,true|false|unsure,,,
smartspeakers,amazon:echo_dot,amazon,echo_dot,4,placement,Either|Indoor|Outdoor|unsure,,,
smartspeakers,amazon:echo_dot,amazon,echo_dot,4,supportLifetime,DeclaredLifetime|UndeclaredLifetime|unsure,,,
smartspeakers,amazon:echo_plus,amazon,echo_plus,1,actuatesPhysical,true|false|unsure,,,
smartspeakers,amazon:echo_plus,amazon,echo_plus,1,actuationConsequence,ComfortActuation|NoActuation|PropertyActuation|SafetyActuation|unsure,,,
smartspeakers,amazon:echo_plus,amazon,echo_plus,1,capturesAV,true|false|unsure,,,
smartspeakers,amazon:echo_plus,amazon,echo_plus,1,cloudDependence,CloudOptional|CloudRequired|LocalOnly|unsure,,,
smartspeakers,amazon:echo_plus,amazon,echo_plus,1,computeTier,AndroidDerived|EmbeddedLinux|McuClass|Rtos|unsure,,,
smartspeakers,amazon:echo_plus,amazon,echo_plus,1,consumerAvailability,InstallerChannel|MixedChannel|RetailConsumer|unsure,,,
smartspeakers,amazon:echo_plus,amazon,echo_plus,1,dataSensitivity,AvStreamData|BiometricData|NoData|TelemetryData|unsure,,,
smartspeakers,amazon:echo_plus,amazon,echo_plus,1,firmwareUpdateModel,ManualFlash|NoUpdatePath|OtaAutomatic|OtaUserInitiated|unsure,,,
smartspeakers,amazon:echo_plus,amazon,echo_plus,1,formFactor,Fixed|Portable|Worn|unsure,,,
smartspeakers,amazon:echo_plus,amazon,echo_plus,1,hasWebAdminUI,true|false|unsure,,,
smartspeakers,amazon:echo_plus,amazon,echo_plus,1,placement,Either|Indoor|Outdoor|unsure,,,
smartspeakers,amazon:echo_plus,amazon,echo_plus,1,supportLifetime,DeclaredLifetime|UndeclaredLifetime|unsure,,,
smartspeakers,amazon:echo_show,amazon,echo_show,1,actuatesPhysical,true|false|unsure,,,
smartspeakers,amazon:echo_show,amazon,echo_show,1,actuationConsequence,ComfortActuation|NoActuation|PropertyActuation|SafetyActuation|unsure,,,
smartspeakers,amazon:echo_show,amazon,echo_show,1,capturesAV,true|false|unsure,,,
smartspeakers,amazon:echo_show,amazon,echo_show,1,cloudDependence,CloudOptional|CloudRequired|LocalOnly|unsure,,,
smartspeakers,amazon:echo_show,amazon,echo_show,1,computeTier,AndroidDerived|EmbeddedLinux|McuClass|Rtos|unsure,,,
smartspeakers,amazon:echo_show,amazon,echo_show,1,consumerAvailability,InstallerChannel|MixedChannel|RetailConsumer|unsure,,,
smartspeakers,amazon:echo_show,amazon,echo_show,1,dataSensitivity,AvStreamData|BiometricData|NoData|TelemetryData|unsure,,,
smartspeakers,amazon:echo_show,amazon,echo_show,1,firmwareUpdateModel,ManualFlash|NoUpdatePath|OtaAutomatic|OtaUserInitiated|unsure,,,
smartspeakers,amazon:echo_show,amazon,echo_show,1,formFactor,Fixed|Portable|Worn|unsure,,,
smartspeakers,amazon:echo_show,amazon,echo_show,1,hasWebAdminUI,true|false|unsure,,,
smartspeakers,amazon:echo_show,amazon,echo_show,1,placement,Either|Indoor|Outdoor|unsure,,,
smartspeakers,amazon:echo_show,amazon,echo_show,1,supportLifetime,DeclaredLifetime|UndeclaredLifetime|unsure,,,
smartspeakers,amazon:echo_spot,amazon,echo_spot,1,actuatesPhysical,true|false|unsure,,,
smartspeakers,amazon:echo_spot,amazon,echo_spot,1,actuationConsequence,ComfortActuation|NoActuation|PropertyActuation|SafetyActuation|unsure,,,
smartspeakers,amazon:echo_spot,amazon,echo_spot,1,capturesAV,true|false|unsure,,,
smartspeakers,amazon:echo_spot,amazon,echo_spot,1,cloudDependence,CloudOptional|CloudRequired|LocalOnly|unsure,,,
smartspeakers,amazon:echo_spot,amazon,echo_spot,1,computeTier,AndroidDerived|EmbeddedLinux|McuClass|Rtos|unsure,,,
smartspeakers,amazon:echo_spot,amazon,echo_spot,1,consumerAvailability,InstallerChannel|MixedChannel|RetailConsumer|unsure,,,
smartspeakers,amazon:echo_spot,amazon,echo_spot,1,dataSensitivity,AvStreamData|BiometricData|NoData|TelemetryData|unsure,,,
smartspeakers,amazon:echo_spot,amazon,echo_spot,1,firmwareUpdateModel,ManualFlash|NoUpdatePath|OtaAutomatic|OtaUserInitiated|unsure,,,
smartspeakers,amazon:echo_spot,amazon,echo_spot,1,formFactor,Fixed|Portable|Worn|unsure,,,
smartspeakers,amazon:echo_spot,amazon,echo_spot,1,hasWebAdminUI,true|false|unsure,,,
smartspeakers,amazon:echo_spot,amazon,echo_spot,1,placement,Either|Indoor|Outdoor|unsure,,,
smartspeakers,amazon:echo_spot,amazon,echo_spot,1,supportLifetime,DeclaredLifetime|UndeclaredLifetime|unsure,,,
smartspeakers,bose:soundtouch_30,bose,soundtouch_30,1,actuatesPhysical,true|false|unsure,,,
smartspeakers,bose:soundtouch_30,bose,soundtouch_30,1,actuationConsequence,ComfortActuation|NoActuation|PropertyActuation|SafetyActuation|unsure,,,
smartspeakers,bose:soundtouch_30,bose,soundtouch_30,1,capturesAV,true|false|unsure,,,
smartspeakers,bose:soundtouch_30,bose,soundtouch_30,1,cloudDependence,CloudOptional|CloudRequired|LocalOnly|unsure,,,
smartspeakers,bose:soundtouch_30,bose,soundtouch_30,1,computeTier,AndroidDerived|EmbeddedLinux|McuClass|Rtos|unsure,,,
smartspeakers,bose:soundtouch_30,bose,soundtouch_30,1,consumerAvailability,InstallerChannel|MixedChannel|RetailConsumer|unsure,,,
smartspeakers,bose:soundtouch_30,bose,soundtouch_30,1,dataSensitivity,AvStreamData|BiometricData|NoData|TelemetryData|unsure,,,
smartspeakers,bose:soundtouch_30,bose,soundtouch_30,1,firmwareUpdateModel,ManualFlash|NoUpdatePath|OtaAutomatic|OtaUserInitiated|unsure,,,
smartspeakers,bose:soundtouch_30,bose,soundtouch_30,1,formFactor,Fixed|Portable|Worn|unsure,,,
smartspeakers,bose:soundtouch_30,bose,soundtouch_30,1,hasWebAdminUI,true|false|unsure,,,
smartspeakers,bose:soundtouch_30,bose,soundtouch_30,1,placement,Either|Indoor|Outdoor|unsure,,,
smartspeakers,bose:soundtouch_30,bose,soundtouch_30,1,supportLifetime,DeclaredLifetime|UndeclaredLifetime|unsure,,,
smartspeakers,google:chromecast,google,chromecast,1,actuatesPhysical,true|false|unsure,,,
smartspeakers,google:chromecast,google,chromecast,1,actuationConsequence,ComfortActuation|NoActuation|PropertyActuation|SafetyActuation|unsure,,,
smartspeakers,google:chromecast,google,chromecast,1,capturesAV,true|false|unsure,,,
smartspeakers,google:chromecast,google,chromecast,1,cloudDependence,CloudOptional|CloudRequired|LocalOnly|unsure,,,
smartspeakers,google:chromecast,google,chromecast,1,computeTier,AndroidDerived|EmbeddedLinux|McuClass|Rtos|unsure,,,
smartspeakers,google:chromecast,google,chromecast,1,consumerAvailability,InstallerChannel|MixedChannel|RetailConsumer|unsure,,,
smartspeakers,google:chromecast,google,chromecast,1,dataSensitivity,AvStreamData|BiometricData|NoData|TelemetryData|unsure,,,
smartspeakers,google:chromecast,google,chromecast,1,firmwareUpdateModel,ManualFlash|NoUpdatePath|OtaAutomatic|OtaUserInitiated|unsure,,,
smartspeakers,google:chromecast,google,chromecast,1,formFactor,Fixed|Portable|Worn|unsure,,,
smartspeakers,google:chromecast,google,chromecast,1,hasWebAdminUI,true|false|unsure,,,
smartspeakers,google:chromecast,google,chromecast,1,placement,Either|Indoor|Outdoor|unsure,,,
smartspeakers,google:chromecast,google,chromecast,1,supportLifetime,DeclaredLifetime|UndeclaredLifetime|unsure,,,
smartspeakers,google:home,google,home,2,actuatesPhysical,true|false|unsure,,,
smartspeakers,google:home,google,home,2,actuationConsequence,ComfortActuation|NoActuation|PropertyActuation|SafetyActuation|unsure,,,
smartspeakers,google:home,google,home,2,capturesAV,true|false|unsure,,,
smartspeakers,google:home,google,home,2,cloudDependence,CloudOptional|CloudRequired|LocalOnly|unsure,,,
smartspeakers,google:home,google,home,2,computeTier,AndroidDerived|EmbeddedLinux|McuClass|Rtos|unsure,,,
smartspeakers,google:home,google,home,2,consumerAvailability,InstallerChannel|MixedChannel|RetailConsumer|unsure,,,
smartspeakers,google:home,google,home,2,dataSensitivity,AvStreamData|BiometricData|NoData|TelemetryData|unsure,,,
smartspeakers,google:home,google,home,2,firmwareUpdateModel,ManualFlash|NoUpdatePath|OtaAutomatic|OtaUserInitiated|unsure,,,
smartspeakers,google:home,google,home,2,formFactor,Fixed|Portable|Worn|unsure,,,
smartspeakers,google:home,google,home,2,hasWebAdminUI,true|false|unsure,,,
smartspeakers,google:home,google,home,2,placement,Either|Indoor|Outdoor|unsure,,,
smartspeakers,google:home,google,home,2,supportLifetime,DeclaredLifetime|UndeclaredLifetime|unsure,,,
smartspeakers,google:home_mini,google,home_mini,1,actuatesPhysical,true|false|unsure,,,
smartspeakers,google:home_mini,google,home_mini,1,actuationConsequence,ComfortActuation|NoActuation|PropertyActuation|SafetyActuation|unsure,,,
smartspeakers,google:home_mini,google,home_mini,1,capturesAV,true|false|unsure,,,
smartspeakers,google:home_mini,google,home_mini,1,cloudDependence,CloudOptional|CloudRequired|LocalOnly|unsure,,,
smartspeakers,google:home_mini,google,home_mini,1,computeTier,AndroidDerived|EmbeddedLinux|McuClass|Rtos|unsure,,,
smartspeakers,google:home_mini,google,home_mini,1,consumerAvailability,InstallerChannel|MixedChannel|RetailConsumer|unsure,,,
smartspeakers,google:home_mini,google,home_mini,1,dataSensitivity,AvStreamData|BiometricData|NoData|TelemetryData|unsure,,,
smartspeakers,google:home_mini,google,home_mini,1,firmwareUpdateModel,ManualFlash|NoUpdatePath|OtaAutomatic|OtaUserInitiated|unsure,,,
smartspeakers,google:home_mini,google,home_mini,1,formFactor,Fixed|Portable|Worn|unsure,,,
smartspeakers,google:home_mini,google,home_mini,1,hasWebAdminUI,true|false|unsure,,,
smartspeakers,google:home_mini,google,home_mini,1,placement,Either|Indoor|Outdoor|unsure,,,
smartspeakers,google:home_mini,google,home_mini,1,supportLifetime,DeclaredLifetime|UndeclaredLifetime|unsure,,,
smartspeakers,google:nest_audio,google,nest_audio,1,actuatesPhysical,true|false|unsure,,,
smartspeakers,google:nest_audio,google,nest_audio,1,actuationConsequence,ComfortActuation|NoActuation|PropertyActuation|SafetyActuation|unsure,,,
smartspeakers,google:nest_audio,google,nest_audio,1,capturesAV,true|false|unsure,,,
smartspeakers,google:nest_audio,google,nest_audio,1,cloudDependence,CloudOptional|CloudRequired|LocalOnly|unsure,,,
smartspeakers,google:nest_audio,google,nest_audio,1,computeTier,AndroidDerived|EmbeddedLinux|McuClass|Rtos|unsure,,,
smartspeakers,google:nest_audio,google,nest_audio,1,consumerAvailability,InstallerChannel|MixedChannel|RetailConsumer|unsure,,,
smartspeakers,google:nest_audio,google,nest_audio,1,dataSensitivity,AvStreamData|BiometricData|NoData|TelemetryData|unsure,,,
smartspeakers,google:nest_audio,google,nest_audio,1,firmwareUpdateModel,ManualFlash|NoUpdatePath|OtaAutomatic|OtaUserInitiated|unsure,,,
smartspeakers,google:nest_audio,google,nest_audio,1,formFactor,Fixed|Portable|Worn|unsure,,,
smartspeakers,google:nest_audio,google,nest_audio,1,hasWebAdminUI,true|false|unsure,,,
smartspeakers,google:nest_audio,google,nest_audio,1,placement,Either|Indoor|Outdoor|unsure,,,
smartspeakers,google:nest_audio,google,nest_audio,1,supportLifetime,DeclaredLifetime|UndeclaredLifetime|unsure,,,
smartspeakers,google:nest_mini,google,nest_mini,2,actuatesPhysical,true|false|unsure,,,
smartspeakers,google:nest_mini,google,nest_mini,2,actuationConsequence,ComfortActuation|NoActuation|PropertyActuation|SafetyActuation|unsure,,,
smartspeakers,google:nest_mini,google,nest_mini,2,capturesAV,true|false|unsure,,,
smartspeakers,google:nest_mini,google,nest_mini,2,cloudDependence,CloudOptional|CloudRequired|LocalOnly|unsure,,,
smartspeakers,google:nest_mini,google,nest_mini,2,computeTier,AndroidDerived|EmbeddedLinux|McuClass|Rtos|unsure,,,
smartspeakers,google:nest_mini,google,nest_mini,2,consumerAvailability,InstallerChannel|MixedChannel|RetailConsumer|unsure,,,
smartspeakers,google:nest_mini,google,nest_mini,2,dataSensitivity,AvStreamData|BiometricData|NoData|TelemetryData|unsure,,,
smartspeakers,google:nest_mini,google,nest_mini,2,firmwareUpdateModel,ManualFlash|NoUpdatePath|OtaAutomatic|OtaUserInitiated|unsure,,,
smartspeakers,google:nest_mini,google,nest_mini,2,formFactor,Fixed|Portable|Worn|unsure,,,
smartspeakers,google:nest_mini,google,nest_mini,2,hasWebAdminUI,true|false|unsure,,,
smartspeakers,google:nest_mini,google,nest_mini,2,placement,Either|Indoor|Outdoor|unsure,,,
smartspeakers,google:nest_mini,google,nest_mini,2,supportLifetime,DeclaredLifetime|UndeclaredLifetime|unsure,,,
smartspeakers,huawei:egrt-00,huawei,egrt-00,1,actuatesPhysical,true|false|unsure,,,
smartspeakers,huawei:egrt-00,huawei,egrt-00,1,actuationConsequence,ComfortActuation|NoActuation|PropertyActuation|SafetyActuation|unsure,,,
smartspeakers,huawei:egrt-00,huawei,egrt-00,1,capturesAV,true|false|unsure,,,
smartspeakers,huawei:egrt-00,huawei,egrt-00,1,cloudDependence,CloudOptional|CloudRequired|LocalOnly|unsure,,,
smartspeakers,huawei:egrt-00,huawei,egrt-00,1,computeTier,AndroidDerived|EmbeddedLinux|McuClass|Rtos|unsure,,,
smartspeakers,huawei:egrt-00,huawei,egrt-00,1,consumerAvailability,InstallerChannel|MixedChannel|RetailConsumer|unsure,,,
smartspeakers,huawei:egrt-00,huawei,egrt-00,1,dataSensitivity,AvStreamData|BiometricData|NoData|TelemetryData|unsure,,,
smartspeakers,huawei:egrt-00,huawei,egrt-00,1,firmwareUpdateModel,ManualFlash|NoUpdatePath|OtaAutomatic|OtaUserInitiated|unsure,,,
smartspeakers,huawei:egrt-00,huawei,egrt-00,1,formFactor,Fixed|Portable|Worn|unsure,,,
smartspeakers,huawei:egrt-00,huawei,egrt-00,1,hasWebAdminUI,true|false|unsure,,,
smartspeakers,huawei:egrt-00,huawei,egrt-00,1,placement,Either|Indoor|Outdoor|unsure,,,
smartspeakers,huawei:egrt-00,huawei,egrt-00,1,supportLifetime,DeclaredLifetime|UndeclaredLifetime|unsure,,,
smartspeakers,huawei:myna,huawei,myna,1,actuatesPhysical,true|false|unsure,,,
smartspeakers,huawei:myna,huawei,myna,1,actuationConsequence,ComfortActuation|NoActuation|PropertyActuation|SafetyActuation|unsure,,,
smartspeakers,huawei:myna,huawei,myna,1,capturesAV,true|false|unsure,,,
smartspeakers,huawei:myna,huawei,myna,1,cloudDependence,CloudOptional|CloudRequired|LocalOnly|unsure,,,
smartspeakers,huawei:myna,huawei,myna,1,computeTier,AndroidDerived|EmbeddedLinux|McuClass|Rtos|unsure,,,
smartspeakers,huawei:myna,huawei,myna,1,consumerAvailability,InstallerChannel|MixedChannel|RetailConsumer|unsure,,,
smartspeakers,huawei:myna,huawei,myna,1,dataSensitivity,AvStreamData|BiometricData|NoData|TelemetryData|unsure,,,
smartspeakers,huawei:myna,huawei,myna,1,firmwareUpdateModel,ManualFlash|NoUpdatePath|OtaAutomatic|OtaUserInitiated|unsure,,,
smartspeakers,huawei:myna,huawei,myna,1,formFactor,Fixed|Portable|Worn|unsure,,,
smartspeakers,huawei:myna,huawei,myna,1,hasWebAdminUI,true|false|unsure,,,
smartspeakers,huawei:myna,huawei,myna,1,placement,Either|Indoor|Outdoor|unsure,,,
smartspeakers,huawei:myna,huawei,myna,1,supportLifetime,DeclaredLifetime|UndeclaredLifetime|unsure,,,
smartspeakers,lenovo:smart_clock_essential_with_alexa_built_in,lenovo,smart_clock_essential_with_alexa_built_in,1,actuatesPhysical,true|false|unsure,,,
smartspeakers,lenovo:smart_clock_essential_with_alexa_built_in,lenovo,smart_clock_essential_with_alexa_built_in,1,actuationConsequence,ComfortActuation|NoActuation|PropertyActuation|SafetyActuation|unsure,,,
smartspeakers,lenovo:smart_clock_essential_with_alexa_built_in,lenovo,smart_clock_essential_with_alexa_built_in,1,capturesAV,true|false|unsure,,,
smartspeakers,lenovo:smart_clock_essential_with_alexa_built_in,lenovo,smart_clock_essential_with_alexa_built_in,1,cloudDependence,CloudOptional|CloudRequired|LocalOnly|unsure,,,
smartspeakers,lenovo:smart_clock_essential_with_alexa_built_in,lenovo,smart_clock_essential_with_alexa_built_in,1,computeTier,AndroidDerived|EmbeddedLinux|McuClass|Rtos|unsure,,,
smartspeakers,lenovo:smart_clock_essential_with_alexa_built_in,lenovo,smart_clock_essential_with_alexa_built_in,1,consumerAvailability,InstallerChannel|MixedChannel|RetailConsumer|unsure,,,
smartspeakers,lenovo:smart_clock_essential_with_alexa_built_in,lenovo,smart_clock_essential_with_alexa_built_in,1,dataSensitivity,AvStreamData|BiometricData|NoData|TelemetryData|unsure,,,
smartspeakers,lenovo:smart_clock_essential_with_alexa_built_in,lenovo,smart_clock_essential_with_alexa_built_in,1,firmwareUpdateModel,ManualFlash|NoUpdatePath|OtaAutomatic|OtaUserInitiated|unsure,,,
smartspeakers,lenovo:smart_clock_essential_with_alexa_built_in,lenovo,smart_clock_essential_with_alexa_built_in,1,formFactor,Fixed|Portable|Worn|unsure,,,
smartspeakers,lenovo:smart_clock_essential_with_alexa_built_in,lenovo,smart_clock_essential_with_alexa_built_in,1,hasWebAdminUI,true|false|unsure,,,
smartspeakers,lenovo:smart_clock_essential_with_alexa_built_in,lenovo,smart_clock_essential_with_alexa_built_in,1,placement,Either|Indoor|Outdoor|unsure,,,
smartspeakers,lenovo:smart_clock_essential_with_alexa_built_in,lenovo,smart_clock_essential_with_alexa_built_in,1,supportLifetime,DeclaredLifetime|UndeclaredLifetime|unsure,,,
smartspeakers,mi:mdz-25-dt,mi,mdz-25-dt,1,actuatesPhysical,true|false|unsure,,,
smartspeakers,mi:mdz-25-dt,mi,mdz-25-dt,1,actuationConsequence,ComfortActuation|NoActuation|PropertyActuation|SafetyActuation|unsure,,,
smartspeakers,mi:mdz-25-dt,mi,mdz-25-dt,1,capturesAV,true|false|unsure,,,
smartspeakers,mi:mdz-25-dt,mi,mdz-25-dt,1,cloudDependence,CloudOptional|CloudRequired|LocalOnly|unsure,,,
smartspeakers,mi:mdz-25-dt,mi,mdz-25-dt,1,computeTier,AndroidDerived|EmbeddedLinux|McuClass|Rtos|unsure,,,
smartspeakers,mi:mdz-25-dt,mi,mdz-25-dt,1,consumerAvailability,InstallerChannel|MixedChannel|RetailConsumer|unsure,,,
smartspeakers,mi:mdz-25-dt,mi,mdz-25-dt,1,dataSensitivity,AvStreamData|BiometricData|NoData|TelemetryData|unsure,,,
smartspeakers,mi:mdz-25-dt,mi,mdz-25-dt,1,firmwareUpdateModel,ManualFlash|NoUpdatePath|OtaAutomatic|OtaUserInitiated|unsure,,,
smartspeakers,mi:mdz-25-dt,mi,mdz-25-dt,1,formFactor,Fixed|Portable|Worn|unsure,,,
smartspeakers,mi:mdz-25-dt,mi,mdz-25-dt,1,hasWebAdminUI,true|false|unsure,,,
smartspeakers,mi:mdz-25-dt,mi,mdz-25-dt,1,placement,Either|Indoor|Outdoor|unsure,,,
smartspeakers,mi:mdz-25-dt,mi,mdz-25-dt,1,supportLifetime,DeclaredLifetime|UndeclaredLifetime|unsure,,,
smartspeakers,mi:xiaomi_xiaoai_speaker_pro_lx06,mi,xiaomi_xiaoai_speaker_pro_lx06,2,actuatesPhysical,true|false|unsure,,,
smartspeakers,mi:xiaomi_xiaoai_speaker_pro_lx06,mi,xiaomi_xiaoai_speaker_pro_lx06,2,actuationConsequence,ComfortActuation|NoActuation|PropertyActuation|SafetyActuation|unsure,,,
smartspeakers,mi:xiaomi_xiaoai_speaker_pro_lx06,mi,xiaomi_xiaoai_speaker_pro_lx06,2,capturesAV,true|false|unsure,,,
smartspeakers,mi:xiaomi_xiaoai_speaker_pro_lx06,mi,xiaomi_xiaoai_speaker_pro_lx06,2,cloudDependence,CloudOptional|CloudRequired|LocalOnly|unsure,,,
smartspeakers,mi:xiaomi_xiaoai_speaker_pro_lx06,mi,xiaomi_xiaoai_speaker_pro_lx06,2,computeTier,AndroidDerived|EmbeddedLinux|McuClass|Rtos|unsure,,,
smartspeakers,mi:xiaomi_xiaoai_speaker_pro_lx06,mi,xiaomi_xiaoai_speaker_pro_lx06,2,consumerAvailability,InstallerChannel|MixedChannel|RetailConsumer|unsure,,,
smartspeakers,mi:xiaomi_xiaoai_speaker_pro_lx06,mi,xiaomi_xiaoai_speaker_pro_lx06,2,dataSensitivity,AvStreamData|BiometricData|NoData|TelemetryData|unsure,,,
smartspeakers,mi:xiaomi_xiaoai_speaker_pro_lx06,mi,xiaomi_xiaoai_speaker_pro_lx06,2,firmwareUpdateModel,ManualFlash|NoUpdatePath|OtaAutomatic|OtaUserInitiated|unsure,,,
smartspeakers,mi:xiaomi_xiaoai_speaker_pro_lx06,mi,xiaomi_xiaoai_speaker_pro_lx06,2,formFactor,Fixed|Portable|Worn|unsure,,,
smartspeakers,mi:xiaomi_xiaoai_speaker_pro_lx06,mi,xiaomi_xiaoai_speaker_pro_lx06,2,hasWebAdminUI,true|false|unsure,,,
smartspeakers,mi:xiaomi_xiaoai_speaker_pro_lx06,mi,xiaomi_xiaoai_speaker_pro_lx06,2,placement,Either|Indoor|Outdoor|unsure,,,
smartspeakers,mi:xiaomi_xiaoai_speaker_pro_lx06,mi,xiaomi_xiaoai_speaker_pro_lx06,2,supportLifetime,DeclaredLifetime|UndeclaredLifetime|unsure,,,
smartspeakers,mobvoi:tichome_mini,mobvoi,tichome_mini,1,actuatesPhysical,true|false|unsure,,,
smartspeakers,mobvoi:tichome_mini,mobvoi,tichome_mini,1,actuationConsequence,ComfortActuation|NoActuation|PropertyActuation|SafetyActuation|unsure,,,
smartspeakers,mobvoi:tichome_mini,mobvoi,tichome_mini,1,capturesAV,true|false|unsure,,,
smartspeakers,mobvoi:tichome_mini,mobvoi,tichome_mini,1,cloudDependence,CloudOptional|CloudRequired|LocalOnly|unsure,,,
smartspeakers,mobvoi:tichome_mini,mobvoi,tichome_mini,1,computeTier,AndroidDerived|EmbeddedLinux|McuClass|Rtos|unsure,,,
smartspeakers,mobvoi:tichome_mini,mobvoi,tichome_mini,1,consumerAvailability,InstallerChannel|MixedChannel|RetailConsumer|unsure,,,
smartspeakers,mobvoi:tichome_mini,mobvoi,tichome_mini,1,dataSensitivity,AvStreamData|BiometricData|NoData|TelemetryData|unsure,,,
smartspeakers,mobvoi:tichome_mini,mobvoi,tichome_mini,1,firmwareUpdateModel,ManualFlash|NoUpdatePath|OtaAutomatic|OtaUserInitiated|unsure,,,
smartspeakers,mobvoi:tichome_mini,mobvoi,tichome_mini,1,formFactor,Fixed|Portable|Worn|unsure,,,
smartspeakers,mobvoi:tichome_mini,mobvoi,tichome_mini,1,hasWebAdminUI,true|false|unsure,,,
smartspeakers,mobvoi:tichome_mini,mobvoi,tichome_mini,1,placement,Either|Indoor|Outdoor|unsure,,,
smartspeakers,mobvoi:tichome_mini,mobvoi,tichome_mini,1,supportLifetime,DeclaredLifetime|UndeclaredLifetime|unsure,,,
smartspeakers,sonos:era_100,sonos,era_100,4,actuatesPhysical,true|false|unsure,,,
smartspeakers,sonos:era_100,sonos,era_100,4,actuationConsequence,ComfortActuation|NoActuation|PropertyActuation|SafetyActuation|unsure,,,
smartspeakers,sonos:era_100,sonos,era_100,4,capturesAV,true|false|unsure,,,
smartspeakers,sonos:era_100,sonos,era_100,4,cloudDependence,CloudOptional|CloudRequired|LocalOnly|unsure,,,
smartspeakers,sonos:era_100,sonos,era_100,4,computeTier,AndroidDerived|EmbeddedLinux|McuClass|Rtos|unsure,,,
smartspeakers,sonos:era_100,sonos,era_100,4,consumerAvailability,InstallerChannel|MixedChannel|RetailConsumer|unsure,,,
smartspeakers,sonos:era_100,sonos,era_100,4,dataSensitivity,AvStreamData|BiometricData|NoData|TelemetryData|unsure,,,
smartspeakers,sonos:era_100,sonos,era_100,4,firmwareUpdateModel,ManualFlash|NoUpdatePath|OtaAutomatic|OtaUserInitiated|unsure,,,
smartspeakers,sonos:era_100,sonos,era_100,4,formFactor,Fixed|Portable|Worn|unsure,,,
smartspeakers,sonos:era_100,sonos,era_100,4,hasWebAdminUI,true|false|unsure,,,
smartspeakers,sonos:era_100,sonos,era_100,4,placement,Either|Indoor|Outdoor|unsure,,,
smartspeakers,sonos:era_100,sonos,era_100,4,supportLifetime,DeclaredLifetime|UndeclaredLifetime|unsure,,,
smartspeakers,sonos:era_300,sonos,era_300,5,actuatesPhysical,true|false|unsure,,,
smartspeakers,sonos:era_300,sonos,era_300,5,actuationConsequence,ComfortActuation|NoActuation|PropertyActuation|SafetyActuation|unsure,,,
smartspeakers,sonos:era_300,sonos,era_300,5,capturesAV,true|false|unsure,,,
smartspeakers,sonos:era_300,sonos,era_300,5,cloudDependence,CloudOptional|CloudRequired|LocalOnly|unsure,,,
smartspeakers,sonos:era_300,sonos,era_300,5,computeTier,AndroidDerived|EmbeddedLinux|McuClass|Rtos|unsure,,,
smartspeakers,sonos:era_300,sonos,era_300,5,consumerAvailability,InstallerChannel|MixedChannel|RetailConsumer|unsure,,,
smartspeakers,sonos:era_300,sonos,era_300,5,dataSensitivity,AvStreamData|BiometricData|NoData|TelemetryData|unsure,,,
smartspeakers,sonos:era_300,sonos,era_300,5,firmwareUpdateModel,ManualFlash|NoUpdatePath|OtaAutomatic|OtaUserInitiated|unsure,,,
smartspeakers,sonos:era_300,sonos,era_300,5,formFactor,Fixed|Portable|Worn|unsure,,,
smartspeakers,sonos:era_300,sonos,era_300,5,hasWebAdminUI,true|false|unsure,,,
smartspeakers,sonos:era_300,sonos,era_300,5,placement,Either|Indoor|Outdoor|unsure,,,
smartspeakers,sonos:era_300,sonos,era_300,5,supportLifetime,DeclaredLifetime|UndeclaredLifetime|unsure,,,
smartspeakers,sonos:one,sonos,one,7,actuatesPhysical,true|false|unsure,,,
smartspeakers,sonos:one,sonos,one,7,actuationConsequence,ComfortActuation|NoActuation|PropertyActuation|SafetyActuation|unsure,,,
smartspeakers,sonos:one,sonos,one,7,capturesAV,true|false|unsure,,,
smartspeakers,sonos:one,sonos,one,7,cloudDependence,CloudOptional|CloudRequired|LocalOnly|unsure,,,
smartspeakers,sonos:one,sonos,one,7,computeTier,AndroidDerived|EmbeddedLinux|McuClass|Rtos|unsure,,,
smartspeakers,sonos:one,sonos,one,7,consumerAvailability,InstallerChannel|MixedChannel|RetailConsumer|unsure,,,
smartspeakers,sonos:one,sonos,one,7,dataSensitivity,AvStreamData|BiometricData|NoData|TelemetryData|unsure,,,
smartspeakers,sonos:one,sonos,one,7,firmwareUpdateModel,ManualFlash|NoUpdatePath|OtaAutomatic|OtaUserInitiated|unsure,,,
smartspeakers,sonos:one,sonos,one,7,formFactor,Fixed|Portable|Worn|unsure,,,
smartspeakers,sonos:one,sonos,one,7,hasWebAdminUI,true|false|unsure,,,
smartspeakers,sonos:one,sonos,one,7,placement,Either|Indoor|Outdoor|unsure,,,
smartspeakers,sonos:one,sonos,one,7,supportLifetime,DeclaredLifetime|UndeclaredLifetime|unsure,,,
smartspeakers,yeelight:smart_ai_speaker,yeelight,smart_ai_speaker,1,actuatesPhysical,true|false|unsure,,,
smartspeakers,yeelight:smart_ai_speaker,yeelight,smart_ai_speaker,1,actuationConsequence,ComfortActuation|NoActuation|PropertyActuation|SafetyActuation|unsure,,,
smartspeakers,yeelight:smart_ai_speaker,yeelight,smart_ai_speaker,1,capturesAV,true|false|unsure,,,
smartspeakers,yeelight:smart_ai_speaker,yeelight,smart_ai_speaker,1,cloudDependence,CloudOptional|CloudRequired|LocalOnly|unsure,,,
smartspeakers,yeelight:smart_ai_speaker,yeelight,smart_ai_speaker,1,computeTier,AndroidDerived|EmbeddedLinux|McuClass|Rtos|unsure,,,
smartspeakers,yeelight:smart_ai_speaker,yeelight,smart_ai_speaker,1,consumerAvailability,InstallerChannel|MixedChannel|RetailConsumer|unsure,,,
smartspeakers,yeelight:smart_ai_speaker,yeelight,smart_ai_speaker,1,dataSensitivity,AvStreamData|BiometricData|NoData|TelemetryData|unsure,,,
smartspeakers,yeelight:smart_ai_speaker,yeelight,smart_ai_speaker,1,firmwareUpdateModel,ManualFlash|NoUpdatePath|OtaAutomatic|OtaUserInitiated|unsure,,,
smartspeakers,yeelight:smart_ai_speaker,yeelight,smart_ai_speaker,1,formFactor,Fixed|Portable|Worn|unsure,,,
smartspeakers,yeelight:smart_ai_speaker,yeelight,smart_ai_speaker,1,hasWebAdminUI,true|false|unsure,,,
smartspeakers,yeelight:smart_ai_speaker,yeelight,smart_ai_speaker,1,placement,Either|Indoor|Outdoor|unsure,,,
smartspeakers,yeelight:smart_ai_speaker,yeelight,smart_ai_speaker,1,supportLifetime,DeclaredLifetime|UndeclaredLifetime|unsure,,,
streaming,h96tvbox:h96_pro_plus,h96tvbox,h96_pro_plus,1,actuatesPhysical,true|false|unsure,,,
streaming,h96tvbox:h96_pro_plus,h96tvbox,h96_pro_plus,1,actuationConsequence,ComfortActuation|NoActuation|PropertyActuation|SafetyActuation|unsure,,,
streaming,h96tvbox:h96_pro_plus,h96tvbox,h96_pro_plus,1,capturesAV,true|false|unsure,,,
streaming,h96tvbox:h96_pro_plus,h96tvbox,h96_pro_plus,1,cloudDependence,CloudOptional|CloudRequired|LocalOnly|unsure,,,
streaming,h96tvbox:h96_pro_plus,h96tvbox,h96_pro_plus,1,computeTier,AndroidDerived|EmbeddedLinux|McuClass|Rtos|unsure,,,
streaming,h96tvbox:h96_pro_plus,h96tvbox,h96_pro_plus,1,consumerAvailability,InstallerChannel|MixedChannel|RetailConsumer|unsure,,,
streaming,h96tvbox:h96_pro_plus,h96tvbox,h96_pro_plus,1,dataSensitivity,AvStreamData|BiometricData|NoData|TelemetryData|unsure,,,
streaming,h96tvbox:h96_pro_plus,h96tvbox,h96_pro_plus,1,firmwareUpdateModel,ManualFlash|NoUpdatePath|OtaAutomatic|OtaUserInitiated|unsure,,,
streaming,h96tvbox:h96_pro_plus,h96tvbox,h96_pro_plus,1,formFactor,Fixed|Portable|Worn|unsure,,,
streaming,h96tvbox:h96_pro_plus,h96tvbox,h96_pro_plus,1,hasWebAdminUI,true|false|unsure,,,
streaming,h96tvbox:h96_pro_plus,h96tvbox,h96_pro_plus,1,placement,Either|Indoor|Outdoor|unsure,,,
streaming,h96tvbox:h96_pro_plus,h96tvbox,h96_pro_plus,1,supportLifetime,DeclaredLifetime|UndeclaredLifetime|unsure,,,
streaming,jector:fm-k75,jector,fm-k75,1,actuatesPhysical,true|false|unsure,,,
streaming,jector:fm-k75,jector,fm-k75,1,actuationConsequence,ComfortActuation|NoActuation|PropertyActuation|SafetyActuation|unsure,,,
streaming,jector:fm-k75,jector,fm-k75,1,capturesAV,true|false|unsure,,,
streaming,jector:fm-k75,jector,fm-k75,1,cloudDependence,CloudOptional|CloudRequired|LocalOnly|unsure,,,
streaming,jector:fm-k75,jector,fm-k75,1,computeTier,AndroidDerived|EmbeddedLinux|McuClass|Rtos|unsure,,,
streaming,jector:fm-k75,jector,fm-k75,1,consumerAvailability,InstallerChannel|MixedChannel|RetailConsumer|unsure,,,
streaming,jector:fm-k75,jector,fm-k75,1,dataSensitivity,AvStreamData|BiometricData|NoData|TelemetryData|unsure,,,
streaming,jector:fm-k75,jector,fm-k75,1,firmwareUpdateModel,ManualFlash|NoUpdatePath|OtaAutomatic|OtaUserInitiated|unsure,,,
streaming,jector:fm-k75,jector,fm-k75,1,formFactor,Fixed|Portable|Worn|unsure,,,
streaming,jector:fm-k75,jector,fm-k75,1,hasWebAdminUI,true|false|unsure,,,
streaming,jector:fm-k75,jector,fm-k75,1,placement,Either|Indoor|Outdoor|unsure,,,
streaming,jector:fm-k75,jector,fm-k75,1,supportLifetime,DeclaredLifetime|UndeclaredLifetime|unsure,,,
streaming,rk_max_smart_tv_box_project:rk_max_smart_tv_box,rk_max_smart_tv_box_project,rk_max_smart_tv_box,1,actuatesPhysical,true|false|unsure,,,
streaming,rk_max_smart_tv_box_project:rk_max_smart_tv_box,rk_max_smart_tv_box_project,rk_max_smart_tv_box,1,actuationConsequence,ComfortActuation|NoActuation|PropertyActuation|SafetyActuation|unsure,,,
streaming,rk_max_smart_tv_box_project:rk_max_smart_tv_box,rk_max_smart_tv_box_project,rk_max_smart_tv_box,1,capturesAV,true|false|unsure,,,
streaming,rk_max_smart_tv_box_project:rk_max_smart_tv_box,rk_max_smart_tv_box_project,rk_max_smart_tv_box,1,cloudDependence,CloudOptional|CloudRequired|LocalOnly|unsure,,,
streaming,rk_max_smart_tv_box_project:rk_max_smart_tv_box,rk_max_smart_tv_box_project,rk_max_smart_tv_box,1,computeTier,AndroidDerived|EmbeddedLinux|McuClass|Rtos|unsure,,,
streaming,rk_max_smart_tv_box_project:rk_max_smart_tv_box,rk_max_smart_tv_box_project,rk_max_smart_tv_box,1,consumerAvailability,InstallerChannel|MixedChannel|RetailConsumer|unsure,,,
streaming,rk_max_smart_tv_box_project:rk_max_smart_tv_box,rk_max_smart_tv_box_project,rk_max_smart_tv_box,1,dataSensitivity,AvStreamData|BiometricData|NoData|TelemetryData|unsure,,,
streaming,rk_max_smart_tv_box_project:rk_max_smart_tv_box,rk_max_smart_tv_box_project,rk_max_smart_tv_box,1,firmwareUpdateModel,ManualFlash|NoUpdatePath|OtaAutomatic|OtaUserInitiated|unsure,,,
streaming,rk_max_smart_tv_box_project:rk_max_smart_tv_box,rk_max_smart_tv_box_project,rk_max_smart_tv_box,1,formFactor,Fixed|Portable|Worn|unsure,,,
streaming,rk_max_smart_tv_box_project:rk_max_smart_tv_box,rk_max_smart_tv_box_project,rk_max_smart_tv_box,1,hasWebAdminUI,true|false|unsure,,,
streaming,rk_max_smart_tv_box_project:rk_max_smart_tv_box,rk_max_smart_tv_box_project,rk_max_smart_tv_box,1,placement,Either|Indoor|Outdoor|unsure,,,
streaming,rk_max_smart_tv_box_project:rk_max_smart_tv_box,rk_max_smart_tv_box_project,rk_max_smart_tv_box,1,supportLifetime,DeclaredLifetime|UndeclaredLifetime|unsure,,,
streaming,roku:wireless_subwoofer,roku,wireless_subwoofer,1,actuatesPhysical,true|false|unsure,,,
streaming,roku:wireless_subwoofer,roku,wireless_subwoofer,1,actuationConsequence,ComfortActuation|NoActuation|PropertyActuation|SafetyActuation|unsure,,,
streaming,roku:wireless_subwoofer,roku,wireless_subwoofer,1,capturesAV,true|false|unsure,,,
streaming,roku:wireless_subwoofer,roku,wireless_subwoofer,1,cloudDependence,CloudOptional|CloudRequired|LocalOnly|unsure,,,
streaming,roku:wireless_subwoofer,roku,wireless_subwoofer,1,computeTier,AndroidDerived|EmbeddedLinux|McuClass|Rtos|unsure,,,
streaming,roku:wireless_subwoofer,roku,wireless_subwoofer,1,consumerAvailability,InstallerChannel|MixedChannel|RetailConsumer|unsure,,,
streaming,roku:wireless_subwoofer,roku,wireless_subwoofer,1,dataSensitivity,AvStreamData|BiometricData|NoData|TelemetryData|unsure,,,
streaming,roku:wireless_subwoofer,roku,wireless_subwoofer,1,firmwareUpdateModel,ManualFlash|NoUpdatePath|OtaAutomatic|OtaUserInitiated|unsure,,,
streaming,roku:wireless_subwoofer,roku,wireless_subwoofer,1,formFactor,Fixed|Portable|Worn|unsure,,,
streaming,roku:wireless_subwoofer,roku,wireless_subwoofer,1,hasWebAdminUI,true|false|unsure,,,
streaming,roku:wireless_subwoofer,roku,wireless_subwoofer,1,placement,Either|Indoor|Outdoor|unsure,,,
streaming,roku:wireless_subwoofer,roku,wireless_subwoofer,1,supportLifetime,DeclaredLifetime|UndeclaredLifetime|unsure,,,
streaming,samsung:x10p_eu,samsung,x10p_eu,1,actuatesPhysical,true|false|unsure,,,
streaming,samsung:x10p_eu,samsung,x10p_eu,1,actuationConsequence,ComfortActuation|NoActuation|PropertyActuation|SafetyActuation|unsure,,,
streaming,samsung:x10p_eu,samsung,x10p_eu,1,capturesAV,true|false|unsure,,,
streaming,samsung:x10p_eu,samsung,x10p_eu,1,cloudDependence,CloudOptional|CloudRequired|LocalOnly|unsure,,,
streaming,samsung:x10p_eu,samsung,x10p_eu,1,computeTier,AndroidDerived|EmbeddedLinux|McuClass|Rtos|unsure,,,
streaming,samsung:x10p_eu,samsung,x10p_eu,1,consumerAvailability,InstallerChannel|MixedChannel|RetailConsumer|unsure,,,
streaming,samsung:x10p_eu,samsung,x10p_eu,1,dataSensitivity,AvStreamData|BiometricData|NoData|TelemetryData|unsure,,,
streaming,samsung:x10p_eu,samsung,x10p_eu,1,firmwareUpdateModel,ManualFlash|NoUpdatePath|OtaAutomatic|OtaUserInitiated|unsure,,,
streaming,samsung:x10p_eu,samsung,x10p_eu,1,formFactor,Fixed|Portable|Worn|unsure,,,
streaming,samsung:x10p_eu,samsung,x10p_eu,1,hasWebAdminUI,true|false|unsure,,,
streaming,samsung:x10p_eu,samsung,x10p_eu,1,placement,Either|Indoor|Outdoor|unsure,,,
streaming,samsung:x10p_eu,samsung,x10p_eu,1,supportLifetime,DeclaredLifetime|UndeclaredLifetime|unsure,,,
streaming,sony:kd-43xe7073,sony,kd-43xe7073,3,actuatesPhysical,true|false|unsure,,,
streaming,sony:kd-43xe7073,sony,kd-43xe7073,3,actuationConsequence,ComfortActuation|NoActuation|PropertyActuation|SafetyActuation|unsure,,,
streaming,sony:kd-43xe7073,sony,kd-43xe7073,3,capturesAV,true|false|unsure,,,
streaming,sony:kd-43xe7073,sony,kd-43xe7073,3,cloudDependence,CloudOptional|CloudRequired|LocalOnly|unsure,,,
streaming,sony:kd-43xe7073,sony,kd-43xe7073,3,computeTier,AndroidDerived|EmbeddedLinux|McuClass|Rtos|unsure,,,
streaming,sony:kd-43xe7073,sony,kd-43xe7073,3,consumerAvailability,InstallerChannel|MixedChannel|RetailConsumer|unsure,,,
streaming,sony:kd-43xe7073,sony,kd-43xe7073,3,dataSensitivity,AvStreamData|BiometricData|NoData|TelemetryData|unsure,,,
streaming,sony:kd-43xe7073,sony,kd-43xe7073,3,firmwareUpdateModel,ManualFlash|NoUpdatePath|OtaAutomatic|OtaUserInitiated|unsure,,,
streaming,sony:kd-43xe7073,sony,kd-43xe7073,3,formFactor,Fixed|Portable|Worn|unsure,,,
streaming,sony:kd-43xe7073,sony,kd-43xe7073,3,hasWebAdminUI,true|false|unsure,,,
streaming,sony:kd-43xe7073,sony,kd-43xe7073,3,placement,Either|Indoor|Outdoor|unsure,,,
streaming,sony:kd-43xe7073,sony,kd-43xe7073,3,supportLifetime,DeclaredLifetime|UndeclaredLifetime|unsure,,,
streaming,sony:kd-43xe7077,sony,kd-43xe7077,3,actuatesPhysical,true|false|unsure,,,
streaming,sony:kd-43xe7077,sony,kd-43xe7077,3,actuationConsequence,ComfortActuation|NoActuation|PropertyActuation|SafetyActuation|unsure,,,
streaming,sony:kd-43xe7077,sony,kd-43xe7077,3,capturesAV,true|false|unsure,,,
streaming,sony:kd-43xe7077,sony,kd-43xe7077,3,cloudDependence,CloudOptional|CloudRequired|LocalOnly|unsure,,,
streaming,sony:kd-43xe7077,sony,kd-43xe7077,3,computeTier,AndroidDerived|EmbeddedLinux|McuClass|Rtos|unsure,,,
streaming,sony:kd-43xe7077,sony,kd-43xe7077,3,consumerAvailability,InstallerChannel|MixedChannel|RetailConsumer|unsure,,,
streaming,sony:kd-43xe7077,sony,kd-43xe7077,3,dataSensitivity,AvStreamData|BiometricData|NoData|TelemetryData|unsure,,,
streaming,sony:kd-43xe7077,sony,kd-43xe7077,3,firmwareUpdateModel,ManualFlash|NoUpdatePath|OtaAutomatic|OtaUserInitiated|unsure,,,
streaming,sony:kd-43xe7077,sony,kd-43xe7077,3,formFactor,Fixed|Portable|Worn|unsure,,,
streaming,sony:kd-43xe7077,sony,kd-43xe7077,3,hasWebAdminUI,true|false|unsure,,,
streaming,sony:kd-43xe7077,sony,kd-43xe7077,3,placement,Either|Indoor|Outdoor|unsure,,,
streaming,sony:kd-43xe7077,sony,kd-43xe7077,3,supportLifetime,DeclaredLifetime|UndeclaredLifetime|unsure,,,
streaming,sony:kd-49xe7000,sony,kd-49xe7000,3,actuatesPhysical,true|false|unsure,,,
streaming,sony:kd-49xe7000,sony,kd-49xe7000,3,actuationConsequence,ComfortActuation|NoActuation|PropertyActuation|SafetyActuation|unsure,,,
streaming,sony:kd-49xe7000,sony,kd-49xe7000,3,capturesAV,true|false|unsure,,,
streaming,sony:kd-49xe7000,sony,kd-49xe7000,3,cloudDependence,CloudOptional|CloudRequired|LocalOnly|unsure,,,
streaming,sony:kd-49xe7000,sony,kd-49xe7000,3,computeTier,AndroidDerived|EmbeddedLinux|McuClass|Rtos|unsure,,,
streaming,sony:kd-49xe7000,sony,kd-49xe7000,3,consumerAvailability,InstallerChannel|MixedChannel|RetailConsumer|unsure,,,
streaming,sony:kd-49xe7000,sony,kd-49xe7000,3,dataSensitivity,AvStreamData|BiometricData|NoData|TelemetryData|unsure,,,
streaming,sony:kd-49xe7000,sony,kd-49xe7000,3,firmwareUpdateModel,ManualFlash|NoUpdatePath|OtaAutomatic|OtaUserInitiated|unsure,,,
streaming,sony:kd-49xe7000,sony,kd-49xe7000,3,formFactor,Fixed|Portable|Worn|unsure,,,
streaming,sony:kd-49xe7000,sony,kd-49xe7000,3,hasWebAdminUI,true|false|unsure,,,
streaming,sony:kd-49xe7000,sony,kd-49xe7000,3,placement,Either|Indoor|Outdoor|unsure,,,
streaming,sony:kd-49xe7000,sony,kd-49xe7000,3,supportLifetime,DeclaredLifetime|UndeclaredLifetime|unsure,,,
streaming,sony:kd-49xe7073,sony,kd-49xe7073,3,actuatesPhysical,true|false|unsure,,,
streaming,sony:kd-49xe7073,sony,kd-49xe7073,3,actuationConsequence,ComfortActuation|NoActuation|PropertyActuation|SafetyActuation|unsure,,,
streaming,sony:kd-49xe7073,sony,kd-49xe7073,3,capturesAV,true|false|unsure,,,
streaming,sony:kd-49xe7073,sony,kd-49xe7073,3,cloudDependence,CloudOptional|CloudRequired|LocalOnly|unsure,,,
streaming,sony:kd-49xe7073,sony,kd-49xe7073,3,computeTier,AndroidDerived|EmbeddedLinux|McuClass|Rtos|unsure,,,
streaming,sony:kd-49xe7073,sony,kd-49xe7073,3,consumerAvailability,InstallerChannel|MixedChannel|RetailConsumer|unsure,,,
streaming,sony:kd-49xe7073,sony,kd-49xe7073,3,dataSensitivity,AvStreamData|BiometricData|NoData|TelemetryData|unsure,,,
streaming,sony:kd-49xe7073,sony,kd-49xe7073,3,firmwareUpdateModel,ManualFlash|NoUpdatePath|OtaAutomatic|OtaUserInitiated|unsure,,,
streaming,sony:kd-49xe7073,sony,kd-49xe7073,3,formFactor,Fixed|Portable|Worn|unsure,,,
streaming,sony:kd-49xe7073,sony,kd-49xe7073,3,hasWebAdminUI,true|false|unsure,,,
streaming,sony:kd-49xe7073,sony,kd-49xe7073,3,placement,Either|Indoor|Outdoor|unsure,,,
streaming,sony:kd-49xe7073,sony,kd-49xe7073,3,supportLifetime,DeclaredLifetime|UndeclaredLifetime|unsure,,,
streaming,sony:kd-49xe7093,sony,kd-49xe7093,3,actuatesPhysical,true|false|unsure,,,
streaming,sony:kd-49xe7093,sony,kd-49xe7093,3,actuationConsequence,ComfortActuation|NoActuation|PropertyActuation|SafetyActuation|unsure,,,
streaming,sony:kd-49xe7093,sony,kd-49xe7093,3,capturesAV,true|false|unsure,,,
streaming,sony:kd-49xe7093,sony,kd-49xe7093,3,cloudDependence,CloudOptional|CloudRequired|LocalOnly|unsure,,,
streaming,sony:kd-49xe7093,sony,kd-49xe7093,3,computeTier,AndroidDerived|EmbeddedLinux|McuClass|Rtos|unsure,,,
streaming,sony:kd-49xe7093,sony,kd-49xe7093,3,consumerAvailability,InstallerChannel|MixedChannel|RetailConsumer|unsure,,,
streaming,sony:kd-49xe7093,sony,kd-49xe7093,3,dataSensitivity,AvStreamData|BiometricData|NoData|TelemetryData|unsure,,,
streaming,sony:kd-49xe7093,sony,kd-49xe7093,3,firmwareUpdateModel,ManualFlash|NoUpdatePath|OtaAutomatic|OtaUserInitiated|unsure,,,
streaming,sony:kd-49xe7093,sony,kd-49xe7093,3,formFactor,Fixed|Portable|Worn|unsure,,,
streaming,sony:kd-49xe7093,sony,kd-49xe7093,3,hasWebAdminUI,true|false|unsure,,,
streaming,sony:kd-49xe7093,sony,kd-49xe7093,3,placement,Either|Indoor|Outdoor|unsure,,,
streaming,sony:kd-49xe7093,sony,kd-49xe7093,3,supportLifetime,DeclaredLifetime|UndeclaredLifetime|unsure,,,
streaming,sony:kd-55xe7073,sony,kd-55xe7073,3,actuatesPhysical,true|false|unsure,,,
streaming,sony:kd-55xe7073,sony,kd-55xe7073,3,actuationConsequence,ComfortActuation|NoActuation|PropertyActuation|SafetyActuation|unsure,,,
streaming,sony:kd-55xe7073,sony,kd-55xe7073,3,capturesAV,true|false|unsure,,,
streaming,sony:kd-55xe7073,sony,kd-55xe7073,3,cloudDependence,CloudOptional|CloudRequired|LocalOnly|unsure,,,
streaming,sony:kd-55xe7073,sony,kd-55xe7073,3,computeTier,AndroidDerived|EmbeddedLinux|McuClass|Rtos|unsure,,,
streaming,sony:kd-55xe7073,sony,kd-55xe7073,3,consumerAvailability,InstallerChannel|MixedChannel|RetailConsumer|unsure,,,
streaming,sony:kd-55xe7073,sony,kd-55xe7073,3,dataSensitivity,AvStreamData|BiometricData|NoData|TelemetryData|unsure,,,
streaming,sony:kd-55xe7073,sony,kd-55xe7073,3,firmwareUpdateModel,ManualFlash|NoUpdatePath|OtaAutomatic|OtaUserInitiated|unsure,,,
streaming,sony:kd-55xe7073,sony,kd-55xe7073,3,formFactor,Fixed|Portable|Worn|unsure,,,
streaming,sony:kd-55xe7073,sony,kd-55xe7073,3,hasWebAdminUI,true|false|unsure,,,
streaming,sony:kd-55xe7073,sony,kd-55xe7073,3,placement,Either|Indoor|Outdoor|unsure,,,
streaming,sony:kd-55xe7073,sony,kd-55xe7073,3,supportLifetime,DeclaredLifetime|UndeclaredLifetime|unsure,,,
streaming,sony:kd-55xe7096,sony,kd-55xe7096,3,actuatesPhysical,true|false|unsure,,,
streaming,sony:kd-55xe7096,sony,kd-55xe7096,3,actuationConsequence,ComfortActuation|NoActuation|PropertyActuation|SafetyActuation|unsure,,,
streaming,sony:kd-55xe7096,sony,kd-55xe7096,3,capturesAV,true|false|unsure,,,
streaming,sony:kd-55xe7096,sony,kd-55xe7096,3,cloudDependence,CloudOptional|CloudRequired|LocalOnly|unsure,,,
streaming,sony:kd-55xe7096,sony,kd-55xe7096,3,computeTier,AndroidDerived|EmbeddedLinux|McuClass|Rtos|unsure,,,
streaming,sony:kd-55xe7096,sony,kd-55xe7096,3,consumerAvailability,InstallerChannel|MixedChannel|RetailConsumer|unsure,,,
streaming,sony:kd-55xe7096,sony,kd-55xe7096,3,dataSensitivity,AvStreamData|BiometricData|NoData|TelemetryData|unsure,,,
streaming,sony:kd-55xe7096,sony,kd-55xe7096,3,firmwareUpdateModel,ManualFlash|NoUpdatePath|OtaAutomatic|OtaUserInitiated|unsure,,,
streaming,sony:kd-55xe7096,sony,kd-55xe7096,3,formFactor,Fixed|Portable|Worn|unsure,,,
streaming,sony:kd-55xe7096,sony,kd-55xe7096,3,hasWebAdminUI,true|false|unsure,,,
streaming,sony:kd-55xe7096,sony,kd-55xe7096,3,placement,Either|Indoor|Outdoor|unsure,,,
streaming,sony:kd-55xe7096,sony,kd-55xe7096,3,supportLifetime,DeclaredLifetime|UndeclaredLifetime|unsure,,,
streaming,sony:kdl-32we613,sony,kdl-32we613,3,actuatesPhysical,true|false|unsure,,,
streaming,sony:kdl-32we613,sony,kdl-32we613,3,actuationConsequence,ComfortActuation|NoActuation|PropertyActuation|SafetyActuation|unsure,,,
streaming,sony:kdl-32we613,sony,kdl-32we613,3,capturesAV,true|false|unsure,,,
streaming,sony:kdl-32we613,sony,kdl-32we613,3,cloudDependence,CloudOptional|CloudRequired|LocalOnly|unsure,,,
streaming,sony:kdl-32we613,sony,kdl-32we613,3,computeTier,AndroidDerived|EmbeddedLinux|McuClass|Rtos|unsure,,,
streaming,sony:kdl-32we613,sony,kdl-32we613,3,consumerAvailability,InstallerChannel|MixedChannel|RetailConsumer|unsure,,,
streaming,sony:kdl-32we613,sony,kdl-32we613,3,dataSensitivity,AvStreamData|BiometricData|NoData|TelemetryData|unsure,,,
streaming,sony:kdl-32we613,sony,kdl-32we613,3,firmwareUpdateModel,ManualFlash|NoUpdatePath|OtaAutomatic|OtaUserInitiated|unsure,,,
streaming,sony:kdl-32we613,sony,kdl-32we613,3,formFactor,Fixed|Portable|Worn|unsure,,,
streaming,sony:kdl-32we613,sony,kdl-32we613,3,hasWebAdminUI,true|false|unsure,,,
streaming,sony:kdl-32we613,sony,kdl-32we613,3,placement,Either|Indoor|Outdoor|unsure,,,
streaming,sony:kdl-32we613,sony,kdl-32we613,3,supportLifetime,DeclaredLifetime|UndeclaredLifetime|unsure,,,
streaming,sony:kdl-43wd754,sony,kdl-43wd754,3,actuatesPhysical,true|false|unsure,,,
streaming,sony:kdl-43wd754,sony,kdl-43wd754,3,actuationConsequence,ComfortActuation|NoActuation|PropertyActuation|SafetyActuation|unsure,,,
streaming,sony:kdl-43wd754,sony,kdl-43wd754,3,capturesAV,true|false|unsure,,,
streaming,sony:kdl-43wd754,sony,kdl-43wd754,3,cloudDependence,CloudOptional|CloudRequired|LocalOnly|unsure,,,
streaming,sony:kdl-43wd754,sony,kdl-43wd754,3,computeTier,AndroidDerived|EmbeddedLinux|McuClass|Rtos|unsure,,,
streaming,sony:kdl-43wd754,sony,kdl-43wd754,3,consumerAvailability,InstallerChannel|MixedChannel|RetailConsumer|unsure,,,
streaming,sony:kdl-43wd754,sony,kdl-43wd754,3,dataSensitivity,AvStreamData|BiometricData|NoData|TelemetryData|unsure,,,
streaming,sony:kdl-43wd754,sony,kdl-43wd754,3,firmwareUpdateModel,ManualFlash|NoUpdatePath|OtaAutomatic|OtaUserInitiated|unsure,,,
streaming,sony:kdl-43wd754,sony,kdl-43wd754,3,formFactor,Fixed|Portable|Worn|unsure,,,
streaming,sony:kdl-43wd754,sony,kdl-43wd754,3,hasWebAdminUI,true|false|unsure,,,
streaming,sony:kdl-43wd754,sony,kdl-43wd754,3,placement,Either|Indoor|Outdoor|unsure,,,
streaming,sony:kdl-43wd754,sony,kdl-43wd754,3,supportLifetime,DeclaredLifetime|UndeclaredLifetime|unsure,,,
streaming,sony:kdl-43we754,sony,kdl-43we754,3,actuatesPhysical,true|false|unsure,,,
streaming,sony:kdl-43we754,sony,kdl-43we754,3,actuationConsequence,ComfortActuation|NoActuation|PropertyActuation|SafetyActuation|unsure,,,
streaming,sony:kdl-43we754,sony,kdl-43we754,3,capturesAV,true|false|unsure,,,
streaming,sony:kdl-43we754,sony,kdl-43we754,3,cloudDependence,CloudOptional|CloudRequired|LocalOnly|unsure,,,
streaming,sony:kdl-43we754,sony,kdl-43we754,3,computeTier,AndroidDerived|EmbeddedLinux|McuClass|Rtos|unsure,,,
streaming,sony:kdl-43we754,sony,kdl-43we754,3,consumerAvailability,InstallerChannel|MixedChannel|RetailConsumer|unsure,,,
streaming,sony:kdl-43we754,sony,kdl-43we754,3,dataSensitivity,AvStreamData|BiometricData|NoData|TelemetryData|unsure,,,
streaming,sony:kdl-43we754,sony,kdl-43we754,3,firmwareUpdateModel,ManualFlash|NoUpdatePath|OtaAutomatic|OtaUserInitiated|unsure,,,
streaming,sony:kdl-43we754,sony,kdl-43we754,3,formFactor,Fixed|Portable|Worn|unsure,,,
streaming,sony:kdl-43we754,sony,kdl-43we754,3,hasWebAdminUI,true|false|unsure,,,
streaming,sony:kdl-43we754,sony,kdl-43we754,3,placement,Either|Indoor|Outdoor|unsure,,,
streaming,sony:kdl-43we754,sony,kdl-43we754,3,supportLifetime,DeclaredLifetime|UndeclaredLifetime|unsure,,,
streaming,sony:kdl-48wd650,sony,kdl-48wd650,3,actuatesPhysical,true|false|unsure,,,
streaming,sony:kdl-48wd650,sony,kdl-48wd650,3,actuationConsequence,ComfortActuation|NoActuation|PropertyActuation|SafetyActuation|unsure,,,
streaming,sony:kdl-48wd650,sony,kdl-48wd650,3,capturesAV,true|false|unsure,,,
streaming,sony:kdl-48wd650,sony,kdl-48wd650,3,cloudDependence,CloudOptional|CloudRequired|LocalOnly|unsure,,,
streaming,sony:kdl-48wd650,sony,kdl-48wd650,3,computeTier,AndroidDerived|EmbeddedLinux|McuClass|Rtos|unsure,,,
streaming,sony:kdl-48wd650,sony,kdl-48wd650,3,consumerAvailability,InstallerChannel|MixedChannel|RetailConsumer|unsure,,,
streaming,sony:kdl-48wd650,sony,kdl-48wd650,3,dataSensitivity,AvStreamData|BiometricData|NoData|TelemetryData|unsure,,,
streaming,sony:kdl-48wd650,sony,kdl-48wd650,3,firmwareUpdateModel,ManualFlash|NoUpdatePath|OtaAutomatic|OtaUserInitiated|unsure,,,
streaming,sony:kdl-48wd650,sony,kdl-48wd650,3,formFactor,Fixed|Portable|Worn|unsure,,,
streaming,sony:kdl-48wd650,sony,kdl-48wd650,3,hasWebAdminUI,true|false|unsure,,,
streaming,sony:kdl-48wd650,sony,kdl-48wd650,3,placement,Either|Indoor|Outdoor|unsure,,,
streaming,sony:kdl-48wd650,sony,kdl-48wd650,3,supportLifetime,DeclaredLifetime|UndeclaredLifetime|unsure,,,
streaming,sony:kdl-49wd753,sony,kdl-49wd753,3,actuatesPhysical,true|false|unsure,,,
streaming,sony:kdl-49wd753,sony,kdl-49wd753,3,actuationConsequence,ComfortActuation|NoActuation|PropertyActuation|SafetyActuation|unsure,,,
streaming,sony:kdl-49wd753,sony,kdl-49wd753,3,capturesAV,true|false|unsure,,,
streaming,sony:kdl-49wd753,sony,kdl-49wd753,3,cloudDependence,CloudOptional|CloudRequired|LocalOnly|unsure,,,
streaming,sony:kdl-49wd753,sony,kdl-49wd753,3,computeTier,AndroidDerived|EmbeddedLinux|McuClass|Rtos|unsure,,,
streaming,sony:kdl-49wd753,sony,kdl-49wd753,3,consumerAvailability,InstallerChannel|MixedChannel|RetailConsumer|unsure,,,
streaming,sony:kdl-49wd753,sony,kdl-49wd753,3,dataSensitivity,AvStreamData|BiometricData|NoData|TelemetryData|unsure,,,
streaming,sony:kdl-49wd753,sony,kdl-49wd753,3,firmwareUpdateModel,ManualFlash|NoUpdatePath|OtaAutomatic|OtaUserInitiated|unsure,,,
streaming,sony:kdl-49wd753,sony,kdl-49wd753,3,formFactor,Fixed|Portable|Worn|unsure,,,
streaming,sony:kdl-49wd753,sony,kdl-49wd753,3,hasWebAdminUI,true|false|unsure,,,
streaming,sony:kdl-49wd753,sony,kdl-49wd753,3,placement,Either|Indoor|Outdoor|unsure,,,
streaming,sony:kdl-49wd753,sony,kdl-49wd753,3,supportLifetime,DeclaredLifetime|UndeclaredLifetime|unsure,,,
streaming,sony:kdl-49wd758,sony,kdl-49wd758,3,actuatesPhysical,true|false|unsure,,,
streaming,sony:kdl-49wd758,sony,kdl-49wd758,3,actuationConsequence,ComfortActuation|NoActuation|PropertyActuation|SafetyActuation|unsure,,,
streaming,sony:kdl-49wd758,sony,kdl-49wd758,3,capturesAV,true|false|unsure,,,
streaming,sony:kdl-49wd758,sony,kdl-49wd758,3,cloudDependence,CloudOptional|CloudRequired|LocalOnly|unsure,,,
streaming,sony:kdl-49wd758,sony,kdl-49wd758,3,computeTier,AndroidDerived|EmbeddedLinux|McuClass|Rtos|unsure,,,
streaming,sony:kdl-49wd758,sony,kdl-49wd758,3,consumerAvailability,InstallerChannel|MixedChannel|RetailConsumer|unsure,,,
streaming,sony:kdl-49wd758,sony,kdl-49wd758,3,dataSensitivity,AvStreamData|BiometricData|NoData|TelemetryData|unsure,,,
streaming,sony:kdl-49wd758,sony,kdl-49wd758,3,firmwareUpdateModel,ManualFlash|NoUpdatePath|OtaAutomatic|OtaUserInitiated|unsure,,,
streaming,sony:kdl-49wd758,sony,kdl-49wd758,3,formFactor,Fixed|Portable|Worn|unsure,,,
streaming,sony:kdl-49wd758,sony,kdl-49wd758,3,hasWebAdminUI,true|false|unsure,,,
streaming,sony:kdl-49wd758,sony,kdl-49wd758,3,placement,Either|Indoor|Outdoor|unsure,,,
streaming,sony:kdl-49wd758,sony,kdl-49wd758,3,supportLifetime,DeclaredLifetime|UndeclaredLifetime|unsure,,,
streaming,sony:kdl-49wd759,sony,kdl-49wd759,3,actuatesPhysical,true|false|unsure,,,
streaming,sony:kdl-49wd759,sony,kdl-49wd759,3,actuationConsequence,ComfortActuation|NoActuation|PropertyActuation|SafetyActuation|unsure,,,
streaming,sony:kdl-49wd759,sony,kdl-49wd759,3,capturesAV,true|false|unsure,,,
streaming,sony:kdl-49wd759,sony,kdl-49wd759,3,cloudDependence,CloudOptional|CloudRequired|LocalOnly|unsure,,,
streaming,sony:kdl-49wd759,sony,kdl-49wd759,3,computeTier,AndroidDerived|EmbeddedLinux|McuClass|Rtos|unsure,,,
streaming,sony:kdl-49wd759,sony,kdl-49wd759,3,consumerAvailability,InstallerChannel|MixedChannel|RetailConsumer|unsure,,,
streaming,sony:kdl-49wd759,sony,kdl-49wd759,3,dataSensitivity,AvStreamData|BiometricData|NoData|TelemetryData|unsure,,,
streaming,sony:kdl-49wd759,sony,kdl-49wd759,3,firmwareUpdateModel,ManualFlash|NoUpdatePath|OtaAutomatic|OtaUserInitiated|unsure,,,
streaming,sony:kdl-49wd759,sony,kdl-49wd759,3,formFactor,Fixed|Portable|Worn|unsure,,,
streaming,sony:kdl-49wd759,sony,kdl-49wd759,3,hasWebAdminUI,true|false|unsure,,,
streaming,sony:kdl-49wd759,sony,kdl-49wd759,3,placement,Either|Indoor|Outdoor|unsure,,,
streaming,sony:kdl-49wd759,sony,kdl-49wd759,3,supportLifetime,DeclaredLifetime|UndeclaredLifetime|unsure,,,
streaming,sony:kdl-49we660,sony,kdl-49we660,3,actuatesPhysical,true|false|unsure,,,
streaming,sony:kdl-49we660,sony,kdl-49we660,3,actuationConsequence,ComfortActuation|NoActuation|PropertyActuation|SafetyActuation|unsure,,,
streaming,sony:kdl-49we660,sony,kdl-49we660,3,capturesAV,true|false|unsure,,,
streaming,sony:kdl-49we660,sony,kdl-49we660,3,cloudDependence,CloudOptional|CloudRequired|LocalOnly|unsure,,,
streaming,sony:kdl-49we660,sony,kdl-49we660,3,computeTier,AndroidDerived|EmbeddedLinux|McuClass|Rtos|unsure,,,
streaming,sony:kdl-49we660,sony,kdl-49we660,3,consumerAvailability,InstallerChannel|MixedChannel|RetailConsumer|unsure,,,
streaming,sony:kdl-49we660,sony,kdl-49we660,3,dataSensitivity,AvStreamData|BiometricData|NoData|TelemetryData|unsure,,,
streaming,sony:kdl-49we660,sony,kdl-49we660,3,firmwareUpdateModel,ManualFlash|NoUpdatePath|OtaAutomatic|OtaUserInitiated|unsure,,,
streaming,sony:kdl-49we660,sony,kdl-49we660,3,formFactor,Fixed|Portable|Worn|unsure,,,
streaming,sony:kdl-49we660,sony,kdl-49we660,3,hasWebAdminUI,true|false|unsure,,,
streaming,sony:kdl-49we660,sony,kdl-49we660,3,placement,Either|Indoor|Outdoor|unsure,,,
streaming,sony:kdl-49we660,sony,kdl-49we660,3,supportLifetime,DeclaredLifetime|UndeclaredLifetime|unsure,,,
streaming,sony:kdl-49we665,sony,kdl-49we665,3,actuatesPhysical,true|false|unsure,,,
streaming,sony:kdl-49we665,sony,kdl-49we665,3,actuationConsequence,ComfortActuation|NoActuation|PropertyActuation|SafetyActuation|unsure,,,
streaming,sony:kdl-49we665,sony,kdl-49we665,3,capturesAV,true|false|unsure,,,
streaming,sony:kdl-49we665,sony,kdl-49we665,3,cloudDependence,CloudOptional|CloudRequired|LocalOnly|unsure,,,
streaming,sony:kdl-49we665,sony,kdl-49we665,3,computeTier,AndroidDerived|EmbeddedLinux|McuClass|Rtos|unsure,,,
streaming,sony:kdl-49we665,sony,kdl-49we665,3,consumerAvailability,InstallerChannel|MixedChannel|RetailConsumer|unsure,,,
streaming,sony:kdl-49we665,sony,kdl-49we665,3,dataSensitivity,AvStreamData|BiometricData|NoData|TelemetryData|unsure,,,
streaming,sony:kdl-49we665,sony,kdl-49we665,3,firmwareUpdateModel,ManualFlash|NoUpdatePath|OtaAutomatic|OtaUserInitiated|unsure,,,
streaming,sony:kdl-49we665,sony,kdl-49we665,3,formFactor,Fixed|Portable|Worn|unsure,,,
streaming,sony:kdl-49we665,sony,kdl-49we665,3,hasWebAdminUI,true|false|unsure,,,
streaming,sony:kdl-49we665,sony,kdl-49we665,3,placement,Either|Indoor|Outdoor|unsure,,,
streaming,sony:kdl-49we665,sony,kdl-49we665,3,supportLifetime,DeclaredLifetime|UndeclaredLifetime|unsure,,,
streaming,sony:kdl-49we755,sony,kdl-49we755,3,actuatesPhysical,true|false|unsure,,,
streaming,sony:kdl-49we755,sony,kdl-49we755,3,actuationConsequence,ComfortActuation|NoActuation|PropertyActuation|SafetyActuation|unsure,,,
streaming,sony:kdl-49we755,sony,kdl-49we755,3,capturesAV,true|false|unsure,,,
streaming,sony:kdl-49we755,sony,kdl-49we755,3,cloudDependence,CloudOptional|CloudRequired|LocalOnly|unsure,,,
streaming,sony:kdl-49we755,sony,kdl-49we755,3,computeTier,AndroidDerived|EmbeddedLinux|McuClass|Rtos|unsure,,,
streaming,sony:kdl-49we755,sony,kdl-49we755,3,consumerAvailability,InstallerChannel|MixedChannel|RetailConsumer|unsure,,,
streaming,sony:kdl-49we755,sony,kdl-49we755,3,dataSensitivity,AvStreamData|BiometricData|NoData|TelemetryData|unsure,,,
streaming,sony:kdl-49we755,sony,kdl-49we755,3,firmwareUpdateModel,ManualFlash|NoUpdatePath|OtaAutomatic|OtaUserInitiated|unsure,,,
streaming,sony:kdl-49we755,sony,kdl-49we755,3,formFactor,Fixed|Portable|Worn|unsure,,,
streaming,sony:kdl-49we755,sony,kdl-49we755,3,hasWebAdminUI,true|false|unsure,,,
streaming,sony:kdl-49we755,sony,kdl-49we755,3,placement,Either|Indoor|Outdoor|unsure,,,
streaming,sony:kdl-49we755,sony,kdl-49we755,3,supportLifetime,DeclaredLifetime|UndeclaredLifetime|unsure,,,
streaming,sony:kdl-50w807c,sony,kdl-50w807c,2,actuatesPhysical,true|false|unsure,,,
streaming,sony:kdl-50w807c,sony,kdl-50w807c,2,actuationConsequence,ComfortActuation|NoActuation|PropertyActuation|SafetyActuation|unsure,,,
streaming,sony:kdl-50w807c,sony,kdl-50w807c,2,capturesAV,true|false|unsure,,,
streaming,sony:kdl-50w807c,sony,kdl-50w807c,2,cloudDependence,CloudOptional|CloudRequired|LocalOnly|unsure,,,
streaming,sony:kdl-50w807c,sony,kdl-50w807c,2,computeTier,AndroidDerived|EmbeddedLinux|McuClass|Rtos|unsure,,,
streaming,sony:kdl-50w807c,sony,kdl-50w807c,2,consumerAvailability,InstallerChannel|MixedChannel|RetailConsumer|unsure,,,
streaming,sony:kdl-50w807c,sony,kdl-50w807c,2,dataSensitivity,AvStreamData|BiometricData|NoData|TelemetryData|unsure,,,
streaming,sony:kdl-50w807c,sony,kdl-50w807c,2,firmwareUpdateModel,ManualFlash|NoUpdatePath|OtaAutomatic|OtaUserInitiated|unsure,,,
streaming,sony:kdl-50w807c,sony,kdl-50w807c,2,formFactor,Fixed|Portable|Worn|unsure,,,
streaming,sony:kdl-50w807c,sony,kdl-50w807c,2,hasWebAdminUI,true|false|unsure,,,
streaming,sony:kdl-50w807c,sony,kdl-50w807c,2,placement,Either|Indoor|Outdoor|unsure,,,
streaming,sony:kdl-50w807c,sony,kdl-50w807c,2,supportLifetime,DeclaredLifetime|UndeclaredLifetime|unsure,,,
streaming,sony:kdl-65w850c,sony,kdl-65w850c,2,actuatesPhysical,true|false|unsure,,,
streaming,sony:kdl-65w850c,sony,kdl-65w850c,2,actuationConsequence,ComfortActuation|NoActuation|PropertyActuation|SafetyActuation|unsure,,,
streaming,sony:kdl-65w850c,sony,kdl-65w850c,2,capturesAV,true|false|unsure,,,
streaming,sony:kdl-65w850c,sony,kdl-65w850c,2,cloudDependence,CloudOptional|CloudRequired|LocalOnly|unsure,,,
streaming,sony:kdl-65w850c,sony,kdl-65w850c,2,computeTier,AndroidDerived|EmbeddedLinux|McuClass|Rtos|unsure,,,
streaming,sony:kdl-65w850c,sony,kdl-65w850c,2,consumerAvailability,InstallerChannel|MixedChannel|RetailConsumer|unsure,,,
streaming,sony:kdl-65w850c,sony,kdl-65w850c,2,dataSensitivity,AvStreamData|BiometricData|NoData|TelemetryData|unsure,,,
streaming,sony:kdl-65w850c,sony,kdl-65w850c,2,firmwareUpdateModel,ManualFlash|NoUpdatePath|OtaAutomatic|OtaUserInitiated|unsure,,,
streaming,sony:kdl-65w850c,sony,kdl-65w850c,2,formFactor,Fixed|Portable|Worn|unsure,,,
streaming,sony:kdl-65w850c,sony,kdl-65w850c,2,hasWebAdminUI,true|false|unsure,,,
streaming,sony:kdl-65w850c,sony,kdl-65w850c,2,placement,Either|Indoor|Outdoor|unsure,,,
streaming,sony:kdl-65w850c,sony,kdl-65w850c,2,supportLifetime,DeclaredLifetime|UndeclaredLifetime|unsure,,,
streaming,sony:kdl-75w850c,sony,kdl-75w850c,2,actuatesPhysical,true|false|unsure,,,
streaming,sony:kdl-75w850c,sony,kdl-75w850c,2,actuationConsequence,ComfortActuation|NoActuation|PropertyActuation|SafetyActuation|unsure,,,
streaming,sony:kdl-75w850c,sony,kdl-75w850c,2,capturesAV,true|false|unsure,,,
streaming,sony:kdl-75w850c,sony,kdl-75w850c,2,cloudDependence,CloudOptional|CloudRequired|LocalOnly|unsure,,,
streaming,sony:kdl-75w850c,sony,kdl-75w850c,2,computeTier,AndroidDerived|EmbeddedLinux|McuClass|Rtos|unsure,,,
streaming,sony:kdl-75w850c,sony,kdl-75w850c,2,consumerAvailability,InstallerChannel|MixedChannel|RetailConsumer|unsure,,,
streaming,sony:kdl-75w850c,sony,kdl-75w850c,2,dataSensitivity,AvStreamData|BiometricData|NoData|TelemetryData|unsure,,,
streaming,sony:kdl-75w850c,sony,kdl-75w850c,2,firmwareUpdateModel,ManualFlash|NoUpdatePath|OtaAutomatic|OtaUserInitiated|unsure,,,
streaming,sony:kdl-75w850c,sony,kdl-75w850c,2,formFactor,Fixed|Portable|Worn|unsure,,,
streaming,sony:kdl-75w850c,sony,kdl-75w850c,2,hasWebAdminUI,true|false|unsure,,,
streaming,sony:kdl-75w850c,sony,kdl-75w850c,2,placement,Either|Indoor|Outdoor|unsure,,,
streaming,sony:kdl-75w850c,sony,kdl-75w850c,2,supportLifetime,DeclaredLifetime|UndeclaredLifetime|unsure,,,
streaming,sony:wd75,sony,wd75,3,actuatesPhysical,true|false|unsure,,,
streaming,sony:wd75,sony,wd75,3,actuationConsequence,ComfortActuation|NoActuation|PropertyActuation|SafetyActuation|unsure,,,
streaming,sony:wd75,sony,wd75,3,capturesAV,true|false|unsure,,,
streaming,sony:wd75,sony,wd75,3,cloudDependence,CloudOptional|CloudRequired|LocalOnly|unsure,,,
streaming,sony:wd75,sony,wd75,3,computeTier,AndroidDerived|EmbeddedLinux|McuClass|Rtos|unsure,,,
streaming,sony:wd75,sony,wd75,3,consumerAvailability,InstallerChannel|MixedChannel|RetailConsumer|unsure,,,
streaming,sony:wd75,sony,wd75,3,dataSensitivity,AvStreamData|BiometricData|NoData|TelemetryData|unsure,,,
streaming,sony:wd75,sony,wd75,3,firmwareUpdateModel,ManualFlash|NoUpdatePath|OtaAutomatic|OtaUserInitiated|unsure,,,
streaming,sony:wd75,sony,wd75,3,formFactor,Fixed|Portable|Worn|unsure,,,
streaming,sony:wd75,sony,wd75,3,hasWebAdminUI,true|false|unsure,,,
streaming,sony:wd75,sony,wd75,3,placement,Either|Indoor|Outdoor|unsure,,,
streaming,sony:wd75,sony,wd75,3,supportLifetime,DeclaredLifetime|UndeclaredLifetime|unsure,,,
streaming,sony:wf6,sony,wf6,3,actuatesPhysical,true|false|unsure,,,
streaming,sony:wf6,sony,wf6,3,actuationConsequence,ComfortActuation|NoActuation|PropertyActuation|SafetyActuation|unsure,,,
streaming,sony:wf6,sony,wf6,3,capturesAV,true|false|unsure,,,
streaming,sony:wf6,sony,wf6,3,cloudDependence,CloudOptional|CloudRequired|LocalOnly|unsure,,,
streaming,sony:wf6,sony,wf6,3,computeTier,AndroidDerived|EmbeddedLinux|McuClass|Rtos|unsure,,,
streaming,sony:wf6,sony,wf6,3,consumerAvailability,InstallerChannel|MixedChannel|RetailConsumer|unsure,,,
streaming,sony:wf6,sony,wf6,3,dataSensitivity,AvStreamData|BiometricData|NoData|TelemetryData|unsure,,,
streaming,sony:wf6,sony,wf6,3,firmwareUpdateModel,ManualFlash|NoUpdatePath|OtaAutomatic|OtaUserInitiated|unsure,,,
streaming,sony:wf6,sony,wf6,3,formFactor,Fixed|Portable|Worn|unsure,,,
streaming,sony:wf6,sony,wf6,3,hasWebAdminUI,true|false|unsure,,,
streaming,sony:wf6,sony,wf6,3,placement,Either|Indoor|Outdoor|unsure,,,
streaming,sony:wf6,sony,wf6,3,supportLifetime,DeclaredLifetime|UndeclaredLifetime|unsure,,,
streaming,sony:xbr-55x850c,sony,xbr-55x850c,2,actuatesPhysical,true|false|unsure,,,
streaming,sony:xbr-55x850c,sony,xbr-55x850c,2,actuationConsequence,ComfortActuation|NoActuation|PropertyActuation|SafetyActuation|unsure,,,
streaming,sony:xbr-55x850c,sony,xbr-55x850c,2,capturesAV,true|false|unsure,,,
streaming,sony:xbr-55x850c,sony,xbr-55x850c,2,cloudDependence,CloudOptional|CloudRequired|LocalOnly|unsure,,,
streaming,sony:xbr-55x850c,sony,xbr-55x850c,2,computeTier,AndroidDerived|EmbeddedLinux|McuClass|Rtos|unsure,,,
streaming,sony:xbr-55x850c,sony,xbr-55x850c,2,consumerAvailability,InstallerChannel|MixedChannel|RetailConsumer|unsure,,,
streaming,sony:xbr-55x850c,sony,xbr-55x850c,2,dataSensitivity,AvStreamData|BiometricData|NoData|TelemetryData|unsure,,,
streaming,sony:xbr-55x850c,sony,xbr-55x850c,2,firmwareUpdateModel,ManualFlash|NoUpdatePath|OtaAutomatic|OtaUserInitiated|unsure,,,
streaming,sony:xbr-55x850c,sony,xbr-55x850c,2,formFactor,Fixed|Portable|Worn|unsure,,,
streaming,sony:xbr-55x850c,sony,xbr-55x850c,2,hasWebAdminUI,true|false|unsure,,,
streaming,sony:xbr-55x850c,sony,xbr-55x850c,2,placement,Either|Indoor|Outdoor|unsure,,,
streaming,sony:xbr-55x850c,sony,xbr-55x850c,2,supportLifetime,DeclaredLifetime|UndeclaredLifetime|unsure,,,
streaming,sony:xbr-55x855c,sony,xbr-55x855c,2,actuatesPhysical,true|false|unsure,,,
streaming,sony:xbr-55x855c,sony,xbr-55x855c,2,actuationConsequence,ComfortActuation|NoActuation|PropertyActuation|SafetyActuation|unsure,,,
streaming,sony:xbr-55x855c,sony,xbr-55x855c,2,capturesAV,true|false|unsure,,,
streaming,sony:xbr-55x855c,sony,xbr-55x855c,2,cloudDependence,CloudOptional|CloudRequired|LocalOnly|unsure,,,
streaming,sony:xbr-55x855c,sony,xbr-55x855c,2,computeTier,AndroidDerived|EmbeddedLinux|McuClass|Rtos|unsure,,,
streaming,sony:xbr-55x855c,sony,xbr-55x855c,2,consumerAvailability,InstallerChannel|MixedChannel|RetailConsumer|unsure,,,
streaming,sony:xbr-55x855c,sony,xbr-55x855c,2,dataSensitivity,AvStreamData|BiometricData|NoData|TelemetryData|unsure,,,
streaming,sony:xbr-55x855c,sony,xbr-55x855c,2,firmwareUpdateModel,ManualFlash|NoUpdatePath|OtaAutomatic|OtaUserInitiated|unsure,,,
streaming,sony:xbr-55x855c,sony,xbr-55x855c,2,formFactor,Fixed|Portable|Worn|unsure,,,
streaming,sony:xbr-55x855c,sony,xbr-55x855c,2,hasWebAdminUI,true|false|unsure,,,
streaming,sony:xbr-55x855c,sony,xbr-55x855c,2,placement,Either|Indoor|Outdoor|unsure,,,
streaming,sony:xbr-55x855c,sony,xbr-55x855c,2,supportLifetime,DeclaredLifetime|UndeclaredLifetime|unsure,,,
streaming,sony:xbr-55x900c,sony,xbr-55x900c,2,actuatesPhysical,true|false|unsure,,,
streaming,sony:xbr-55x900c,sony,xbr-55x900c,2,actuationConsequence,ComfortActuation|NoActuation|PropertyActuation|SafetyActuation|unsure,,,
streaming,sony:xbr-55x900c,sony,xbr-55x900c,2,capturesAV,true|false|unsure,,,
streaming,sony:xbr-55x900c,sony,xbr-55x900c,2,cloudDependence,CloudOptional|CloudRequired|LocalOnly|unsure,,,
streaming,sony:xbr-55x900c,sony,xbr-55x900c,2,computeTier,AndroidDerived|EmbeddedLinux|McuClass|Rtos|unsure,,,
streaming,sony:xbr-55x900c,sony,xbr-55x900c,2,consumerAvailability,InstallerChannel|MixedChannel|RetailConsumer|unsure,,,
streaming,sony:xbr-55x900c,sony,xbr-55x900c,2,dataSensitivity,AvStreamData|BiometricData|NoData|TelemetryData|unsure,,,
streaming,sony:xbr-55x900c,sony,xbr-55x900c,2,firmwareUpdateModel,ManualFlash|NoUpdatePath|OtaAutomatic|OtaUserInitiated|unsure,,,
streaming,sony:xbr-55x900c,sony,xbr-55x900c,2,formFactor,Fixed|Portable|Worn|unsure,,,
streaming,sony:xbr-55x900c,sony,xbr-55x900c,2,hasWebAdminUI,true|false|unsure,,,
streaming,sony:xbr-55x900c,sony,xbr-55x900c,2,placement,Either|Indoor|Outdoor|unsure,,,
streaming,sony:xbr-55x900c,sony,xbr-55x900c,2,supportLifetime,DeclaredLifetime|UndeclaredLifetime|unsure,,,
streaming,sony:xbr-55x905c,sony,xbr-55x905c,2,actuatesPhysical,true|false|unsure,,,
streaming,sony:xbr-55x905c,sony,xbr-55x905c,2,actuationConsequence,ComfortActuation|NoActuation|PropertyActuation|SafetyActuation|unsure,,,
streaming,sony:xbr-55x905c,sony,xbr-55x905c,2,capturesAV,true|false|unsure,,,
streaming,sony:xbr-55x905c,sony,xbr-55x905c,2,cloudDependence,CloudOptional|CloudRequired|LocalOnly|unsure,,,
streaming,sony:xbr-55x905c,sony,xbr-55x905c,2,computeTier,AndroidDerived|EmbeddedLinux|McuClass|Rtos|unsure,,,
streaming,sony:xbr-55x905c,sony,xbr-55x905c,2,consumerAvailability,InstallerChannel|MixedChannel|RetailConsumer|unsure,,,
streaming,sony:xbr-55x905c,sony,xbr-55x905c,2,dataSensitivity,AvStreamData|BiometricData|NoData|TelemetryData|unsure,,,
streaming,sony:xbr-55x905c,sony,xbr-55x905c,2,firmwareUpdateModel,ManualFlash|NoUpdatePath|OtaAutomatic|OtaUserInitiated|unsure,,,
streaming,sony:xbr-55x905c,sony,xbr-55x905c,2,formFactor,Fixed|Portable|Worn|unsure,,,
streaming,sony:xbr-55x905c,sony,xbr-55x905c,2,hasWebAdminUI,true|false|unsure,,,
streaming,sony:xbr-55x905c,sony,xbr-55x905c,2,placement,Either|Indoor|Outdoor|unsure,,,
streaming,sony:xbr-55x905c,sony,xbr-55x905c,2,supportLifetime,DeclaredLifetime|UndeclaredLifetime|unsure,,,
streaming,sony:xbr-65x855c,sony,xbr-65x855c,2,actuatesPhysical,true|false|unsure,,,
streaming,sony:xbr-65x855c,sony,xbr-65x855c,2,actuationConsequence,ComfortActuation|NoActuation|PropertyActuation|SafetyActuation|unsure,,,
streaming,sony:xbr-65x855c,sony,xbr-65x855c,2,capturesAV,true|false|unsure,,,
streaming,sony:xbr-65x855c,sony,xbr-65x855c,2,cloudDependence,CloudOptional|CloudRequired|LocalOnly|unsure,,,
streaming,sony:xbr-65x855c,sony,xbr-65x855c,2,computeTier,AndroidDerived|EmbeddedLinux|McuClass|Rtos|unsure,,,
streaming,sony:xbr-65x855c,sony,xbr-65x855c,2,consumerAvailability,InstallerChannel|MixedChannel|RetailConsumer|unsure,,,
streaming,sony:xbr-65x855c,sony,xbr-65x855c,2,dataSensitivity,AvStreamData|BiometricData|NoData|TelemetryData|unsure,,,
streaming,sony:xbr-65x855c,sony,xbr-65x855c,2,firmwareUpdateModel,ManualFlash|NoUpdatePath|OtaAutomatic|OtaUserInitiated|unsure,,,
streaming,sony:xbr-65x855c,sony,xbr-65x855c,2,formFactor,Fixed|Portable|Worn|unsure,,,
streaming,sony:xbr-65x855c,sony,xbr-65x855c,2,hasWebAdminUI,true|false|unsure,,,
streaming,sony:xbr-65x855c,sony,xbr-65x855c,2,placement,Either|Indoor|Outdoor|unsure,,,
streaming,sony:xbr-65x855c,sony,xbr-65x855c,2,supportLifetime,DeclaredLifetime|UndeclaredLifetime|unsure,,,
streaming,sony:xbr-65x900c,sony,xbr-65x900c,2,actuatesPhysical,true|false|unsure,,,
streaming,sony:xbr-65x900c,sony,xbr-65x900c,2,actuationConsequence,ComfortActuation|NoActuation|PropertyActuation|SafetyActuation|unsure,,,
streaming,sony:xbr-65x900c,sony,xbr-65x900c,2,capturesAV,true|false|unsure,,,
streaming,sony:xbr-65x900c,sony,xbr-65x900c,2,cloudDependence,CloudOptional|CloudRequired|LocalOnly|unsure,,,
streaming,sony:xbr-65x900c,sony,xbr-65x900c,2,computeTier,AndroidDerived|EmbeddedLinux|McuClass|Rtos|unsure,,,
streaming,sony:xbr-65x900c,sony,xbr-65x900c,2,consumerAvailability,InstallerChannel|MixedChannel|RetailConsumer|unsure,,,
streaming,sony:xbr-65x900c,sony,xbr-65x900c,2,dataSensitivity,AvStreamData|BiometricData|NoData|TelemetryData|unsure,,,
streaming,sony:xbr-65x900c,sony,xbr-65x900c,2,firmwareUpdateModel,ManualFlash|NoUpdatePath|OtaAutomatic|OtaUserInitiated|unsure,,,
streaming,sony:xbr-65x900c,sony,xbr-65x900c,2,formFactor,Fixed|Portable|Worn|unsure,,,
streaming,sony:xbr-65x900c,sony,xbr-65x900c,2,hasWebAdminUI,true|false|unsure,,,
streaming,sony:xbr-65x900c,sony,xbr-65x900c,2,placement,Either|Indoor|Outdoor|unsure,,,
streaming,sony:xbr-65x900c,sony,xbr-65x900c,2,supportLifetime,DeclaredLifetime|UndeclaredLifetime|unsure,,,
streaming,sony:xbr-75x910c,sony,xbr-75x910c,2,actuatesPhysical,true|false|unsure,,,
streaming,sony:xbr-75x910c,sony,xbr-75x910c,2,actuationConsequence,ComfortActuation|NoActuation|PropertyActuation|SafetyActuation|unsure,,,
streaming,sony:xbr-75x910c,sony,xbr-75x910c,2,capturesAV,true|false|unsure,,,
streaming,sony:xbr-75x910c,sony,xbr-75x910c,2,cloudDependence,CloudOptional|CloudRequired|LocalOnly|unsure,,,
streaming,sony:xbr-75x910c,sony,xbr-75x910c,2,computeTier,AndroidDerived|EmbeddedLinux|McuClass|Rtos|unsure,,,
streaming,sony:xbr-75x910c,sony,xbr-75x910c,2,consumerAvailability,InstallerChannel|MixedChannel|RetailConsumer|unsure,,,
streaming,sony:xbr-75x910c,sony,xbr-75x910c,2,dataSensitivity,AvStreamData|BiometricData|NoData|TelemetryData|unsure,,,
streaming,sony:xbr-75x910c,sony,xbr-75x910c,2,firmwareUpdateModel,ManualFlash|NoUpdatePath|OtaAutomatic|OtaUserInitiated|unsure,,,
streaming,sony:xbr-75x910c,sony,xbr-75x910c,2,formFactor,Fixed|Portable|Worn|unsure,,,
streaming,sony:xbr-75x910c,sony,xbr-75x910c,2,hasWebAdminUI,true|false|unsure,,,
streaming,sony:xbr-75x910c,sony,xbr-75x910c,2,placement,Either|Indoor|Outdoor|unsure,,,
streaming,sony:xbr-75x910c,sony,xbr-75x910c,2,supportLifetime,DeclaredLifetime|UndeclaredLifetime|unsure,,,
streaming,sony:xbr-75x940d,sony,xbr-75x940d,2,actuatesPhysical,true|false|unsure,,,
streaming,sony:xbr-75x940d,sony,xbr-75x940d,2,actuationConsequence,ComfortActuation|NoActuation|PropertyActuation|SafetyActuation|unsure,,,
streaming,sony:xbr-75x940d,sony,xbr-75x940d,2,capturesAV,true|false|unsure,,,
streaming,sony:xbr-75x940d,sony,xbr-75x940d,2,cloudDependence,CloudOptional|CloudRequired|LocalOnly|unsure,,,
streaming,sony:xbr-75x940d,sony,xbr-75x940d,2,computeTier,AndroidDerived|EmbeddedLinux|McuClass|Rtos|unsure,,,
streaming,sony:xbr-75x940d,sony,xbr-75x940d,2,consumerAvailability,InstallerChannel|MixedChannel|RetailConsumer|unsure,,,
streaming,sony:xbr-75x940d,sony,xbr-75x940d,2,dataSensitivity,AvStreamData|BiometricData|NoData|TelemetryData|unsure,,,
streaming,sony:xbr-75x940d,sony,xbr-75x940d,2,firmwareUpdateModel,ManualFlash|NoUpdatePath|OtaAutomatic|OtaUserInitiated|unsure,,,
streaming,sony:xbr-75x940d,sony,xbr-75x940d,2,formFactor,Fixed|Portable|Worn|unsure,,,
streaming,sony:xbr-75x940d,sony,xbr-75x940d,2,hasWebAdminUI,true|false|unsure,,,
streaming,sony:xbr-75x940d,sony,xbr-75x940d,2,placement,Either|Indoor|Outdoor|unsure,,,
streaming,sony:xbr-75x940d,sony,xbr-75x940d,2,supportLifetime,DeclaredLifetime|UndeclaredLifetime|unsure,,,
streaming,sony:xbr-75x945c,sony,xbr-75x945c,2,actuatesPhysical,true|false|unsure,,,
streaming,sony:xbr-75x945c,sony,xbr-75x945c,2,actuationConsequence,ComfortActuation|NoActuation|PropertyActuation|SafetyActuation|unsure,,,
streaming,sony:xbr-75x945c,sony,xbr-75x945c,2,capturesAV,true|false|unsure,,,
streaming,sony:xbr-75x945c,sony,xbr-75x945c,2,cloudDependence,CloudOptional|CloudRequired|LocalOnly|unsure,,,
streaming,sony:xbr-75x945c,sony,xbr-75x945c,2,computeTier,AndroidDerived|EmbeddedLinux|McuClass|Rtos|unsure,,,
streaming,sony:xbr-75x945c,sony,xbr-75x945c,2,consumerAvailability,InstallerChannel|MixedChannel|RetailConsumer|unsure,,,
streaming,sony:xbr-75x945c,sony,xbr-75x945c,2,dataSensitivity,AvStreamData|BiometricData|NoData|TelemetryData|unsure,,,
streaming,sony:xbr-75x945c,sony,xbr-75x945c,2,firmwareUpdateModel,ManualFlash|NoUpdatePath|OtaAutomatic|OtaUserInitiated|unsure,,,
streaming,sony:xbr-75x945c,sony,xbr-75x945c,2,formFactor,Fixed|Portable|Worn|unsure,,,
streaming,sony:xbr-75x945c,sony,xbr-75x945c,2,hasWebAdminUI,true|false|unsure,,,
streaming,sony:xbr-75x945c,sony,xbr-75x945c,2,placement,Either|Indoor|Outdoor|unsure,,,
streaming,sony:xbr-75x945c,sony,xbr-75x945c,2,supportLifetime,DeclaredLifetime|UndeclaredLifetime|unsure,,,
streaming,sony:xbr-85x855d,sony,xbr-85x855d,2,actuatesPhysical,true|false|unsure,,,
streaming,sony:xbr-85x855d,sony,xbr-85x855d,2,actuationConsequence,ComfortActuation|NoActuation|PropertyActuation|SafetyActuation|unsure,,,
streaming,sony:xbr-85x855d,sony,xbr-85x855d,2,capturesAV,true|false|unsure,,,
streaming,sony:xbr-85x855d,sony,xbr-85x855d,2,cloudDependence,CloudOptional|CloudRequired|LocalOnly|unsure,,,
streaming,sony:xbr-85x855d,sony,xbr-85x855d,2,computeTier,AndroidDerived|EmbeddedLinux|McuClass|Rtos|unsure,,,
streaming,sony:xbr-85x855d,sony,xbr-85x855d,2,consumerAvailability,InstallerChannel|MixedChannel|RetailConsumer|unsure,,,
streaming,sony:xbr-85x855d,sony,xbr-85x855d,2,dataSensitivity,AvStreamData|BiometricData|NoData|TelemetryData|unsure,,,
streaming,sony:xbr-85x855d,sony,xbr-85x855d,2,firmwareUpdateModel,ManualFlash|NoUpdatePath|OtaAutomatic|OtaUserInitiated|unsure,,,
streaming,sony:xbr-85x855d,sony,xbr-85x855d,2,formFactor,Fixed|Portable|Worn|unsure,,,
streaming,sony:xbr-85x855d,sony,xbr-85x855d,2,hasWebAdminUI,true|false|unsure,,,
streaming,sony:xbr-85x855d,sony,xbr-85x855d,2,placement,Either|Indoor|Outdoor|unsure,,,
streaming,sony:xbr-85x855d,sony,xbr-85x855d,2,supportLifetime,DeclaredLifetime|UndeclaredLifetime|unsure,,,
streaming,tcl:65c655,tcl,65c655,2,actuatesPhysical,true|false|unsure,,,
streaming,tcl:65c655,tcl,65c655,2,actuationConsequence,ComfortActuation|NoActuation|PropertyActuation|SafetyActuation|unsure,,,
streaming,tcl:65c655,tcl,65c655,2,capturesAV,true|false|unsure,,,
streaming,tcl:65c655,tcl,65c655,2,cloudDependence,CloudOptional|CloudRequired|LocalOnly|unsure,,,
streaming,tcl:65c655,tcl,65c655,2,computeTier,AndroidDerived|EmbeddedLinux|McuClass|Rtos|unsure,,,
streaming,tcl:65c655,tcl,65c655,2,consumerAvailability,InstallerChannel|MixedChannel|RetailConsumer|unsure,,,
streaming,tcl:65c655,tcl,65c655,2,dataSensitivity,AvStreamData|BiometricData|NoData|TelemetryData|unsure,,,
streaming,tcl:65c655,tcl,65c655,2,firmwareUpdateModel,ManualFlash|NoUpdatePath|OtaAutomatic|OtaUserInitiated|unsure,,,
streaming,tcl:65c655,tcl,65c655,2,formFactor,Fixed|Portable|Worn|unsure,,,
streaming,tcl:65c655,tcl,65c655,2,hasWebAdminUI,true|false|unsure,,,
streaming,tcl:65c655,tcl,65c655,2,placement,Either|Indoor|Outdoor|unsure,,,
streaming,tcl:65c655,tcl,65c655,2,supportLifetime,DeclaredLifetime|UndeclaredLifetime|unsure,,,
streaming,tcl:65s434,tcl,65s434,2,actuatesPhysical,true|false|unsure,,,
streaming,tcl:65s434,tcl,65s434,2,actuationConsequence,ComfortActuation|NoActuation|PropertyActuation|SafetyActuation|unsure,,,
streaming,tcl:65s434,tcl,65s434,2,capturesAV,true|false|unsure,,,
streaming,tcl:65s434,tcl,65s434,2,cloudDependence,CloudOptional|CloudRequired|LocalOnly|unsure,,,
streaming,tcl:65s434,tcl,65s434,2,computeTier,AndroidDerived|EmbeddedLinux|McuClass|Rtos|unsure,,,
streaming,tcl:65s434,tcl,65s434,2,consumerAvailability,InstallerChannel|MixedChannel|RetailConsumer|unsure,,,
streaming,tcl:65s434,tcl,65s434,2,dataSensitivity,AvStreamData|BiometricData|NoData|TelemetryData|unsure,,,
streaming,tcl:65s434,tcl,65s434,2,firmwareUpdateModel,ManualFlash|NoUpdatePath|OtaAutomatic|OtaUserInitiated|unsure,,,
streaming,tcl:65s434,tcl,65s434,2,formFactor,Fixed|Portable|Worn|unsure,,,
streaming,tcl:65s434,tcl,65s434,2,hasWebAdminUI,true|false|unsure,,,
streaming,tcl:65s434,tcl,65s434,2,placement,Either|Indoor|Outdoor|unsure,,,
streaming,tcl:65s434,tcl,65s434,2,supportLifetime,DeclaredLifetime|UndeclaredLifetime|unsure,,,
streaming,westerndigital:tv_media_player,westerndigital,tv_media_player,1,actuatesPhysical,true|false|unsure,,,
streaming,westerndigital:tv_media_player,westerndigital,tv_media_player,1,actuationConsequence,ComfortActuation|NoActuation|PropertyActuation|SafetyActuation|unsure,,,
streaming,westerndigital:tv_media_player,westerndigital,tv_media_player,1,capturesAV,true|false|unsure,,,
streaming,westerndigital:tv_media_player,westerndigital,tv_media_player,1,cloudDependence,CloudOptional|CloudRequired|LocalOnly|unsure,,,
streaming,westerndigital:tv_media_player,westerndigital,tv_media_player,1,computeTier,AndroidDerived|EmbeddedLinux|McuClass|Rtos|unsure,,,
streaming,westerndigital:tv_media_player,westerndigital,tv_media_player,1,consumerAvailability,InstallerChannel|MixedChannel|RetailConsumer|unsure,,,
streaming,westerndigital:tv_media_player,westerndigital,tv_media_player,1,dataSensitivity,AvStreamData|BiometricData|NoData|TelemetryData|unsure,,,
streaming,westerndigital:tv_media_player,westerndigital,tv_media_player,1,firmwareUpdateModel,ManualFlash|NoUpdatePath|OtaAutomatic|OtaUserInitiated|unsure,,,
streaming,westerndigital:tv_media_player,westerndigital,tv_media_player,1,formFactor,Fixed|Portable|Worn|unsure,,,
streaming,westerndigital:tv_media_player,westerndigital,tv_media_player,1,hasWebAdminUI,true|false|unsure,,,
streaming,westerndigital:tv_media_player,westerndigital,tv_media_player,1,placement,Either|Indoor|Outdoor|unsure,,,
streaming,westerndigital:tv_media_player,westerndigital,tv_media_player,1,supportLifetime,DeclaredLifetime|UndeclaredLifetime|unsure,,,
