category,device,vendor,product,cve_count
airconditioner,mitsubishielectric:ma-ew85s-e,mitsubishielectric,ma-ew85s-e,2
airconditioner,mitsubishielectric:ma-ew85s-uk,mitsubishielectric,ma-ew85s-uk,2
airconditioner,mitsubishielectric:mac-507if-e,mitsubishielectric,mac-507if-e,2
airconditioner,mitsubishielectric:mac-587if-e,mitsubishielectric,mac-587if-e,2
airconditioner,mitsubishielectric:mac-587if2-e,mitsubishielectric,mac-587if2-e,2
airconditioner,mitsubishielectric:mac-588if-e,mitsubishielectric,mac-588if-e,2
airconditioner,mitsubishielectric:mfz-gxt50\/60\/73vfk,mitsubishielectric,mfz-gxt50\/60\/73vfk,2
airconditioner,mitsubishielectric:mfz-xt50\/60vfk,mitsubishielectric,mfz-xt50\/60vfk,2
airconditioner,mitsubishielectric:msxy-fp05\/07\/10\/13\/18\/20\/24vgk-sg1,mitsubishielectric,msxy-fp05\/07\/10\/13\/18\/20\/24vgk-sg1,2
airconditioner,mitsubishielectric:msy-gp10\/13\/15\/18\/20\/24vfk-sg1,mitsubishielectric,msy-gp10\/13\/15\/18\/20\/24vfk-sg1,2
airconditioner,mitsubishielectric:msz-ap15\/20\/25\/35\/42\/50\/60\/71vgk-e2,mitsubishielectric,msz-ap15\/20\/25\/35\/42\/50\/60\/71vgk-e2,2
airconditioner,mitsubishielectric:msz-ap15\/20\/25\/35\/42\/50\/60\/71vgk-er2,mitsubishielectric,msz-ap15\/20\/25\/35\/42\/50\/60\/71vgk-er2,2
airconditioner,mitsubishielectric:msz-ap15\/20\/25\/35\/42\/50\/60\/71vgk-et2,mitsubishielectric,msz-ap15\/20\/25\/35\/42\/50\/60\/71vgk-et2,2
airconditioner,mitsubishielectric:msz-ap22\/25\/35\/42\/50\/60\/71\/80vgkd-a2,mitsubishielectric,msz-ap22\/25\/35\/42\/50\/60\/71\/80vgkd-a2,2
airconditioner,mitsubishielectric:msz-ap22\/25\/35\/42\/50\/61\/70\/80vgkd-a1,mitsubishielectric,msz-ap22\/25\/35\/42\/50\/61\/70\/80vgkd-a1,2
airconditioner,mitsubishielectric:msz-ap25\/35\/42\/50\/60\/71vgk-e3,mitsubishielectric,msz-ap25\/35\/42\/50\/60\/71vgk-e3,2
airconditioner,mitsubishielectric:msz-ap25\/35\/42\/50\/60\/71vgk-er3,mitsubishielectric,msz-ap25\/35\/42\/50\/60\/71vgk-er3,2
airconditioner,mitsubishielectric:msz-ap25\/35\/42\/50\/60\/71vgk-et3,mitsubishielectric,msz-ap25\/35\/42\/50\/60\/71vgk-et3,2
airconditioner,mitsubishielectric:msz-ap25\/35\/42\/50vgk-e1,mitsubishielectric,msz-ap25\/35\/42\/50vgk-e1,2
airconditioner,mitsubishielectric:msz-ap25\/35\/42\/50vgk-e7,mitsubishielectric,msz-ap25\/35\/42\/50vgk-e7,2
airconditioner,mitsubishielectric:msz-ap25\/35\/42\/50vgk-e8,mitsubishielectric,msz-ap25\/35\/42\/50vgk-e8,2
airconditioner,mitsubishielectric:msz-ap25\/35\/42\/50vgk-en1,mitsubishielectric,msz-ap25\/35\/42\/50vgk-en1,2
airconditioner,mitsubishielectric:msz-ap25\/35\/42\/50vgk-en2,mitsubishielectric,msz-ap25\/35\/42\/50vgk-en2,2
airconditioner,mitsubishielectric:msz-ap25\/35\/42\/50vgk-en3,mitsubishielectric,msz-ap25\/35\/42\/50vgk-en3,2
airconditioner,mitsubishielectric:msz-ap25\/35\/42\/50vgk-er1,mitsubishielectric,msz-ap25\/35\/42\/50vgk-er1,2
airconditioner,mitsubishielectric:msz-ap25\/35\/42\/50vgk-et1,mitsubishielectric,msz-ap25\/35\/42\/50vgk-et1,2
airconditioner,mitsubishielectric:msz-ay25\/35\/42\/50vgk-e1,mitsubishielectric,msz-ay25\/35\/42\/50vgk-e1,2
airconditioner,mitsubishielectric:msz-ay25\/35\/42\/50vgk-e6,mitsubishielectric,msz-ay25\/35\/42\/50vgk-e6,2
airconditioner,mitsubishielectric:msz-ay25\/35\/42\/50vgk-er1,mitsubishielectric,msz-ay25\/35\/42\/50vgk-er1,2
airconditioner,mitsubishielectric:msz-ay25\/35\/42\/50vgk-et1,mitsubishielectric,msz-ay25\/35\/42\/50vgk-et1,2
airconditioner,mitsubishielectric:msz-ay25\/35\/42\/50vgk-sc1,mitsubishielectric,msz-ay25\/35\/42\/50vgk-sc1,2
airconditioner,mitsubishielectric:msz-ay25\/35\/42\/50vgkp-e6,mitsubishielectric,msz-ay25\/35\/42\/50vgkp-e6,2
airconditioner,mitsubishielectric:msz-ay25\/35\/42\/50vgkp-er1,mitsubishielectric,msz-ay25\/35\/42\/50vgkp-er1,2
airconditioner,mitsubishielectric:msz-ay25\/35\/42\/50vgkp-et1,mitsubishielectric,msz-ay25\/35\/42\/50vgkp-et1,2
airconditioner,mitsubishielectric:msz-ay25\/35\/42\/50vgkp-sc1,mitsubishielectric,msz-ay25\/35\/42\/50vgkp-sc1,2
airconditioner,mitsubishielectric:msz-bt20\/25\/35\/50vgk-e1,mitsubishielectric,msz-bt20\/25\/35\/50vgk-e1,2
airconditioner,mitsubishielectric:msz-bt20\/25\/35\/50vgk-e2,mitsubishielectric,msz-bt20\/25\/35\/50vgk-e2,2
airconditioner,mitsubishielectric:msz-bt20\/25\/35\/50vgk-e3,mitsubishielectric,msz-bt20\/25\/35\/50vgk-e3,2
airconditioner,mitsubishielectric:msz-bt20\/25\/35\/50vgk-er1,mitsubishielectric,msz-bt20\/25\/35\/50vgk-er1,2
airconditioner,mitsubishielectric:msz-bt20\/25\/35\/50vgk-er2,mitsubishielectric,msz-bt20\/25\/35\/50vgk-er2,2
airconditioner,mitsubishielectric:msz-bt20\/25\/35\/50vgk-et1,mitsubishielectric,msz-bt20\/25\/35\/50vgk-et1,2
airconditioner,mitsubishielectric:msz-bt20\/25\/35\/50vgk-et2,mitsubishielectric,msz-bt20\/25\/35\/50vgk-et2,2
airconditioner,mitsubishielectric:msz-bt20\/25\/35\/50vgk-et3,mitsubishielectric,msz-bt20\/25\/35\/50vgk-et3,2
airconditioner,mitsubishielectric:msz-ef18\/22\/25\/35\/42\/50vgkb-e1,mitsubishielectric,msz-ef18\/22\/25\/35\/42\/50vgkb-e1,2
airconditioner,mitsubishielectric:msz-ef18\/22\/25\/35\/42\/50vgkb-e2,mitsubishielectric,msz-ef18\/22\/25\/35\/42\/50vgkb-e2,2
airconditioner,mitsubishielectric:msz-ef18\/22\/25\/35\/42\/50vgks-e1,mitsubishielectric,msz-ef18\/22\/25\/35\/42\/50vgks-e1,2
airconditioner,mitsubishielectric:msz-ef18\/22\/25\/35\/42\/50vgks-e2,mitsubishielectric,msz-ef18\/22\/25\/35\/42\/50vgks-e2,2
airconditioner,mitsubishielectric:msz-ef18\/22\/25\/35\/42\/50vgkw-e1,mitsubishielectric,msz-ef18\/22\/25\/35\/42\/50vgkw-e1,2
airconditioner,mitsubishielectric:msz-ef18\/22\/25\/35\/42\/50vgkw-e2,mitsubishielectric,msz-ef18\/22\/25\/35\/42\/50vgkw-e2,2
airconditioner,mitsubishielectric:msz-ef22\/25\/35\/42\/50vgkb-a1,mitsubishielectric,msz-ef22\/25\/35\/42\/50vgkb-a1,2
airconditioner,mitsubishielectric:msz-ef22\/25\/35\/42\/50vgkb-er1,mitsubishielectric,msz-ef22\/25\/35\/42\/50vgkb-er1,2
airconditioner,mitsubishielectric:msz-ef22\/25\/35\/42\/50vgkb-er2,mitsubishielectric,msz-ef22\/25\/35\/42\/50vgkb-er2,2
airconditioner,mitsubishielectric:msz-ef22\/25\/35\/42\/50vgkb-et1,mitsubishielectric,msz-ef22\/25\/35\/42\/50vgkb-et1,2
airconditioner,mitsubishielectric:msz-ef22\/25\/35\/42\/50vgkb-et2,mitsubishielectric,msz-ef22\/25\/35\/42\/50vgkb-et2,2
airconditioner,mitsubishielectric:msz-ef22\/25\/35\/42\/50vgks-a1,mitsubishielectric,msz-ef22\/25\/35\/42\/50vgks-a1,2
airconditioner,mitsubishielectric:msz-ef22\/25\/35\/42\/50vgks-er1,mitsubishielectric,msz-ef22\/25\/35\/42\/50vgks-er1,2
airconditioner,mitsubishielectric:msz-ef22\/25\/35\/42\/50vgks-er2,mitsubishielectric,msz-ef22\/25\/35\/42\/50vgks-er2,2
airconditioner,mitsubishielectric:msz-ef22\/25\/35\/42\/50vgks-et1,mitsubishielectric,msz-ef22\/25\/35\/42\/50vgks-et1,2
airconditioner,mitsubishielectric:msz-ef22\/25\/35\/42\/50vgks-et2,mitsubishielectric,msz-ef22\/25\/35\/42\/50vgks-et2,2
airconditioner,mitsubishielectric:msz-ef22\/25\/35\/42\/50vgkw-a1,mitsubishielectric,msz-ef22\/25\/35\/42\/50vgkw-a1,2
airconditioner,mitsubishielectric:msz-ef22\/25\/35\/42\/50vgkw-er1,mitsubishielectric,msz-ef22\/25\/35\/42\/50vgkw-er1,2
airconditioner,mitsubishielectric:msz-ef22\/25\/35\/42\/50vgkw-er2,mitsubishielectric,msz-ef22\/25\/35\/42\/50vgkw-er2,2
airconditioner,mitsubishielectric:msz-ef22\/25\/35\/42\/50vgkw-et1,mitsubishielectric,msz-ef22\/25\/35\/42\/50vgkw-et1,2
airconditioner,mitsubishielectric:msz-ef22\/25\/35\/42\/50vgkw-et2,mitsubishielectric,msz-ef22\/25\/35\/42\/50vgkw-et2,2
airconditioner,mitsubishielectric:msz-exa09\/12vak,mitsubishielectric,msz-exa09\/12vak,2
airconditioner,mitsubishielectric:msz-eza09\/12vak,mitsubishielectric,msz-eza09\/12vak,2
airconditioner,mitsubishielectric:msz-ft25\/35\/50vgk-e1,mitsubishielectric,msz-ft25\/35\/50vgk-e1,2
airconditioner,mitsubishielectric:msz-ft25\/35\/50vgk-e2,mitsubishielectric,msz-ft25\/35\/50vgk-e2,2
airconditioner,mitsubishielectric:msz-ft25\/35\/50vgk-et1,mitsubishielectric,msz-ft25\/35\/50vgk-et1,2
airconditioner,mitsubishielectric:msz-ft25\/35\/50vgk-sc1,mitsubishielectric,msz-ft25\/35\/50vgk-sc1,2
airconditioner,mitsubishielectric:msz-ft25\/35\/50vgk-sc2,mitsubishielectric,msz-ft25\/35\/50vgk-sc2,2
airconditioner,mitsubishielectric:msz-gzy09\/12\/18vfk,mitsubishielectric,msz-gzy09\/12\/18vfk,2
airconditioner,mitsubishielectric:msz-hr25\/35\/42\/50\/60\/71vfk-e1,mitsubishielectric,msz-hr25\/35\/42\/50\/60\/71vfk-e1,2
airconditioner,mitsubishielectric:msz-hr25\/35\/42\/50\/60\/71vfk-er1,mitsubishielectric,msz-hr25\/35\/42\/50\/60\/71vfk-er1,2
airconditioner,mitsubishielectric:msz-hr25\/35\/42\/50\/60\/71vfk-et1,mitsubishielectric,msz-hr25\/35\/42\/50\/60\/71vfk-et1,2
airconditioner,mitsubishielectric:msz-hr25\/35\/42\/50vfk-e6,mitsubishielectric,msz-hr25\/35\/42\/50vfk-e6,2
airconditioner,mitsubishielectric:msz-ky09\/12\/18vfk,mitsubishielectric,msz-ky09\/12\/18vfk,2
airconditioner,mitsubishielectric:msz-ln18\/25\/35\/50\/60vg2b-e2,mitsubishielectric,msz-ln18\/25\/35\/50\/60vg2b-e2,2
airconditioner,mitsubishielectric:msz-ln18\/25\/35\/50\/60vg2b-e3,mitsubishielectric,msz-ln18\/25\/35\/50\/60vg2b-e3,2
airconditioner,mitsubishielectric:msz-ln18\/25\/35\/50\/60vg2r-e2,mitsubishielectric,msz-ln18\/25\/35\/50\/60vg2r-e2,2
airconditioner,mitsubishielectric:msz-ln18\/25\/35\/50\/60vg2r-e3,mitsubishielectric,msz-ln18\/25\/35\/50\/60vg2r-e3,2
airconditioner,mitsubishielectric:msz-ln18\/25\/35\/50\/60vg2v-e2,mitsubishielectric,msz-ln18\/25\/35\/50\/60vg2v-e2,2
airconditioner,mitsubishielectric:msz-ln18\/25\/35\/50\/60vg2v-e3,mitsubishielectric,msz-ln18\/25\/35\/50\/60vg2v-e3,2
airconditioner,mitsubishielectric:msz-ln18\/25\/35\/50\/60vg2w-e2,mitsubishielectric,msz-ln18\/25\/35\/50\/60vg2w-e2,2
airconditioner,mitsubishielectric:msz-ln18\/25\/35\/50\/60vg2w-e3,mitsubishielectric,msz-ln18\/25\/35\/50\/60vg2w-e3,2
airconditioner,mitsubishielectric:msz-ln18\/25\/35\/50\/60vg2w-er2,mitsubishielectric,msz-ln18\/25\/35\/50\/60vg2w-er2,2
airconditioner,mitsubishielectric:msz-ln18\/25\/35\/50\/60vg2w-et2,mitsubishielectric,msz-ln18\/25\/35\/50\/60vg2w-et2,2
airconditioner,mitsubishielectric:msz-ln18\/25\/35\/50vg2w-sc1,mitsubishielectric,msz-ln18\/25\/35\/50vg2w-sc1,2
airconditioner,mitsubishielectric:msz-ln25\/35\/50\/60vg2b-a2,mitsubishielectric,msz-ln25\/35\/50\/60vg2b-a2,2
airconditioner,mitsubishielectric:msz-ln25\/35\/50\/60vg2b-er2,mitsubishielectric,msz-ln25\/35\/50\/60vg2b-er2,2
airconditioner,mitsubishielectric:msz-ln25\/35\/50\/60vg2b-er3,mitsubishielectric,msz-ln25\/35\/50\/60vg2b-er3,2
airconditioner,mitsubishielectric:msz-ln25\/35\/50\/60vg2b-et2,mitsubishielectric,msz-ln25\/35\/50\/60vg2b-et2,2
airconditioner,mitsubishielectric:msz-ln25\/35\/50\/60vg2b-et3,mitsubishielectric,msz-ln25\/35\/50\/60vg2b-et3,2
airconditioner,mitsubishielectric:msz-ln25\/35\/50\/60vg2r-a2,mitsubishielectric,msz-ln25\/35\/50\/60vg2r-a2,2
airconditioner,mitsubishielectric:msz-ln25\/35\/50\/60vg2r-er2,mitsubishielectric,msz-ln25\/35\/50\/60vg2r-er2,2
airconditioner,mitsubishielectric:msz-ln25\/35\/50\/60vg2r-er3,mitsubishielectric,msz-ln25\/35\/50\/60vg2r-er3,2
airconditioner,mitsubishielectric:msz-ln25\/35\/50\/60vg2r-et2,mitsubishielectric,msz-ln25\/35\/50\/60vg2r-et2,2
airconditioner,mitsubishielectric:msz-ln25\/35\/50\/60vg2r-et3,mitsubishielectric,msz-ln25\/35\/50\/60vg2r-et3,2
airconditioner,mitsubishielectric:msz-ln25\/35\/50\/60vg2v-a2,mitsubishielectric,msz-ln25\/35\/50\/60vg2v-a2,2
airconditioner,mitsubishielectric:msz-ln25\/35\/50\/60vg2v-er2,mitsubishielectric,msz-ln25\/35\/50\/60vg2v-er2,2
airconditioner,mitsubishielectric:msz-ln25\/35\/50\/60vg2v-er3,mitsubishielectric,msz-ln25\/35\/50\/60vg2v-er3,2
airconditioner,mitsubishielectric:msz-ln25\/35\/50\/60vg2v-et2,mitsubishielectric,msz-ln25\/35\/50\/60vg2v-et2,2
airconditioner,mitsubishielectric:msz-ln25\/35\/50\/60vg2v-et3,mitsubishielectric,msz-ln25\/35\/50\/60vg2v-et3,2
airconditioner,mitsubishielectric:msz-ln25\/35\/50\/60vg2w-er3,mitsubishielectric,msz-ln25\/35\/50\/60vg2w-er3,2
airconditioner,mitsubishielectric:msz-ln25\/35\/50\/60vg2w-et3,mitsubishielectric,msz-ln25\/35\/50\/60vg2w-et3,2
airconditioner,mitsubishielectric:msz-ln25\/35\/50vg2b-en2,mitsubishielectric,msz-ln25\/35\/50vg2b-en2,2
airconditioner,mitsubishielectric:msz-ln25\/35\/50vg2b-sc1,mitsubishielectric,msz-ln25\/35\/50vg2b-sc1,2
airconditioner,mitsubishielectric:msz-ln25\/35\/50vg2r-en2,mitsubishielectric,msz-ln25\/35\/50vg2r-en2,2
airconditioner,mitsubishielectric:msz-ln25\/35\/50vg2r-sc1,mitsubishielectric,msz-ln25\/35\/50vg2r-sc1,2
airconditioner,mitsubishielectric:msz-ln25\/35\/50vg2v-en2,mitsubishielectric,msz-ln25\/35\/50vg2v-en2,2
airconditioner,mitsubishielectric:msz-ln25\/35\/50vg2v-sc1,mitsubishielectric,msz-ln25\/35\/50vg2v-sc1,2
airconditioner,mitsubishielectric:msz-ln25\/35\/50vg2w-en2,mitsubishielectric,msz-ln25\/35\/50vg2w-en2,2
airconditioner,mitsubishielectric:msz-rw25\/35\/50vg-e1,mitsubishielectric,msz-rw25\/35\/50vg-e1,2
airconditioner,mitsubishielectric:msz-rw25\/35\/50vg-er1,mitsubishielectric,msz-rw25\/35\/50vg-er1,2
airconditioner,mitsubishielectric:msz-rw25\/35\/50vg-et1,mitsubishielectric,msz-rw25\/35\/50vg-et1,2
airconditioner,mitsubishielectric:msz-rw25\/35\/50vg-sc1,mitsubishielectric,msz-rw25\/35\/50vg-sc1,2
airconditioner,mitsubishielectric:msz-wx18\/20\/25vfk,mitsubishielectric,msz-wx18\/20\/25vfk,2
airconditioner,mitsubishielectric:msz-zy09\/12\/18vfk,mitsubishielectric,msz-zy09\/12\/18vfk,2
airconditioner,mitsubishielectric:s-mac-002if,mitsubishielectric,s-mac-002if,2
airconditioner,alpha-innotec:heat_pumps,alpha-innotec,heat_pumps,1
airconditioner,mitsubishielectric:mac-557if-e,mitsubishielectric,mac-557if-e,1
airconditioner,mitsubishielectric:mac-557if-e1,mitsubishielectric,mac-557if-e1,1
airconditioner,mitsubishielectric:mac-558if-e,mitsubishielectric,mac-558if-e,1
airconditioner,mitsubishielectric:mac-558if-e1,mitsubishielectric,mac-558if-e1,1
airconditioner,mitsubishielectric:mac-559if-e,mitsubishielectric,mac-559if-e,1
airconditioner,mitsubishielectric:mac-559if-e1,mitsubishielectric,mac-559if-e1,1
airconditioner,mitsubishielectric:mac-566ifb-e,mitsubishielectric,mac-566ifb-e,1
airconditioner,mitsubishielectric:mac-567ifb-e,mitsubishielectric,mac-567ifb-e,1
airconditioner,mitsubishielectric:mac-567ifb2-e,mitsubishielectric,mac-567ifb2-e,1
airconditioner,mitsubishielectric:mac-568if-e,mitsubishielectric,mac-568if-e,1
airconditioner,mitsubishielectric:mac-568ifb-e,mitsubishielectric,mac-568ifb-e,1
airconditioner,mitsubishielectric:mac-568ifb2-e,mitsubishielectric,mac-568ifb2-e,1
airconditioner,mitsubishielectric:mac-568ifb3-e,mitsubishielectric,mac-568ifb3-e,1
airconditioner,mitsubishielectric:mac-576if-e1,mitsubishielectric,mac-576if-e1,1
airconditioner,mitsubishielectric:msz-ap25\/35\/42\/50vgk-e6,mitsubishielectric,msz-ap25\/35\/42\/50vgk-e6,1
airconditioner,mitsubishielectric:msz-ap60\/71vgk-e1,mitsubishielectric,msz-ap60\/71vgk-e1,1
airconditioner,mitsubishielectric:msz-ap60\/71vgk-er1,mitsubishielectric,msz-ap60\/71vgk-er1,1
airconditioner,mitsubishielectric:msz-ap60\/71vgk-et1,mitsubishielectric,msz-ap60\/71vgk-et1,1
airconditioner,mitsubishielectric:msz-ft20\/25vfk,mitsubishielectric,msz-ft20\/25vfk,1
airconditioner,mitsubishielectric:msz-fx20\/25vfk,mitsubishielectric,msz-fx20\/25vfk,1
airconditioner,mitsubishielectric:msz-gzt09\/12\/18vak,mitsubishielectric,msz-gzt09\/12\/18vak,1
airconditioner,mitsubishielectric:msz-ln18\/25\/35\/50\/60vg2b-e1,mitsubishielectric,msz-ln18\/25\/35\/50\/60vg2b-e1,1
airconditioner,mitsubishielectric:msz-ln18\/25\/35\/50\/60vg2b-et1,mitsubishielectric,msz-ln18\/25\/35\/50\/60vg2b-et1,1
airconditioner,mitsubishielectric:msz-ln18\/25\/35\/50\/60vg2r-e1,mitsubishielectric,msz-ln18\/25\/35\/50\/60vg2r-e1,1
airconditioner,mitsubishielectric:msz-ln18\/25\/35\/50\/60vg2r-et1,mitsubishielectric,msz-ln18\/25\/35\/50\/60vg2r-et1,1
airconditioner,mitsubishielectric:msz-ln18\/25\/35\/50\/60vg2v-e1,mitsubishielectric,msz-ln18\/25\/35\/50\/60vg2v-e1,1
airconditioner,mitsubishielectric:msz-ln18\/25\/35\/50\/60vg2v-et1,mitsubishielectric,msz-ln18\/25\/35\/50\/60vg2v-et1,1
airconditioner,mitsubishielectric:msz-ln18\/25\/35\/50\/60vg2w-e1,mitsubishielectric,msz-ln18\/25\/35\/50\/60vg2w-e1,1
airconditioner,mitsubishielectric:msz-ln18\/25\/35\/50\/60vg2w-er1,mitsubishielectric,msz-ln18\/25\/35\/50\/60vg2w-er1,1
airconditioner,mitsubishielectric:msz-ln18\/25\/35\/50\/60vg2w-et1,mitsubishielectric,msz-ln18\/25\/35\/50\/60vg2w-et1,1
airconditioner,mitsubishielectric:msz-ln18\/25\/35\/50\/60vgb-e1,mitsubishielectric,msz-ln18\/25\/35\/50\/60vgb-e1,1
airconditioner,mitsubishielectric:msz-ln18\/25\/35\/50\/60vgr-e1,mitsubishielectric,msz-ln18\/25\/35\/50\/60vgr-e1,1
airconditioner,mitsubishielectric:msz-ln18\/25\/35\/50\/60vgv-e1,mitsubishielectric,msz-ln18\/25\/35\/50\/60vgv-e1,1
airconditioner,mitsubishielectric:msz-ln18\/25\/35\/50\/60vgw-e1,mitsubishielectric,msz-ln18\/25\/35\/50\/60vgw-e1,1
airconditioner,mitsubishielectric:msz-ln18\/25\/35\/50vg2b-en1,mitsubishielectric,msz-ln18\/25\/35\/50vg2b-en1,1
airconditioner,mitsubishielectric:msz-ln18\/25\/35\/50vg2r-en1,mitsubishielectric,msz-ln18\/25\/35\/50vg2r-en1,1
airconditioner,mitsubishielectric:msz-ln18\/25\/35\/50vg2v-en1,mitsubishielectric,msz-ln18\/25\/35\/50vg2v-en1,1
airconditioner,mitsubishielectric:msz-ln18\/25\/35\/50vg2w-en1,mitsubishielectric,msz-ln18\/25\/35\/50vg2w-en1,1
airconditioner,mitsubishielectric:msz-ln25\/35\/50\/60vg2b-a1,mitsubishielectric,msz-ln25\/35\/50\/60vg2b-a1,1
airconditioner,mitsubishielectric:msz-ln25\/35\/50\/60vg2b-er1,mitsubishielectric,msz-ln25\/35\/50\/60vg2b-er1,1
airconditioner,mitsubishielectric:msz-ln25\/35\/50\/60vg2r-a1,mitsubishielectric,msz-ln25\/35\/50\/60vg2r-a1,1
airconditioner,mitsubishielectric:msz-ln25\/35\/50\/60vg2r-er1,mitsubishielectric,msz-ln25\/35\/50\/60vg2r-er1,1
airconditioner,mitsubishielectric:msz-ln25\/35\/50\/60vg2v-a1,mitsubishielectric,msz-ln25\/35\/50\/60vg2v-a1,1
airconditioner,mitsubishielectric:msz-ln25\/35\/50\/60vg2v-er1,mitsubishielectric,msz-ln25\/35\/50\/60vg2v-er1,1
airconditioner,mitsubishielectric:msz-ln25\/35\/50\/60vgb-a1,mitsubishielectric,msz-ln25\/35\/50\/60vgb-a1,1
airconditioner,mitsubishielectric:msz-ln25\/35\/50\/60vgb-er1,mitsubishielectric,msz-ln25\/35\/50\/60vgb-er1,1
airconditioner,mitsubishielectric:msz-ln25\/35\/50\/60vgr-a1,mitsubishielectric,msz-ln25\/35\/50\/60vgr-a1,1
airconditioner,mitsubishielectric:msz-ln25\/35\/50\/60vgr-er1,mitsubishielectric,msz-ln25\/35\/50\/60vgr-er1,1
airconditioner,mitsubishielectric:msz-ln25\/35\/50\/60vgv-a1,mitsubishielectric,msz-ln25\/35\/50\/60vgv-a1,1
airconditioner,mitsubishielectric:msz-ln25\/35\/50\/60vgv-er1,mitsubishielectric,msz-ln25\/35\/50\/60vgv-er1,1
airconditioner,mitsubishielectric:msz-ln25\/35\/50\/60vgw-er1,mitsubishielectric,msz-ln25\/35\/50\/60vgw-er1,1
airconditioner,mitsubishielectric:msz-zt09\/12\/18vak,mitsubishielectric,msz-zt09\/12\/18vak,1
airconditioner,mitsubishielectric:pac-wf010-e,mitsubishielectric,pac-wf010-e,1
airconditioner,mitsubishielectric:pac-whs01wf-e,mitsubishielectric,pac-whs01wf-e,1
airconditioner,mitsubishielectric:s-mac-702if-b,mitsubishielectric,s-mac-702if-b,1
airconditioner,mitsubishielectric:s-mac-702if-f,mitsubishielectric,s-mac-702if-f,1
airconditioner,mitsubishielectric:s-mac-702if-z,mitsubishielectric,s-mac-702if-z,1
airconditioner,mitsubishielectric:s-mac-905if,mitsubishielectric,s-mac-905if,1
airconditioner,mitsubishielectric:s-mac-906if,mitsubishielectric,s-mac-906if,1
airconditioner,novelan:heat_pumps,novelan,heat_pumps,1
airpurifier,mitsubishielectric:ma-ew85s-e,mitsubishielectric,ma-ew85s-e,2
airpurifier,mitsubishielectric:ma-ew85s-uk,mitsubishielectric,ma-ew85s-uk,2
airpurifier,mitsubishielectric:mac-507if-e,mitsubishielectric,mac-507if-e,2
airpurifier,mitsubishielectric:mac-587if-e,mitsubishielectric,mac-587if-e,2
airpurifier,mitsubishielectric:mac-587if2-e,mitsubishielectric,mac-587if2-e,2
airpurifier,mitsubishielectric:mac-588if-e,mitsubishielectric,mac-588if-e,2
airpurifier,mitsubishielectric:mfz-gxt50\/60\/73vfk,mitsubishielectric,mfz-gxt50\/60\/73vfk,2
airpurifier,mitsubishielectric:mfz-xt50\/60vfk,mitsubishielectric,mfz-xt50\/60vfk,2
airpurifier,mitsubishielectric:msxy-fp05\/07\/10\/13\/18\/20\/24vgk-sg1,mitsubishielectric,msxy-fp05\/07\/10\/13\/18\/20\/24vgk-sg1,2
airpurifier,mitsubishielectric:msy-gp10\/13\/15\/18\/20\/24vfk-sg1,mitsubishielectric,msy-gp10\/13\/15\/18\/20\/24vfk-sg1,2
airpurifier,mitsubishielectric:msz-ap15\/20\/25\/35\/42\/50\/60\/71vgk-e2,mitsubishielectric,msz-ap15\/20\/25\/35\/42\/50\/60\/71vgk-e2,2
airpurifier,mitsubishielectric:msz-ap15\/20\/25\/35\/42\/50\/60\/71vgk-er2,mitsubishielectric,msz-ap15\/20\/25\/35\/42\/50\/60\/71vgk-er2,2
airpurifier,mitsubishielectric:msz-ap15\/20\/25\/35\/42\/50\/60\/71vgk-et2,mitsubishielectric,msz-ap15\/20\/25\/35\/42\/50\/60\/71vgk-et2,2
airpurifier,mitsubishielectric:msz-ap22\/25\/35\/42\/50\/60\/71\/80vgkd-a2,mitsubishielectric,msz-ap22\/25\/35\/42\/50\/60\/71\/80vgkd-a2,2
airpurifier,mitsubishielectric:msz-ap22\/25\/35\/42\/50\/61\/70\/80vgkd-a1,mitsubishielectric,msz-ap22\/25\/35\/42\/50\/61\/70\/80vgkd-a1,2
airpurifier,mitsubishielectric:msz-ap25\/35\/42\/50\/60\/71vgk-e3,mitsubishielectric,msz-ap25\/35\/42\/50\/60\/71vgk-e3,2
airpurifier,mitsubishielectric:msz-ap25\/35\/42\/50\/60\/71vgk-er3,mitsubishielectric,msz-ap25\/35\/42\/50\/60\/71vgk-er3,2
airpurifier,mitsubishielectric:msz-ap25\/35\/42\/50\/60\/71vgk-et3,mitsubishielectric,msz-ap25\/35\/42\/50\/60\/71vgk-et3,2
airpurifier,mitsubishielectric:msz-ap25\/35\/42\/50vgk-e1,mitsubishielectric,msz-ap25\/35\/42\/50vgk-e1,2
airpurifier,mitsubishielectric:msz-ap25\/35\/42\/50vgk-e7,mitsubishielectric,msz-ap25\/35\/42\/50vgk-e7,2
airpurifier,mitsubishielectric:msz-ap25\/35\/42\/50vgk-e8,mitsubishielectric,msz-ap25\/35\/42\/50vgk-e8,2
airpurifier,mitsubishielectric:msz-ap25\/35\/42\/50vgk-en1,mitsubishielectric,msz-ap25\/35\/42\/50vgk-en1,2
airpurifier,mitsubishielectric:msz-ap25\/35\/42\/50vgk-en2,mitsubishielectric,msz-ap25\/35\/42\/50vgk-en2,2
airpurifier,mitsubishielectric:msz-ap25\/35\/42\/50vgk-en3,mitsubishielectric,msz-ap25\/35\/42\/50vgk-en3,2
airpurifier,mitsubishielectric:msz-ap25\/35\/42\/50vgk-er1,mitsubishielectric,msz-ap25\/35\/42\/50vgk-er1,2
airpurifier,mitsubishielectric:msz-ap25\/35\/42\/50vgk-et1,mitsubishielectric,msz-ap25\/35\/42\/50vgk-et1,2
airpurifier,mitsubishielectric:msz-ay25\/35\/42\/50vgk-e1,mitsubishielectric,msz-ay25\/35\/42\/50vgk-e1,2
airpurifier,mitsubishielectric:msz-ay25\/35\/42\/50vgk-e6,mitsubishielectric,msz-ay25\/35\/42\/50vgk-e6,2
airpurifier,mitsubishielectric:msz-ay25\/35\/42\/50vgk-er1,mitsubishielectric,msz-ay25\/35\/42\/50vgk-er1,2
airpurifier,mitsubishielectric:msz-ay25\/35\/42\/50vgk-et1,mitsubishielectric,msz-ay25\/35\/42\/50vgk-et1,2
airpurifier,mitsubishielectric:msz-ay25\/35\/42\/50vgk-sc1,mitsubishielectric,msz-ay25\/35\/42\/50vgk-sc1,2
airpurifier,mitsubishielectric:msz-ay25\/35\/42\/50vgkp-e6,mitsubishielectric,msz-ay25\/35\/42\/50vgkp-e6,2
airpurifier,mitsubishielectric:msz-ay25\/35\/42\/50vgkp-er1,mitsubishielectric,msz-ay25\/35\/42\/50vgkp-er1,2
airpurifier,mitsubishielectric:msz-ay25\/35\/42\/50vgkp-et1,mitsubishielectric,msz-ay25\/35\/42\/50vgkp-et1,2
airpurifier,mitsubishielectric:msz-ay25\/35\/42\/50vgkp-sc1,mitsubishielectric,msz-ay25\/35\/42\/50vgkp-sc1,2
airpurifier,mitsubishielectric:msz-bt20\/25\/35\/50vgk-e1,mitsubishielectric,msz-bt20\/25\/35\/50vgk-e1,2
airpurifier,mitsubishielectric:msz-bt20\/25\/35\/50vgk-e2,mitsubishielectric,msz-bt20\/25\/35\/50vgk-e2,2
airpurifier,mitsubishielectric:msz-bt20\/25\/35\/50vgk-e3,mitsubishielectric,msz-bt20\/25\/35\/50vgk-e3,2
airpurifier,mitsubishielectric:msz-bt20\/25\/35\/50vgk-er1,mitsubishielectric,msz-bt20\/25\/35\/50vgk-er1,2
airpurifier,mitsubishielectric:msz-bt20\/25\/35\/50vgk-er2,mitsubishielectric,msz-bt20\/25\/35\/50vgk-er2,2
airpurifier,mitsubishielectric:msz-bt20\/25\/35\/50vgk-et1,mitsubishielectric,msz-bt20\/25\/35\/50vgk-et1,2
airpurifier,mitsubishielectric:msz-bt20\/25\/35\/50vgk-et2,mitsubishielectric,msz-bt20\/25\/35\/50vgk-et2,2
airpurifier,mitsubishielectric:msz-bt20\/25\/35\/50vgk-et3,mitsubishielectric,msz-bt20\/25\/35\/50vgk-et3,2
airpurifier,mitsubishielectric:msz-ef18\/22\/25\/35\/42\/50vgkb-e1,mitsubishielectric,msz-ef18\/22\/25\/35\/42\/50vgkb-e1,2
airpurifier,mitsubishielectric:msz-ef18\/22\/25\/35\/42\/50vgkb-e2,mitsubishielectric,msz-ef18\/22\/25\/35\/42\/50vgkb-e2,2
airpurifier,mitsubishielectric:msz-ef18\/22\/25\/35\/42\/50vgks-e1,mitsubishielectric,msz-ef18\/22\/25\/35\/42\/50vgks-e1,2
airpurifier,mitsubishielectric:msz-ef18\/22\/25\/35\/42\/50vgks-e2,mitsubishielectric,msz-ef18\/22\/25\/35\/42\/50vgks-e2,2
airpurifier,mitsubishielectric:msz-ef18\/22\/25\/35\/42\/50vgkw-e1,mitsubishielectric,msz-ef18\/22\/25\/35\/42\/50vgkw-e1,2
airpurifier,mitsubishielectric:msz-ef18\/22\/25\/35\/42\/50vgkw-e2,mitsubishielectric,msz-ef18\/22\/25\/35\/42\/50vgkw-e2,2
airpurifier,mitsubishielectric:msz-ef22\/25\/35\/42\/50vgkb-a1,mitsubishielectric,msz-ef22\/25\/35\/42\/50vgkb-a1,2
airpurifier,mitsubishielectric:msz-ef22\/25\/35\/42\/50vgkb-er1,mitsubishielectric,msz-ef22\/25\/35\/42\/50vgkb-er1,2
airpurifier,mitsubishielectric:msz-ef22\/25\/35\/42\/50vgkb-er2,mitsubishielectric,msz-ef22\/25\/35\/42\/50vgkb-er2,2
airpurifier,mitsubishielectric:msz-ef22\/25\/35\/42\/50vgkb-et1,mitsubishielectric,msz-ef22\/25\/35\/42\/50vgkb-et1,2
airpurifier,mitsubishielectric:msz-ef22\/25\/35\/42\/50vgkb-et2,mitsubishielectric,msz-ef22\/25\/35\/42\/50vgkb-et2,2
airpurifier,mitsubishielectric:msz-ef22\/25\/35\/42\/50vgks-a1,mitsubishielectric,msz-ef22\/25\/35\/42\/50vgks-a1,2
airpurifier,mitsubishielectric:msz-ef22\/25\/35\/42\/50vgks-er1,mitsubishielectric,msz-ef22\/25\/35\/42\/50vgks-er1,2
airpurifier,mitsubishielectric:msz-ef22\/25\/35\/42\/50vgks-er2,mitsubishielectric,msz-ef22\/25\/35\/42\/50vgks-er2,2
airpurifier,mitsubishielectric:msz-ef22\/25\/35\/42\/50vgks-et1,mitsubishielectric,msz-ef22\/25\/35\/42\/50vgks-et1,2
airpurifier,mitsubishielectric:msz-ef22\/25\/35\/42\/50vgks-et2,mitsubishielectric,msz-ef22\/25\/35\/42\/50vgks-et2,2
airpurifier,mitsubishielectric:msz-ef22\/25\/35\/42\/50vgkw-a1,mitsubishielectric,msz-ef22\/25\/35\/42\/50vgkw-a1,2
airpurifier,mitsubishielectric:msz-ef22\/25\/35\/42\/50vgkw-er1,mitsubishielectric,msz-ef22\/25\/35\/42\/50vgkw-er1,2
airpurifier,mitsubishielectric:msz-ef22\/25\/35\/42\/50vgkw-er2,mitsubishielectric,msz-ef22\/25\/35\/42\/50vgkw-er2,2
airpurifier,mitsubishielectric:msz-ef22\/25\/35\/42\/50vgkw-et1,mitsubishielectric,msz-ef22\/25\/35\/42\/50vgkw-et1,2
airpurifier,mitsubishielectric:msz-ef22\/25\/35\/42\/50vgkw-et2,mitsubishielectric,msz-ef22\/25\/35\/42\/50vgkw-et2,2
airpurifier,mitsubishielectric:msz-exa09\/12vak,mitsubishielectric,msz-exa09\/12vak,2
airpurifier,mitsubishielectric:msz-eza09\/12vak,mitsubishielectric,msz-eza09\/12vak,2
airpurifier,mitsubishielectric:msz-ft25\/35\/50vgk-e1,mitsubishielectric,msz-ft25\/35\/50vgk-e1,2
airpurifier,mitsubishielectric:msz-ft25\/35\/50vgk-e2,mitsubishielectric,msz-ft25\/35\/50vgk-e2,2
airpurifier,mitsubishielectric:msz-ft25\/35\/50vgk-et1,mitsubishielectric,msz-ft25\/35\/50vgk-et1,2
airpurifier,mitsubishielectric:msz-ft25\/35\/50vgk-sc1,mitsubishielectric,msz-ft25\/35\/50vgk-sc1,2
airpurifier,mitsubishielectric:msz-ft25\/35\/50vgk-sc2,mitsubishielectric,msz-ft25\/35\/50vgk-sc2,2
airpurifier,mitsubishielectric:msz-gzy09\/12\/18vfk,mitsubishielectric,msz-gzy09\/12\/18vfk,2
airpurifier,mitsubishielectric:msz-hr25\/35\/42\/50\/60\/71vfk-e1,mitsubishielectric,msz-hr25\/35\/42\/50\/60\/71vfk-e1,2
airpurifier,mitsubishielectric:msz-hr25\/35\/42\/50\/60\/71vfk-er1,mitsubishielectric,msz-hr25\/35\/42\/50\/60\/71vfk-er1,2
airpurifier,mitsubishielectric:msz-hr25\/35\/42\/50\/60\/71vfk-et1,mitsubishielectric,msz-hr25\/35\/42\/50\/60\/71vfk-et1,2
airpurifier,mitsubishielectric:msz-hr25\/35\/42\/50vfk-e6,mitsubishielectric,msz-hr25\/35\/42\/50vfk-e6,2
airpurifier,mitsubishielectric:msz-ky09\/12\/18vfk,mitsubishielectric,msz-ky09\/12\/18vfk,2
airpurifier,mitsubishielectric:msz-ln18\/25\/35\/50\/60vg2b-e2,mitsubishielectric,msz-ln18\/25\/35\/50\/60vg2b-e2,2
airpurifier,mitsubishielectric:msz-ln18\/25\/35\/50\/60vg2b-e3,mitsubishielectric,msz-ln18\/25\/35\/50\/60vg2b-e3,2
airpurifier,mitsubishielectric:msz-ln18\/25\/35\/50\/60vg2r-e2,mitsubishielectric,msz-ln18\/25\/35\/50\/60vg2r-e2,2
airpurifier,mitsubishielectric:msz-ln18\/25\/35\/50\/60vg2r-e3,mitsubishielectric,msz-ln18\/25\/35\/50\/60vg2r-e3,2
airpurifier,mitsubishielectric:msz-ln18\/25\/35\/50\/60vg2v-e2,mitsubishielectric,msz-ln18\/25\/35\/50\/60vg2v-e2,2
airpurifier,mitsubishielectric:msz-ln18\/25\/35\/50\/60vg2v-e3,mitsubishielectric,msz-ln18\/25\/35\/50\/60vg2v-e3,2
airpurifier,mitsubishielectric:msz-ln18\/25\/35\/50\/60vg2w-e2,mitsubishielectric,msz-ln18\/25\/35\/50\/60vg2w-e2,2
airpurifier,mitsubishielectric:msz-ln18\/25\/35\/50\/60vg2w-e3,mitsubishielectric,msz-ln18\/25\/35\/50\/60vg2w-e3,2
airpurifier,mitsubishielectric:msz-ln18\/25\/35\/50\/60vg2w-er2,mitsubishielectric,msz-ln18\/25\/35\/50\/60vg2w-er2,2
airpurifier,mitsubishielectric:msz-ln18\/25\/35\/50\/60vg2w-et2,mitsubishielectric,msz-ln18\/25\/35\/50\/60vg2w-et2,2
airpurifier,mitsubishielectric:msz-ln18\/25\/35\/50vg2w-sc1,mitsubishielectric,msz-ln18\/25\/35\/50vg2w-sc1,2
airpurifier,mitsubishielectric:msz-ln25\/35\/50\/60vg2b-a2,mitsubishielectric,msz-ln25\/35\/50\/60vg2b-a2,2
airpurifier,mitsubishielectric:msz-ln25\/35\/50\/60vg2b-er2,mitsubishielectric,msz-ln25\/35\/50\/60vg2b-er2,2
airpurifier,mitsubishielectric:msz-ln25\/35\/50\/60vg2b-er3,mitsubishielectric,msz-ln25\/35\/50\/60vg2b-er3,2
airpurifier,mitsubishielectric:msz-ln25\/35\/50\/60vg2b-et2,mitsubishielectric,msz-ln25\/35\/50\/60vg2b-et2,2
airpurifier,mitsubishielectric:msz-ln25\/35\/50\/60vg2b-et3,mitsubishielectric,msz-ln25\/35\/50\/60vg2b-et3,2
airpurifier,mitsubishielectric:msz-ln25\/35\/50\/60vg2r-a2,mitsubishielectric,msz-ln25\/35\/50\/60vg2r-a2,2
airpurifier,mitsubishielectric:msz-ln25\/35\/50\/60vg2r-er2,mitsubishielectric,msz-ln25\/35\/50\/60vg2r-er2,2
airpurifier,mitsubishielectric:msz-ln25\/35\/50\/60vg2r-er3,mitsubishielectric,msz-ln25\/35\/50\/60vg2r-er3,2
airpurifier,mitsubishielectric:msz-ln25\/35\/50\/60vg2r-et2,mitsubishielectric,msz-ln25\/35\/50\/60vg2r-et2,2
airpurifier,mitsubishielectric:msz-ln25\/35\/50\/60vg2r-et3,mitsubishielectric,msz-ln25\/35\/50\/60vg2r-et3,2
airpurifier,mitsubishielectric:msz-ln25\/35\/50\/60vg2v-a2,mitsubishielectric,msz-ln25\/35\/50\/60vg2v-a2,2
airpurifier,mitsubishielectric:msz-ln25\/35\/50\/60vg2v-er2,mitsubishielectric,msz-ln25\/35\/50\/60vg2v-er2,2
airpurifier,mitsubishielectric:msz-ln25\/35\/50\/60vg2v-er3,mitsubishielectric,msz-ln25\/35\/50\/60vg2v-er3,2
airpurifier,mitsubishielectric:msz-ln25\/35\/50\/60vg2v-et2,mitsubishielectric,msz-ln25\/35\/50\/60vg2v-et2,2
airpurifier,mitsubishielectric:msz-ln25\/35\/50\/60vg2v-et3,mitsubishielectric,msz-ln25\/35\/50\/60vg2v-et3,2
airpurifier,mitsubishielectric:msz-ln25\/35\/50\/60vg2w-er3,mitsubishielectric,msz-ln25\/35\/50\/60vg2w-er3,2
airpurifier,mitsubishielectric:msz-ln25\/35\/50\/60vg2w-et3,mitsubishielectric,msz-ln25\/35\/50\/60vg2w-et3,2
airpurifier,mitsubishielectric:msz-ln25\/35\/50vg2b-en2,mitsubishielectric,msz-ln25\/35\/50vg2b-en2,2
airpurifier,mitsubishielectric:msz-ln25\/35\/50vg2b-sc1,mitsubishielectric,msz-ln25\/35\/50vg2b-sc1,2
airpurifier,mitsubishielectric:msz-ln25\/35\/50vg2r-en2,mitsubishielectric,msz-ln25\/35\/50vg2r-en2,2
airpurifier,mitsubishielectric:msz-ln25\/35\/50vg2r-sc1,mitsubishielectric,msz-ln25\/35\/50vg2r-sc1,2
airpurifier,mitsubishielectric:msz-ln25\/35\/50vg2v-en2,mitsubishielectric,msz-ln25\/35\/50vg2v-en2,2
airpurifier,mitsubishielectric:msz-ln25\/35\/50vg2v-sc1,mitsubishielectric,msz-ln25\/35\/50vg2v-sc1,2
airpurifier,mitsubishielectric:msz-ln25\/35\/50vg2w-en2,mitsubishielectric,msz-ln25\/35\/50vg2w-en2,2
airpurifier,mitsubishielectric:msz-rw25\/35\/50vg-e1,mitsubishielectric,msz-rw25\/35\/50vg-e1,2
airpurifier,mitsubishielectric:msz-rw25\/35\/50vg-er1,mitsubishielectric,msz-rw25\/35\/50vg-er1,2
airpurifier,mitsubishielectric:msz-rw25\/35\/50vg-et1,mitsubishielectric,msz-rw25\/35\/50vg-et1,2
airpurifier,mitsubishielectric:msz-rw25\/35\/50vg-sc1,mitsubishielectric,msz-rw25\/35\/50vg-sc1,2
airpurifier,mitsubishielectric:msz-wx18\/20\/25vfk,mitsubishielectric,msz-wx18\/20\/25vfk,2
airpurifier,mitsubishielectric:msz-zy09\/12\/18vfk,mitsubishielectric,msz-zy09\/12\/18vfk,2
airpurifier,mitsubishielectric:s-mac-002if,mitsubishielectric,s-mac-002if,2
airpurifier,mitsubishielectric:mac-557if-e,mitsubishielectric,mac-557if-e,1
airpurifier,mitsubishielectric:mac-557if-e1,mitsubishielectric,mac-557if-e1,1
airpurifier,mitsubishielectric:mac-558if-e,mitsubishielectric,mac-558if-e,1
airpurifier,mitsubishielectric:mac-558if-e1,mitsubishielectric,mac-558if-e1,1
airpurifier,mitsubishielectric:mac-559if-e,mitsubishielectric,mac-559if-e,1
airpurifier,mitsubishielectric:mac-559if-e1,mitsubishielectric,mac-559if-e1,1
airpurifier,mitsubishielectric:mac-566ifb-e,mitsubishielectric,mac-566ifb-e,1
airpurifier,mitsubishielectric:mac-567ifb-e,mitsubishielectric,mac-567ifb-e,1
airpurifier,mitsubishielectric:mac-567ifb2-e,mitsubishielectric,mac-567ifb2-e,1
airpurifier,mitsubishielectric:mac-568if-e,mitsubishielectric,mac-568if-e,1
airpurifier,mitsubishielectric:mac-568ifb-e,mitsubishielectric,mac-568ifb-e,1
airpurifier,mitsubishielectric:mac-568ifb2-e,mitsubishielectric,mac-568ifb2-e,1
airpurifier,mitsubishielectric:mac-568ifb3-e,mitsubishielectric,mac-568ifb3-e,1
airpurifier,mitsubishielectric:mac-576if-e1,mitsubishielectric,mac-576if-e1,1
airpurifier,mitsubishielectric:msz-ap25\/35\/42\/50vgk-e6,mitsubishielectric,msz-ap25\/35\/42\/50vgk-e6,1
airpurifier,mitsubishielectric:msz-ap60\/71vgk-e1,mitsubishielectric,msz-ap60\/71vgk-e1,1
airpurifier,mitsubishielectric:msz-ap60\/71vgk-er1,mitsubishielectric,msz-ap60\/71vgk-er1,1
airpurifier,mitsubishielectric:msz-ap60\/71vgk-et1,mitsubishielectric,msz-ap60\/71vgk-et1,1
airpurifier,mitsubishielectric:msz-ft20\/25vfk,mitsubishielectric,msz-ft20\/25vfk,1
airpurifier,mitsubishielectric:msz-fx20\/25vfk,mitsubishielectric,msz-fx20\/25vfk,1
airpurifier,mitsubishielectric:msz-gzt09\/12\/18vak,mitsubishielectric,msz-gzt09\/12\/18vak,1
airpurifier,mitsubishielectric:msz-ln18\/25\/35\/50\/60vg2b-e1,mitsubishielectric,msz-ln18\/25\/35\/50\/60vg2b-e1,1
airpurifier,mitsubishielectric:msz-ln18\/25\/35\/50\/60vg2b-et1,mitsubishielectric,msz-ln18\/25\/35\/50\/60vg2b-et1,1
airpurifier,mitsubishielectric:msz-ln18\/25\/35\/50\/60vg2r-e1,mitsubishielectric,msz-ln18\/25\/35\/50\/60vg2r-e1,1
airpurifier,mitsubishielectric:msz-ln18\/25\/35\/50\/60vg2r-et1,mitsubishielectric,msz-ln18\/25\/35\/50\/60vg2r-et1,1
airpurifier,mitsubishielectric:msz-ln18\/25\/35\/50\/60vg2v-e1,mitsubishielectric,msz-ln18\/25\/35\/50\/60vg2v-e1,1
airpurifier,mitsubishielectric:msz-ln18\/25\/35\/50\/60vg2v-et1,mitsubishielectric,msz-ln18\/25\/35\/50\/60vg2v-et1,1
airpurifier,mitsubishielectric:msz-ln18\/25\/35\/50\/60vg2w-e1,mitsubishielectric,msz-ln18\/25\/35\/50\/60vg2w-e1,1
airpurifier,mitsubishielectric:msz-ln18\/25\/35\/50\/60vg2w-er1,mitsubishielectric,msz-ln18\/25\/35\/50\/60vg2w-er1,1
airpurifier,mitsubishielectric:msz-ln18\/25\/35\/50\/60vg2w-et1,mitsubishielectric,msz-ln18\/25\/35\/50\/60vg2w-et1,1
airpurifier,mitsubishielectric:msz-ln18\/25\/35\/50\/60vgb-e1,mitsubishielectric,msz-ln18\/25\/35\/50\/60vgb-e1,1
airpurifier,mitsubishielectric:msz-ln18\/25\/35\/50\/60vgr-e1,mitsubishielectric,msz-ln18\/25\/35\/50\/60vgr-e1,1
airpurifier,mitsubishielectric:msz-ln18\/25\/35\/50\/60vgv-e1,mitsubishielectric,msz-ln18\/25\/35\/50\/60vgv-e1,1
airpurifier,mitsubishielectric:msz-ln18\/25\/35\/50\/60vgw-e1,mitsubishielectric,msz-ln18\/25\/35\/50\/60vgw-e1,1
airpurifier,mitsubishielectric:msz-ln18\/25\/35\/50vg2b-en1,mitsubishielectric,msz-ln18\/25\/35\/50vg2b-en1,1
airpurifier,mitsubishielectric:msz-ln18\/25\/35\/50vg2r-en1,mitsubishielectric,msz-ln18\/25\/35\/50vg2r-en1,1
airpurifier,mitsubishielectric:msz-ln18\/25\/35\/50vg2v-en1,mitsubishielectric,msz-ln18\/25\/35\/50vg2v-en1,1
airpurifier,mitsubishielectric:msz-ln18\/25\/35\/50vg2w-en1,mitsubishielectric,msz-ln18\/25\/35\/50vg2w-en1,1
airpurifier,mitsubishielectric:msz-ln25\/35\/50\/60vg2b-a1,mitsubishielectric,msz-ln25\/35\/50\/60vg2b-a1,1
airpurifier,mitsubishielectric:msz-ln25\/35\/50\/60vg2b-er1,mitsubishielectric,msz-ln25\/35\/50\/60vg2b-er1,1
airpurifier,mitsubishielectric:msz-ln25\/35\/50\/60vg2r-a1,mitsubishielectric,msz-ln25\/35\/50\/60vg2r-a1,1
airpurifier,mitsubishielectric:msz-ln25\/35\/50\/60vg2r-er1,mitsubishielectric,msz-ln25\/35\/50\/60vg2r-er1,1
airpurifier,mitsubishielectric:msz-ln25\/35\/50\/60vg2v-a1,mitsubishielectric,msz-ln25\/35\/50\/60vg2v-a1,1
airpurifier,mitsubishielectric:msz-ln25\/35\/50\/60vg2v-er1,mitsubishielectric,msz-ln25\/35\/50\/60vg2v-er1,1
airpurifier,mitsubishielectric:msz-ln25\/35\/50\/60vgb-a1,mitsubishielectric,msz-ln25\/35\/50\/60vgb-a1,1
airpurifier,mitsubishielectric:msz-ln25\/35\/50\/60vgb-er1,mitsubishielectric,msz-ln25\/35\/50\/60vgb-er1,1
airpurifier,mitsubishielectric:msz-ln25\/35\/50\/60vgr-a1,mitsubishielectric,msz-ln25\/35\/50\/60vgr-a1,1
airpurifier,mitsubishielectric:msz-ln25\/35\/50\/60vgr-er1,mitsubishielectric,msz-ln25\/35\/50\/60vgr-er1,1
airpurifier,mitsubishielectric:msz-ln25\/35\/50\/60vgv-a1,mitsubishielectric,msz-ln25\/35\/50\/60vgv-a1,1
airpurifier,mitsubishielectric:msz-ln25\/35\/50\/60vgv-er1,mitsubishielectric,msz-ln25\/35\/50\/60vgv-er1,1
airpurifier,mitsubishielectric:msz-ln25\/35\/50\/60vgw-er1,mitsubishielectric,msz-ln25\/35\/50\/60vgw-er1,1
airpurifier,mitsubishielectric:msz-zt09\/12\/18vak,mitsubishielectric,msz-zt09\/12\/18vak,1
airpurifier,mitsubishielectric:pac-wf010-e,mitsubishielectric,pac-wf010-e,1
airpurifier,mitsubishielectric:pac-whs01wf-e,mitsubishielectric,pac-whs01wf-e,1
airpurifier,mitsubishielectric:s-mac-702if-b,mitsubishielectric,s-mac-702if-b,1
airpurifier,mitsubishielectric:s-mac-702if-f,mitsubishielectric,s-mac-702if-f,1
airpurifier,mitsubishielectric:s-mac-702if-z,mitsubishielectric,s-mac-702if-z,1
airpurifier,mitsubishielectric:s-mac-905if,mitsubishielectric,s-mac-905if,1
airpurifier,mitsubishielectric:s-mac-906if,mitsubishielectric,s-mac-906if,1
alarms,goabode:iota_all-in-one_security_kit,goabode,iota_all-in-one_security_kit,39
alarms,abus:secvest_wireless_alarm_system_fuaa50000,abus,secvest_wireless_alarm_system_fuaa50000,6
alarms,getnexx:nxal-100,getnexx,nxal-100,5
alarms,getnexx:nxg-100b,getnexx,nxg-100b,5
alarms,getnexx:nxg-200,getnexx,nxg-200,5
alarms,getnexx:nxpg-100w,getnexx,nxpg-100w,5
alarms,kseniasecurity:lares,kseniasecurity,lares,4
alarms,abus:secvest_wireless_remote_control_fube50014,abus,secvest_wireless_remote_control_fube50014,3
alarms,abus:secvest_wireless_remote_control_fube50015,abus,secvest_wireless_remote_control_fube50015,3
alarms,chuango:g5w_3g,chuango,g5w_3g,2
alarms,securitashome:securitashome_alarm_system,securitashome,securitashome_alarm_system,2
alarms,simplisafe:ss3,simplisafe,ss3,2
alarms,simplisafe:u9k-bs1000,simplisafe,u9k-bs1000,2
alarms,abus:secvest_hybrid_fumo50110,abus,secvest_hybrid_fumo50110,1
alarms,abus:secvest_wireless_control_fube50001,abus,secvest_wireless_control_fube50001,1
alarms,agshome_smart_alarm_project:agshome_smart_alarm,agshome_smart_alarm_project,agshome_smart_alarm,1
alarms,blitzwolf:bw-is22,blitzwolf,bw-is22,1
alarms,chuango:a11,chuango,a11,1
alarms,chuango:a11_pstn\/lcd\/rfid_touch_alarm_system,chuango,a11_pstn\/lcd\/rfid_touch_alarm_system,1
alarms,chuango:a8,chuango,a8,1
alarms,chuango:a8_pstn_alarm_system,chuango,a8_pstn_alarm_system,1
alarms,chuango:awv_plus,chuango,awv_plus,1
alarms,chuango:awv_plus_wifi_alarm_system,chuango,awv_plus_wifi_alarm_system,1
alarms,chuango:b11,chuango,b11,1
alarms,chuango:b11_dual-network_alarm_system,chuango,b11_dual-network_alarm_system,1
alarms,chuango:cg-105s,chuango,cg-105s,1
alarms,chuango:cg-105s_on-site_alarm_system,chuango,cg-105s_on-site_alarm_system,1
alarms,chuango:g3,chuango,g3,1
alarms,chuango:g3_gsm\/sms_alarm_system,chuango,g3_gsm\/sms_alarm_system,1
alarms,chuango:g5_plus,chuango,g5_plus,1
alarms,chuango:g5_plus_gsm\/sms\/rfid_touch_alarm_system,chuango,g5_plus_gsm\/sms\/rfid_touch_alarm_system,1
alarms,chuango:g5w,chuango,g5w,1
alarms,chuango:h4_plus,chuango,h4_plus,1
alarms,chuango:wifi\/cellular_smart_home_system_h4_plus,chuango,wifi\/cellular_smart_home_system_h4_plus,1
alarms,chuango:wifi_alarm_system,chuango,wifi_alarm_system,1
alarms,comcast:xfinity_home_security_system,comcast,xfinity_home_security_system,1
alarms,d3dsecurity:xz-g12,d3dsecurity,xz-g12,1
alarms,d3dsecurity:zx-g12,d3dsecurity,zx-g12,1
alarms,eminent:em8617_ov2_wifi_alarm_system,eminent,em8617_ov2_wifi_alarm_system,1
alarms,johnsoncontrols:qolsys_iq4_hub,johnsoncontrols,qolsys_iq4_hub,1
alarms,johnsoncontrols:qolsys_iq_panel_4,johnsoncontrols,qolsys_iq_panel_4,1
alarms,keruistore:kerui_w18,keruistore,kerui_w18,1
alarms,mydigoo:dg-hamb,mydigoo,dg-hamb,1
alarms,mydigoo:dg-hamb_smart_home_security_system,mydigoo,dg-hamb_smart_home_security_system,1
alarms,paradox:ipr512,paradox,ipr512,1
alarms,simplisafe:simplisafe_ss3,simplisafe,simplisafe_ss3,1
alarms,simplisafe:u9k-es1000,simplisafe,u9k-es1000,1
alarms,simplisafe:u9k-kp1000,simplisafe,u9k-kp1000,1
alarms,simplisafe:u9k-kr1,simplisafe,u9k-kr1,1
alarms,simplisafe:u9k-ms1000,simplisafe,u9k-ms1000,1
alarms,simplisafe:u9k-wt1000,simplisafe,u9k-wt1000,1
alarms,tiiwee:twx1hakv2,tiiwee,twx1hakv2,1
alarms,vivint:sky_control_panel,vivint,sky_control_panel,1
appliances,cosori:cs158-af,cosori,cs158-af,2
appliances,smarter:smarter_coffee_maker_1st_generation,smarter,smarter_coffee_maker_1st_generation,1
babymonitor,dlink:dcs-825l,dlink,dcs-825l,4
babymonitor,d-link:dcs-825l,d-link,dcs-825l,2
babymonitor,dlink:dcs-700l,dlink,dcs-700l,2
babymonitor,dlink:eyeon_baby_monitor,dlink,eyeon_baby_monitor,2
babymonitor,summerinfant:baby_zoom_wifi_monitor,summerinfant,baby_zoom_wifi_monitor,2
babymonitor,biltema:baby_camera,biltema,baby_camera,1
babymonitor,biltema:ip_camera,biltema,ip_camera,1
babymonitor,ibaby:m3s_baby_monitor,ibaby,m3s_baby_monitor,1
babymonitor,ibaby:m6_baby_monitor,ibaby,m6_baby_monitor,1
babymonitor,mimobaby:mimo_baby_2,mimobaby,mimo_baby_2,1
babymonitor,trendnet:tv-ip743sic,trendnet,tv-ip743sic,1
cameras,reolink:rlc-410w,reolink,rlc-410w,88
cameras,foscam:c2,foscam,c2,24
cameras,foscam:c2_application,foscam,c2_application,20
cameras,foscam:c2_system,foscam,c2_system,20
cameras,opticam:i5,opticam,i5,20
cameras,opticam:i5_application,opticam,i5_application,20
cameras,opticam:i5_system,opticam,i5_system,20
cameras,foscam:c1,foscam,c1,19
cameras,dlink:dcs-1130,dlink,dcs-1130,18
cameras,foscam:c1_indoor_hd_camera,foscam,c1_indoor_hd_camera,16
cameras,dlink:dcs-932l,dlink,dcs-932l,14
cameras,dlink:dcs-1100,dlink,dcs-1100,12
cameras,yitechnology:yi_home_camera,yitechnology,yi_home_camera,12
cameras,sv3c:h.264_poe_ip_camera,sv3c,h.264_poe_ip_camera,10
cameras,sv3c:sv-b01poe-1080p-l,sv3c,sv-b01poe-1080p-l,10
cameras,sv3c:sv-b11vpoe-1080p-l,sv3c,sv-b11vpoe-1080p-l,10
cameras,sv3c:sv-d02poe-1080p-l,sv3c,sv-d02poe-1080p-l,10
cameras,tp-link:tapo_c200,tp-link,tapo_c200,10
cameras,tp-link:tapo_c520ws,tp-link,tapo_c520ws,10
cameras,axis:2100_network_camera,axis,2100_network_camera,9
cameras,synology:bc500,synology,bc500,9
cameras,synology:tc500,synology,tc500,9
cameras,wyze:cam_v3,wyze,cam_v3,9
cameras,aqara:camera_hub_g3,aqara,camera_hub_g3,8
cameras,dahuasecurity:nvr4416-16p-4ks2\/i,dahuasecurity,nvr4416-16p-4ks2\/i,8
cameras,dahuasecurity:nvr4416-4ks2\/i,dahuasecurity,nvr4416-4ks2\/i,8
cameras,dahuasecurity:nvr4432-16p-4ks2\/i,dahuasecurity,nvr4432-16p-4ks2\/i,8
cameras,dahuasecurity:nvr4432-4ks2\/i,dahuasecurity,nvr4432-4ks2\/i,8
cameras,dahuasecurity:nvr4816-16p-4ks2\/i,dahuasecurity,nvr4816-16p-4ks2\/i,8
cameras,dahuasecurity:nvr4816-4ks2\/i,dahuasecurity,nvr4816-4ks2\/i,8
cameras,dahuasecurity:nvr4832-16p-4ks2\/i,dahuasecurity,nvr4832-16p-4ks2\/i,8
cameras,dahuasecurity:nvr4832-4ks2\/i,dahuasecurity,nvr4832-4ks2\/i,8
cameras,dlink:dcs-2121,dlink,dcs-2121,8
cameras,aqara:hub_m2,aqara,hub_m2,7
cameras,aqara:hub_m3,aqara,hub_m3,7
cameras,dahuasecurity:nvr4104-4ks2\/l,dahuasecurity,nvr4104-4ks2\/l,7
cameras,dahuasecurity:nvr4104-4ks3,dahuasecurity,nvr4104-4ks3,7
cameras,dahuasecurity:nvr4104-p-4ks2\/l,dahuasecurity,nvr4104-p-4ks2\/l,7
cameras,dahuasecurity:nvr4104-p-4ks3,dahuasecurity,nvr4104-p-4ks3,7
cameras,dahuasecurity:nvr4104-p-4ks3\(960g\),dahuasecurity,nvr4104-p-4ks3\(960g\),7
cameras,dahuasecurity:nvr4104hs-4ks2\/l,dahuasecurity,nvr4104hs-4ks2\/l,7
cameras,dahuasecurity:nvr4104hs-4ks3,dahuasecurity,nvr4104hs-4ks3,7
cameras,dahuasecurity:nvr4104hs-4ks3\(960g\),dahuasecurity,nvr4104hs-4ks3\(960g\),7
cameras,dahuasecurity:nvr4104hs-p-4ks2\/l,dahuasecurity,nvr4104hs-p-4ks2\/l,7
cameras,dahuasecurity:nvr4104hs-p-4ks3,dahuasecurity,nvr4104hs-p-4ks3,7
cameras,dahuasecurity:nvr4104hs-p-4ks3\(960g\),dahuasecurity,nvr4104hs-p-4ks3\(960g\),7
cameras,dahuasecurity:nvr4108-4ks2\/l,dahuasecurity,nvr4108-4ks2\/l,7
cameras,dahuasecurity:nvr4108-4ks3,dahuasecurity,nvr4108-4ks3,7
cameras,dahuasecurity:nvr4108-8p-4ks2\/l,dahuasecurity,nvr4108-8p-4ks2\/l,7
cameras,dahuasecurity:nvr4108-8p-4ks3,dahuasecurity,nvr4108-8p-4ks3,7
cameras,dahuasecurity:nvr4108-p-4ks2\/l,dahuasecurity,nvr4108-p-4ks2\/l,7
cameras,dahuasecurity:nvr4108-p-4ks3,dahuasecurity,nvr4108-p-4ks3,7
cameras,dahuasecurity:nvr4108hs-4ks2\/l,dahuasecurity,nvr4108hs-4ks2\/l,7
cameras,dahuasecurity:nvr4108hs-4ks3,dahuasecurity,nvr4108hs-4ks3,7
cameras,dahuasecurity:nvr4108hs-4ks3\(960g\),dahuasecurity,nvr4108hs-4ks3\(960g\),7
cameras,dahuasecurity:nvr4108hs-8p-4ks2\/l,dahuasecurity,nvr4108hs-8p-4ks2\/l,7
cameras,dahuasecurity:nvr4108hs-8p-4ks3,dahuasecurity,nvr4108hs-8p-4ks3,7
cameras,dahuasecurity:nvr4108hs-p-4ks2\/l,dahuasecurity,nvr4108hs-p-4ks2\/l,7
cameras,dahuasecurity:nvr4108hs-p-4ks3,dahuasecurity,nvr4108hs-p-4ks3,7
cameras,dahuasecurity:nvr4116-4ks2\/l,dahuasecurity,nvr4116-4ks2\/l,7
cameras,dahuasecurity:nvr4116-4ks3,dahuasecurity,nvr4116-4ks3,7
cameras,dahuasecurity:nvr4116-8p-4ks2\/l,dahuasecurity,nvr4116-8p-4ks2\/l,7
cameras,dahuasecurity:nvr4116-8p-4ks3,dahuasecurity,nvr4116-8p-4ks3,7
cameras,dahuasecurity:nvr4116hs-4ks2\/l,dahuasecurity,nvr4116hs-4ks2\/l,7
cameras,dahuasecurity:nvr4116hs-4ks3,dahuasecurity,nvr4116hs-4ks3,7
cameras,dahuasecurity:nvr4116hs-8p-4ks2\/l,dahuasecurity,nvr4116hs-8p-4ks2\/l,7
cameras,dahuasecurity:nvr4116hs-8p-4ks3,dahuasecurity,nvr4116hs-8p-4ks3,7
cameras,dahuasecurity:nvr4204-4ks2\/l,dahuasecurity,nvr4204-4ks2\/l,7
cameras,dahuasecurity:nvr4204-4ks3,dahuasecurity,nvr4204-4ks3,7
cameras,dahuasecurity:nvr4204-p-4ks2\/l,dahuasecurity,nvr4204-p-4ks2\/l,7
cameras,dahuasecurity:nvr4204-p-4ks3,dahuasecurity,nvr4204-p-4ks3,7
cameras,dahuasecurity:nvr4208-4ks2\/l,dahuasecurity,nvr4208-4ks2\/l,7
cameras,dahuasecurity:nvr4208-4ks3,dahuasecurity,nvr4208-4ks3,7
cameras,dahuasecurity:nvr4208-8p-4ks2\/l,dahuasecurity,nvr4208-8p-4ks2\/l,7
cameras,dahuasecurity:nvr4208-8p-4ks3,dahuasecurity,nvr4208-8p-4ks3,7
cameras,dahuasecurity:nvr4216-16p-4ks2\/l,dahuasecurity,nvr4216-16p-4ks2\/l,7
cameras,dahuasecurity:nvr4216-16p-4ks3,dahuasecurity,nvr4216-16p-4ks3,7
cameras,dahuasecurity:nvr4216-4ks2\/l,dahuasecurity,nvr4216-4ks2\/l,7
cameras,dahuasecurity:nvr4216-4ks3,dahuasecurity,nvr4216-4ks3,7
cameras,dahuasecurity:nvr4232-16p-4ks2\/l,dahuasecurity,nvr4232-16p-4ks2\/l,7
cameras,dahuasecurity:nvr4232-16p-4ks3,dahuasecurity,nvr4232-16p-4ks3,7
cameras,dahuasecurity:nvr4232-4ks2\/l,dahuasecurity,nvr4232-4ks2\/l,7
cameras,dahuasecurity:nvr4232-4ks3,dahuasecurity,nvr4232-4ks3,7
cameras,tenda:cp3,tenda,cp3,7
cameras,amcrest:ipm-721s,amcrest,ipm-721s,6
cameras,anker:eufy_homebase_2,anker,eufy_homebase_2,6
cameras,apollotechnologiesinc:momentum_axel_720p,apollotechnologiesinc,momentum_axel_720p,6
cameras,dahuasecurity:sd50,dahuasecurity,sd50,6
cameras,dahuasecurity:sd52c,dahuasecurity,sd52c,6
cameras,dahuasecurity:sd6al,dahuasecurity,sd6al,6
cameras,dlink:dcs-2102,dlink,dcs-2102,6
cameras,dlink:dcs-8300lhv2,dlink,dcs-8300lhv2,6
cameras,dlink:dcs-931l,dlink,dcs-931l,6
cameras,google:nest_cam_iq_indoor,google,nest_cam_iq_indoor,6
cameras,iodata:ts-wrla,iodata,ts-wrla,6
cameras,iodata:ts-wrlp,iodata,ts-wrlp,6
cameras,tp-link:nc250,tp-link,nc250,6
cameras,tp-link:nc260,tp-link,nc260,6
cameras,tp-link:nc450,tp-link,nc450,6
cameras,tp-link:tl-sc3130,tp-link,tl-sc3130,6
cameras,vivotek:fd8136,vivotek,fd8136,6
cameras,abus:tvip_10000,abus,tvip_10000,5
cameras,abus:tvip_10001,abus,tvip_10001,5
cameras,abus:tvip_10005,abus,tvip_10005,5
cameras,abus:tvip_10005a,abus,tvip_10005a,5
cameras,abus:tvip_10005b,abus,tvip_10005b,5
cameras,abus:tvip_10050,abus,tvip_10050,5
cameras,abus:tvip_10051,abus,tvip_10051,5
cameras,abus:tvip_10055a,abus,tvip_10055a,5
cameras,abus:tvip_10055b,abus,tvip_10055b,5
cameras,abus:tvip_10500,abus,tvip_10500,5
cameras,abus:tvip_10550,abus,tvip_10550,5
cameras,abus:tvip_11000,abus,tvip_11000,5
cameras,abus:tvip_11050,abus,tvip_11050,5
cameras,abus:tvip_11500,abus,tvip_11500,5
cameras,abus:tvip_11501,abus,tvip_11501,5
cameras,abus:tvip_11502,abus,tvip_11502,5
cameras,abus:tvip_11550,abus,tvip_11550,5
cameras,abus:tvip_11551,abus,tvip_11551,5
cameras,abus:tvip_11552,abus,tvip_11552,5
cameras,abus:tvip_20000,abus,tvip_20000,5
cameras,abus:tvip_20050,abus,tvip_20050,5
cameras,abus:tvip_20500,abus,tvip_20500,5
cameras,abus:tvip_20550,abus,tvip_20550,5
cameras,abus:tvip_21000,abus,tvip_21000,5
cameras,abus:tvip_21050,abus,tvip_21050,5
cameras,abus:tvip_21500,abus,tvip_21500,5
cameras,abus:tvip_21501,abus,tvip_21501,5
cameras,abus:tvip_21502,abus,tvip_21502,5
cameras,abus:tvip_21550,abus,tvip_21550,5
cameras,abus:tvip_21551,abus,tvip_21551,5
cameras,abus:tvip_21552,abus,tvip_21552,5
cameras,abus:tvip_22500,abus,tvip_22500,5
cameras,abus:tvip_31000,abus,tvip_31000,5
cameras,abus:tvip_31001,abus,tvip_31001,5
cameras,abus:tvip_31050,abus,tvip_31050,5
cameras,abus:tvip_31500,abus,tvip_31500,5
cameras,abus:tvip_31501,abus,tvip_31501,5
cameras,abus:tvip_31550,abus,tvip_31550,5
cameras,abus:tvip_31551,abus,tvip_31551,5
cameras,abus:tvip_32500,abus,tvip_32500,5
cameras,abus:tvip_51500,abus,tvip_51500,5
cameras,abus:tvip_51550,abus,tvip_51550,5
cameras,abus:tvip_71500,abus,tvip_71500,5
cameras,abus:tvip_71501,abus,tvip_71501,5
cameras,abus:tvip_71550,abus,tvip_71550,5
cameras,abus:tvip_71551,abus,tvip_71551,5
cameras,abus:tvip_72500,abus,tvip_72500,5
cameras,avtech:dgm1104,avtech,dgm1104,5
cameras,axis:2110_network_camera,axis,2110_network_camera,5
cameras,axis:2120_network_camera,axis,2120_network_camera,5
cameras,dahuasecurity:dvr0404hd-a,dahuasecurity,dvr0404hd-a,5
cameras,dahuasecurity:dvr0404hd-l,dahuasecurity,dvr0404hd-l,5
cameras,dahuasecurity:dvr0404hd-s,dahuasecurity,dvr0404hd-s,5
cameras,dahuasecurity:dvr0404hd-u,dahuasecurity,dvr0404hd-u,5
cameras,dahuasecurity:dvr0404hf-a-e,dahuasecurity,dvr0404hf-a-e,5
cameras,dahuasecurity:dvr0404hf-al-e,dahuasecurity,dvr0404hf-al-e,5
cameras,dahuasecurity:dvr0404hf-s-e,dahuasecurity,dvr0404hf-s-e,5
cameras,dahuasecurity:dvr0404hf-u-e,dahuasecurity,dvr0404hf-u-e,5
cameras,dahuasecurity:dvr0804,dahuasecurity,dvr0804,5
cameras,dahuasecurity:dvr0804hd-l,dahuasecurity,dvr0804hd-l,5
cameras,dahuasecurity:dvr0804hd-s,dahuasecurity,dvr0804hd-s,5
cameras,dahuasecurity:dvr0804hf-a-e,dahuasecurity,dvr0804hf-a-e,5
cameras,dahuasecurity:dvr0804hf-al-e,dahuasecurity,dvr0804hf-al-e,5
cameras,dahuasecurity:dvr0804hf-l-e,dahuasecurity,dvr0804hf-l-e,5
cameras,dahuasecurity:dvr0804hf-s-e,dahuasecurity,dvr0804hf-s-e,5
cameras,dahuasecurity:dvr0804hf-u-e,dahuasecurity,dvr0804hf-u-e,5
cameras,dahuasecurity:dvr1604hd-l,dahuasecurity,dvr1604hd-l,5
cameras,dahuasecurity:dvr1604hd-s,dahuasecurity,dvr1604hd-s,5
cameras,dahuasecurity:dvr1604hf-a-e,dahuasecurity,dvr1604hf-a-e,5
cameras,dahuasecurity:dvr1604hf-al-e,dahuasecurity,dvr1604hf-al-e,5
cameras,dahuasecurity:dvr1604hf-l-e,dahuasecurity,dvr1604hf-l-e,5
cameras,dahuasecurity:dvr1604hf-s-e,dahuasecurity,dvr1604hf-s-e,5
cameras,dahuasecurity:dvr1604hf-u-e,dahuasecurity,dvr1604hf-u-e,5
cameras,dahuasecurity:dvr2104c,dahuasecurity,dvr2104c,5
cameras,dahuasecurity:dvr2104h,dahuasecurity,dvr2104h,5
cameras,dahuasecurity:dvr2104hc,dahuasecurity,dvr2104hc,5
cameras,dahuasecurity:dvr2104he,dahuasecurity,dvr2104he,5
cameras,dahuasecurity:dvr2108c,dahuasecurity,dvr2108c,5
cameras,dahuasecurity:dvr2108h,dahuasecurity,dvr2108h,5
cameras,dahuasecurity:dvr2108hc,dahuasecurity,dvr2108hc,5
cameras,dahuasecurity:dvr2108he,dahuasecurity,dvr2108he,5
cameras,dahuasecurity:dvr2116c,dahuasecurity,dvr2116c,5
cameras,dahuasecurity:dvr2116h,dahuasecurity,dvr2116h,5
cameras,dahuasecurity:dvr2116hc,dahuasecurity,dvr2116hc,5
cameras,dahuasecurity:dvr2116he,dahuasecurity,dvr2116he,5
cameras,dahuasecurity:dvr2404hf-s,dahuasecurity,dvr2404hf-s,5
cameras,dahuasecurity:dvr2404lf-al,dahuasecurity,dvr2404lf-al,5
cameras,dahuasecurity:dvr2404lf-s,dahuasecurity,dvr2404lf-s,5
cameras,dahuasecurity:dvr3204hf-s,dahuasecurity,dvr3204hf-s,5
cameras,dahuasecurity:dvr3204lf-al,dahuasecurity,dvr3204lf-al,5
cameras,dahuasecurity:dvr3204lf-s,dahuasecurity,dvr3204lf-s,5
cameras,dahuasecurity:dvr3224l,dahuasecurity,dvr3224l,5
cameras,dahuasecurity:dvr3232l,dahuasecurity,dvr3232l,5
cameras,dahuasecurity:dvr5104c,dahuasecurity,dvr5104c,5
cameras,dahuasecurity:dvr5104h,dahuasecurity,dvr5104h,5
cameras,dahuasecurity:dvr5104he,dahuasecurity,dvr5104he,5
cameras,dahuasecurity:dvr5108c,dahuasecurity,dvr5108c,5
cameras,dahuasecurity:dvr5108h,dahuasecurity,dvr5108h,5
cameras,dahuasecurity:dvr5108he,dahuasecurity,dvr5108he,5
cameras,dahuasecurity:dvr5116c,dahuasecurity,dvr5116c,5
cameras,dahuasecurity:dvr5116h,dahuasecurity,dvr5116h,5
cameras,dahuasecurity:dvr5116he,dahuasecurity,dvr5116he,5
cameras,dahuasecurity:dvr5204a,dahuasecurity,dvr5204a,5
cameras,dahuasecurity:dvr5204l,dahuasecurity,dvr5204l,5
cameras,dahuasecurity:dvr5208a,dahuasecurity,dvr5208a,5
cameras,dahuasecurity:dvr5208l,dahuasecurity,dvr5208l,5
cameras,dahuasecurity:dvr5216a,dahuasecurity,dvr5216a,5
cameras,dahuasecurity:dvr5216l,dahuasecurity,dvr5216l,5
cameras,dahuasecurity:dvr5404,dahuasecurity,dvr5404,5
cameras,dahuasecurity:dvr5408,dahuasecurity,dvr5408,5
cameras,dahuasecurity:dvr5416,dahuasecurity,dvr5416,5
cameras,dahuasecurity:dvr5804,dahuasecurity,dvr5804,5
cameras,dahuasecurity:dvr5808,dahuasecurity,dvr5808,5
cameras,dahuasecurity:dvr5816,dahuasecurity,dvr5816,5
cameras,dahuasecurity:dvr6404lf-s,dahuasecurity,dvr6404lf-s,5
cameras,dahuasecurity:ipc-hdbw4x2x,dahuasecurity,ipc-hdbw4x2x,5
cameras,dahuasecurity:ipc-hdw1x2x,dahuasecurity,ipc-hdw1x2x,5
cameras,dahuasecurity:ipc-hdw2x2x,dahuasecurity,ipc-hdw2x2x,5
cameras,dahuasecurity:ipc-hdw4x2x,dahuasecurity,ipc-hdw4x2x,5
cameras,dahuasecurity:ipc-hdw5x2x,dahuasecurity,ipc-hdw5x2x,5
cameras,dahuasecurity:ipc-hfw1x2x,dahuasecurity,ipc-hfw1x2x,5
cameras,dahuasecurity:ipc-hfw2x2x,dahuasecurity,ipc-hfw2x2x,5
cameras,dahuasecurity:ipc-hfw4x2x,dahuasecurity,ipc-hfw4x2x,5
cameras,dahuasecurity:ipc-hfw5x2x,dahuasecurity,ipc-hfw5x2x,5
cameras,dahuasecurity:ipc-hx2xxx,dahuasecurity,ipc-hx2xxx,5
cameras,dlink:dcs-5020l,dlink,dcs-5020l,5
cameras,dlink:dcs-825l,dlink,dcs-825l,5
cameras,dlink:dcs-930l,dlink,dcs-930l,5
cameras,insma:wifi_mini_spy_1080p_hd_security_ip_camera,insma,wifi_mini_spy_1080p_hd_security_ip_camera,5
cameras,sannce:smart_hd_wifi_security_camera_ean_2_950004_595317,sannce,smart_hd_wifi_security_camera_ean_2_950004_595317,5
cameras,tp-link:lm,tp-link,lm,5
cameras,tp-link:nc200,tp-link,nc200,5
cameras,tp-link:nc210,tp-link,nc210,5
cameras,tp-link:nc220,tp-link,nc220,5
cameras,tp-link:nc230,tp-link,nc230,5
cameras,tp-link:tl-sc3130g,tp-link,tl-sc3130g,5
cameras,tp-link:tl-sc3171,tp-link,tl-sc3171,5
cameras,tp-link:tl-sc3171g,tp-link,tl-sc3171g,5
cameras,wificam:wireless_ip_camera_\(p2p\),wificam,wireless_ip_camera_\(p2p\),5
cameras,axis:2130_ptz_network_camera,axis,2130_ptz_network_camera,4
cameras,axis:2400_video_server,axis,2400_video_server,4
cameras,axis:2401_video_server,axis,2401_video_server,4
cameras,axis:2420_network_camera,axis,2420_network_camera,4
cameras,axis:2460_network_dvr,axis,2460_network_dvr,4
cameras,axis:250s_video_server,axis,250s_video_server,4
cameras,castel:nextgen_dvr,castel,nextgen_dvr,4
cameras,dahuasecurity:ipc-hx5842h,dahuasecurity,ipc-hx5842h,4
cameras,dahuasecurity:ipc-hx7842h,dahuasecurity,ipc-hx7842h,4
cameras,dahuasecurity:ipc-hxxx5x4x,dahuasecurity,ipc-hxxx5x4x,4
cameras,dahuasecurity:n42b1p,dahuasecurity,n42b1p,4
cameras,dahuasecurity:n42b2p,dahuasecurity,n42b2p,4
cameras,dahuasecurity:n42b3p,dahuasecurity,n42b3p,4
cameras,dahuasecurity:n52a4p,dahuasecurity,n52a4p,4
cameras,dahuasecurity:n52b2p,dahuasecurity,n52b2p,4
cameras,dahuasecurity:n52b3p,dahuasecurity,n52b3p,4
cameras,dahuasecurity:n52b5p,dahuasecurity,n52b5p,4
cameras,dahuasecurity:n54a4p,dahuasecurity,n54a4p,4
cameras,dahuasecurity:n54b2p,dahuasecurity,n54b2p,4
cameras,dahuasecurity:ptz1a,dahuasecurity,ptz1a,4
cameras,dahuasecurity:sd1a,dahuasecurity,sd1a,4
cameras,dahuasecurity:sd5a,dahuasecurity,sd5a,4
cameras,dlink:dcs-1100l,dlink,dcs-1100l,4
cameras,dlink:dcs-1130l,dlink,dcs-1130l,4
cameras,dlink:dcs-3410,dlink,dcs-3410,4
cameras,dlink:dcs-3411,dlink,dcs-3411,4
cameras,dlink:dcs-3430,dlink,dcs-3430,4
cameras,dlink:dcs-5230,dlink,dcs-5230,4
cameras,dlink:dcs-5230l,dlink,dcs-5230l,4
cameras,dlink:dcs-5605,dlink,dcs-5605,4
cameras,dlink:dcs-5635,dlink,dcs-5635,4
cameras,dlink:dcs-6410,dlink,dcs-6410,4
cameras,dlink:dcs-7410,dlink,dcs-7410,4
cameras,dlink:dcs-7510,dlink,dcs-7510,4
cameras,dlink:dcs-933l,dlink,dcs-933l,4
cameras,dlink:dcs-935l,dlink,dcs-935l,4
cameras,dlink:wcs-1100,dlink,wcs-1100,4
cameras,edimax:ic-3140w,edimax,ic-3140w,4
cameras,foscam:c1_lite,foscam,c1_lite,4
cameras,foscam:fi9805e,foscam,fi9805e,4
cameras,foscam:fi9826p,foscam,fi9826p,4
cameras,foscam:fi9828p,foscam,fi9828p,4
cameras,foscam:fi9851p,foscam,fi9851p,4
cameras,foscam:fi9853ep,foscam,fi9853ep,4
cameras,foscam:fi9901ep,foscam,fi9901ep,4
cameras,foscam:fi9928p,foscam,fi9928p,4
cameras,foscam:r2,foscam,r2,4
cameras,govicture:pc420,govicture,pc420,4
cameras,hichip:shenzhen_hichip_vision_technology,hichip,shenzhen_hichip_vision_technology,4
cameras,iodata:ts-wptcam2,iodata,ts-wptcam2,4
cameras,loftek:nexus_543,loftek,nexus_543,4
cameras,mercurycom:mipc252w,mercurycom,mipc252w,4
cameras,planex:cs-qr20,planex,cs-qr20,4
cameras,vivotek:ip7137,vivotek,ip7137,4
cameras,zavio:f3105,zavio,f3105,4
cameras,zavio:f312a,zavio,f312a,4
cameras,avertx:hd438,avertx,hd438,3
cameras,avertx:hd838,avertx,hd838,3
cameras,avtech:avn801_dvr,avtech,avn801_dvr,3
cameras,axis:230_mpeg2_video_server,axis,230_mpeg2_video_server,3
cameras,axis:2411_video_server,axis,2411_video_server,3
cameras,axis:2420_video_server,axis,2420_video_server,3
cameras,axis:2490_serial_server,axis,2490_serial_server,3
cameras,axis:storpoint_cd,axis,storpoint_cd,3
cameras,d-link:dcs-825l,d-link,dcs-825l,3
cameras,dlink:dcs-2530l,dlink,dcs-2530l,3
cameras,dlink:dcs-5000l,dlink,dcs-5000l,3
cameras,dlink:dcs-5030l,dlink,dcs-5030l,3
cameras,dlink:dcs-960l,dlink,dcs-960l,3
cameras,ezviz:cs-c6n-a0-1c2wfr,ezviz,cs-c6n-a0-1c2wfr,3
cameras,ezviz:cs-c6n-b0-1g2wf,ezviz,cs-c6n-b0-1g2wf,3
cameras,ezviz:cs-cv310-a0-1c2wfr,ezviz,cs-cv310-a0-1c2wfr,3
cameras,foscam:fi9800p,foscam,fi9800p,3
cameras,foscam:fi9803ep,foscam,fi9803ep,3
cameras,foscam:fi9803p,foscam,fi9803p,3
cameras,foscam:fi9804p,foscam,fi9804p,3
cameras,foscam:fi9804w,foscam,fi9804w,3
cameras,foscam:fi9805p,foscam,fi9805p,3
cameras,foscam:fi9805w,foscam,fi9805w,3
cameras,foscam:fi9815p,foscam,fi9815p,3
cameras,foscam:fi9816p,foscam,fi9816p,3
cameras,foscam:fi9818w,foscam,fi9818w,3
cameras,foscam:fi9821ep,foscam,fi9821ep,3
cameras,foscam:fi9821p,foscam,fi9821p,3
cameras,foscam:fi9821w,foscam,fi9821w,3
cameras,foscam:fi9826w,foscam,fi9826w,3
cameras,foscam:fi9828w,foscam,fi9828w,3
cameras,foscam:fi9831p,foscam,fi9831p,3
cameras,foscam:fi9831w,foscam,fi9831w,3
cameras,foscam:fi9900ep,foscam,fi9900ep,3
cameras,foscam:fi9900p,foscam,fi9900p,3
cameras,foscam:fi9961ep,foscam,fi9961ep,3
cameras,foscam:r4,foscam,r4,3
cameras,gncchome:_gncc_c2,gncchome,_gncc_c2,3
cameras,gncchome:gncc_c2,gncchome,gncc_c2,3
cameras,hanwha-security:snh-v6410pn,hanwha-security,snh-v6410pn,3
cameras,hanwha-security:snh-v6410pnw,hanwha-security,snh-v6410pnw,3
cameras,hikvision:ds-7204hghi-f1,hikvision,ds-7204hghi-f1,3
cameras,iodata:ts-ptcam,iodata,ts-ptcam,3
cameras,iodata:ts-ptcam\/poe,iodata,ts-ptcam\/poe,3
cameras,iodata:ts-wlc2,iodata,ts-wlc2,3
cameras,iodata:ts-wlce,iodata,ts-wlce,3
cameras,iodata:ts-wptcam,iodata,ts-wptcam,3
cameras,iodata:ts-wrlc,iodata,ts-wrlc,3
cameras,iodata:ts-wrlp\/e,iodata,ts-wrlp\/e,3
cameras,iptime:c200,iptime,c200,3
cameras,meritlilin:p2g1022,meritlilin,p2g1022,3
cameras,meritlilin:p2g1022x,meritlilin,p2g1022x,3
cameras,meritlilin:p2g1052,meritlilin,p2g1052,3
cameras,meritlilin:p2r3022ae2,meritlilin,p2r3022ae2,3
cameras,meritlilin:p2r3052ae2,meritlilin,p2r3052ae2,3
cameras,meritlilin:p2r6322ae2,meritlilin,p2r6322ae2,3
cameras,meritlilin:p2r6322ae4,meritlilin,p2r6322ae4,3
cameras,meritlilin:p2r6352ae2,meritlilin,p2r6352ae2,3
cameras,meritlilin:p2r6352ae4,meritlilin,p2r6352ae4,3
cameras,meritlilin:p2r6522e2,meritlilin,p2r6522e2,3
cameras,meritlilin:p2r6522e4,meritlilin,p2r6522e4,3
cameras,meritlilin:p2r6552e2,meritlilin,p2r6552e2,3
cameras,meritlilin:p2r6552e4,meritlilin,p2r6552e4,3
cameras,meritlilin:p2r6822e2,meritlilin,p2r6822e2,3
cameras,meritlilin:p2r6822e4,meritlilin,p2r6822e4,3
cameras,meritlilin:p2r6852e2,meritlilin,p2r6852e2,3
cameras,meritlilin:p2r6852e4,meritlilin,p2r6852e4,3
cameras,meritlilin:p2r8822e2,meritlilin,p2r8822e2,3
cameras,meritlilin:p2r8822e4,meritlilin,p2r8822e4,3
cameras,meritlilin:p2r8852e2,meritlilin,p2r8852e2,3
cameras,meritlilin:p2r8852e4,meritlilin,p2r8852e4,3
cameras,meritlilin:p3r6322e2,meritlilin,p3r6322e2,3
cameras,meritlilin:p3r6522e2,meritlilin,p3r6522e2,3
cameras,meritlilin:p3r8822e2,meritlilin,p3r8822e2,3
cameras,meritlilin:z2r6422ax,meritlilin,z2r6422ax,3
cameras,meritlilin:z2r6422ax-p,meritlilin,z2r6422ax-p,3
cameras,meritlilin:z2r6452ax,meritlilin,z2r6452ax,3
cameras,meritlilin:z2r6452ax-p,meritlilin,z2r6452ax-p,3
cameras,meritlilin:z2r6522x,meritlilin,z2r6522x,3
cameras,meritlilin:z2r6552x,meritlilin,z2r6552x,3
cameras,meritlilin:z2r8022ex25,meritlilin,z2r8022ex25,3
cameras,meritlilin:z2r8052ex25,meritlilin,z2r8052ex25,3
cameras,meritlilin:z2r8122x-p,meritlilin,z2r8122x-p,3
cameras,meritlilin:z2r8122x2-p,meritlilin,z2r8122x2-p,3
cameras,meritlilin:z2r8152x-p,meritlilin,z2r8152x-p,3
cameras,meritlilin:z2r8152x2-p,meritlilin,z2r8152x2-p,3
cameras,meritlilin:z2r8822ax,meritlilin,z2r8822ax,3
cameras,meritlilin:z2r8852ax,meritlilin,z2r8852ax,3
cameras,meritlilin:z3r6422x3,meritlilin,z3r6422x3,3
cameras,meritlilin:z3r6522x,meritlilin,z3r6522x,3
cameras,meritlilin:z3r8922x3,meritlilin,z3r8922x3,3
cameras,planex:cs-wmv02g,planex,cs-wmv02g,3
cameras,qnap:viostor_network_video_recorder,qnap,viostor_network_video_recorder,3
cameras,roku:indoor_camera_se,roku,indoor_camera_se,3
cameras,rubetek:rv-3406,rubetek,rv-3406,3
cameras,rubetek:rv-3409,rubetek,rv-3409,3
cameras,rubetek:rv-3411,rubetek,rv-3411,3
cameras,seasofsolutions:ip_camera,seasofsolutions,ip_camera,3
cameras,tp-link:tapo_c220,tp-link,tapo_c220,3
cameras,tp-link:tapo_c260,tp-link,tapo_c260,3
cameras,trendnet:tv-ip1314pi,trendnet,tv-ip1314pi,3
cameras,xiongmaitech:ahb7008t-mh-v2,xiongmaitech,ahb7008t-mh-v2,3
cameras,zivif:pr115-204-p-rs,zivif,pr115-204-p-rs,3
cameras,amcrest:1080-lite_8ch,amcrest,1080-lite_8ch,2
cameras,amcrest:amdv10814-h5,amcrest,amdv10814-h5,2
cameras,amcrest:ip2m-841,amcrest,ip2m-841,2
cameras,amcrest:ip2m-841-v3,amcrest,ip2m-841-v3,2
cameras,amcrest:ip2m-853ew,amcrest,ip2m-853ew,2
cameras,amcrest:ip2m-858w,amcrest,ip2m-858w,2
cameras,amcrest:ip2m-866ew,amcrest,ip2m-866ew,2
cameras,amcrest:ip2m-866w,amcrest,ip2m-866w,2
cameras,amcrest:ip4m-1053ew,amcrest,ip4m-1053ew,2
cameras,amcrest:ip8m-2454ew,amcrest,ip8m-2454ew,2
cameras,amcrest:ip8m-2493eb,amcrest,ip8m-2493eb,2
cameras,amcrest:ip8m-2496eb,amcrest,ip8m-2496eb,2
cameras,amcrest:ip8m-2597e,amcrest,ip8m-2597e,2
cameras,amcrest:ip8m-mb2546ew,amcrest,ip8m-mb2546ew,2
cameras,amcrest:ip8m-mt2544ew,amcrest,ip8m-mt2544ew,2
cameras,amcrest:ip8m-t2499ew,amcrest,ip8m-t2499ew,2
cameras,amcrest:ipm-721,amcrest,ipm-721,2
cameras,amcrest:ipm-hx1,amcrest,ipm-hx1,2
cameras,arlo:vmb3010,arlo,vmb3010,2
cameras,arlo:vmb3500,arlo,vmb3500,2
cameras,arlo:vmb4000,arlo,vmb4000,2
cameras,arlo:vmb4500,arlo,vmb4500,2
cameras,arlo:vmb5000,arlo,vmb5000,2
cameras,armassa:ard-9808,armassa,ard-9808,2
cameras,axis:cannon_network_camera,axis,cannon_network_camera,2
cameras,axis:explosion-protected_camera,axis,explosion-protected_camera,2
cameras,axis:fixed_box_camera,axis,fixed_box_camera,2
cameras,axis:fixed_bullet_camera,axis,fixed_bullet_camera,2
cameras,axis:fixed_dome_camera,axis,fixed_dome_camera,2
cameras,axis:modular_camera,axis,modular_camera,2
cameras,axis:network_camera,axis,network_camera,2
cameras,axis:onboard_camera,axis,onboard_camera,2
cameras,axis:panoramic_camera,axis,panoramic_camera,2
cameras,axis:ptz_camera,axis,ptz_camera,2
cameras,axis:thermal_camera,axis,thermal_camera,2
cameras,blurams:dome_flare,blurams,dome_flare,2
cameras,blurams:lumi_security_camera_a31c,blurams,lumi_security_camera_a31c,2
cameras,c-first:cfr-1004ea,c-first,cfr-1004ea,2
cameras,c-first:cfr-1008ea,c-first,cfr-1008ea,2
cameras,c-first:cfr-1016ea,c-first,cfr-1016ea,2
cameras,c-first:cfr-16eaa,c-first,cfr-16eaa,2
cameras,c-first:cfr-16eab,c-first,cfr-16eab,2
cameras,c-first:cfr-16eha,c-first,cfr-16eha,2
cameras,c-first:cfr-16ehd,c-first,cfr-16ehd,2
cameras,c-first:cfr-4eaa,c-first,cfr-4eaa,2
cameras,c-first:cfr-4eaam,c-first,cfr-4eaam,2
cameras,c-first:cfr-4eab,c-first,cfr-4eab,2
cameras,c-first:cfr-4eabc,c-first,cfr-4eabc,2
cameras,c-first:cfr-4eha,c-first,cfr-4eha,2
cameras,c-first:cfr-4ehd,c-first,cfr-4ehd,2
cameras,c-first:cfr-8eaa,c-first,cfr-8eaa,2
cameras,c-first:cfr-8eab,c-first,cfr-8eab,2
cameras,c-first:cfr-8eha,c-first,cfr-8eha,2
cameras,c-first:cfr-8ehd,c-first,cfr-8ehd,2
cameras,c-first:cfr-904e,c-first,cfr-904e,2
cameras,c-first:cfr-908e,c-first,cfr-908e,2
cameras,c-first:cfr-916e,c-first,cfr-916e,2
cameras,c-first:md-404aa,c-first,md-404aa,2
cameras,c-first:md-404ab,c-first,md-404ab,2
cameras,c-first:md-404ha,c-first,md-404ha,2
cameras,c-first:md-404hd,c-first,md-404hd,2
cameras,c-first:md-808aa,c-first,md-808aa,2
cameras,c-first:md-808ab,c-first,md-808ab,2
cameras,c-first:md-808ha,c-first,md-808ha,2
cameras,c-first:md-808hd,c-first,md-808hd,2
cameras,cacagoo:tv-288zd-2mp,cacagoo,tv-288zd-2mp,2
cameras,cylan:clever_dog_smart_camera_panorama_dog-2w,cylan,clever_dog_smart_camera_panorama_dog-2w,2
cameras,cylan:clever_dog_smart_camera_plus_dog-2w-v4,cylan,clever_dog_smart_camera_plus_dog-2w-v4,2
cameras,d-link:dcs-2103_hd_cube_network_camera,d-link,dcs-2103_hd_cube_network_camera,2
cameras,d-link:dcs-936l,d-link,dcs-936l,2
cameras,dahua:n54a4p,dahua,n54a4p,2
cameras,dahuasecurity:ddh-hcvr4xxx,dahuasecurity,ddh-hcvr4xxx,2
cameras,dahuasecurity:dh-hcvr4xxx,dahuasecurity,dh-hcvr4xxx,2
cameras,dahuasecurity:dh-hcvr5xxx,dahuasecurity,dh-hcvr5xxx,2
cameras,dahuasecurity:dh-ipc-hdbw13a0sn,dahuasecurity,dh-ipc-hdbw13a0sn,2
cameras,dahuasecurity:dh-ipc-hdbw23a0rn-zs,dahuasecurity,dh-ipc-hdbw23a0rn-zs,2
cameras,dahuasecurity:dh-ipc-hdw1xxx,dahuasecurity,dh-ipc-hdw1xxx,2
cameras,dahuasecurity:dh-ipc-hdw2xxx,dahuasecurity,dh-ipc-hdw2xxx,2
cameras,dahuasecurity:dh-ipc-hdw4xxx,dahuasecurity,dh-ipc-hdw4xxx,2
cameras,dahuasecurity:dh-ipc-hfw1xxx,dahuasecurity,dh-ipc-hfw1xxx,2
cameras,dahuasecurity:dh-ipc-hfw2xxx,dahuasecurity,dh-ipc-hfw2xxx,2
cameras,dahuasecurity:dh-ipc-hfw4xxx,dahuasecurity,dh-ipc-hfw4xxx,2
cameras,dahuasecurity:dh-nvr1xxx,dahuasecurity,dh-nvr1xxx,2
cameras,dahuasecurity:dh-sd6cxx,dahuasecurity,dh-sd6cxx,2
cameras,dahuasecurity:dhi-hcvr51a04he-s3,dahuasecurity,dhi-hcvr51a04he-s3,2
cameras,dahuasecurity:dhi-hcvr51a08he-s3,dahuasecurity,dhi-hcvr51a08he-s3,2
cameras,dahuasecurity:dhi-hcvr58a32s-s2,dahuasecurity,dhi-hcvr58a32s-s2,2
cameras,dahuasecurity:ipc-hdbw1320e-w,dahuasecurity,ipc-hdbw1320e-w,2
cameras,dahuasecurity:ipc-hfs8449g-z7-led,dahuasecurity,ipc-hfs8449g-z7-led,2
cameras,dahuasecurity:ipc-hfs8849g-z3-led,dahuasecurity,ipc-hfs8849g-z3-led,2
cameras,dahuasecurity:ipc-hx3xxx,dahuasecurity,ipc-hx3xxx,2
cameras,dahuasecurity:ipc-hx5xxx,dahuasecurity,ipc-hx5xxx,2
cameras,dahuasecurity:sd1a1,dahuasecurity,sd1a1,2
cameras,dahuasecurity:sd22,dahuasecurity,sd22,2
cameras,dahuasecurity:sd49,dahuasecurity,sd49,2
cameras,dahuasecurity:tpc-bf1241,dahuasecurity,tpc-bf1241,2
cameras,dahuasecurity:tpc-bf2221,dahuasecurity,tpc-bf2221,2
cameras,dahuasecurity:tpc-bf5x01,dahuasecurity,tpc-bf5x01,2
cameras,dahuasecurity:tpc-sd2221,dahuasecurity,tpc-sd2221,2
cameras,dahuasecurity:tpc-sd8x21,dahuasecurity,tpc-sd8x21,2
cameras,dlink:dcs-2670l,dlink,dcs-2670l,2
cameras,dlink:dcs-4603,dlink,dcs-4603,2
cameras,dlink:dcs-4622,dlink,dcs-4622,2
cameras,dlink:dcs-4701e,dlink,dcs-4701e,2
cameras,dlink:dcs-4703e,dlink,dcs-4703e,2
cameras,dlink:dcs-4705e,dlink,dcs-4705e,2
cameras,dlink:dcs-4802e,dlink,dcs-4802e,2
cameras,dlink:dcs-5009l,dlink,dcs-5009l,2
cameras,dlink:dcs-5010l,dlink,dcs-5010l,2
cameras,dlink:dcs-5025l,dlink,dcs-5025l,2
cameras,dlink:dcs-5222l,dlink,dcs-5222l,2
cameras,dlink:dcs-6010l,dlink,dcs-6010l,2
cameras,dlink:dcs-700l,dlink,dcs-700l,2
cameras,dlink:dcs-7517,dlink,dcs-7517,2
cameras,dlink:dcs-934l,dlink,dcs-934l,2
cameras,dlink:dcs-936l,dlink,dcs-936l,2
cameras,dlink:dcs-942l,dlink,dcs-942l,2
cameras,dlink:dcs-p703,dlink,dcs-p703,2
cameras,dlink:eyeon_baby_monitor,dlink,eyeon_baby_monitor,2
cameras,edimax:ic-5150w,edimax,ic-5150w,2
cameras,edimax:ic-6220dc,edimax,ic-6220dc,2
cameras,ezviz:cs-c6n-a0-1c2wfr-mul,ezviz,cs-c6n-a0-1c2wfr-mul,2
cameras,ezviz:cs-c6n-r101-1g2wf,ezviz,cs-c6n-r101-1g2wf,2
cameras,ezviz:cs-cv248-a0-32wmfr,ezviz,cs-cv248-a0-32wmfr,2
cameras,ezviz:cs-cv310-a0-1b2wfr,ezviz,cs-cv310-a0-1b2wfr,2
cameras,ezviz:cs-cv310-a0-1c2wfr-c,ezviz,cs-cv310-a0-1c2wfr-c,2
cameras,ezviz:cs-cv310-a0-3c2wfrl-1080p,ezviz,cs-cv310-a0-3c2wfrl-1080p,2
cameras,ezviz:lc1c,ezviz,lc1c,2
cameras,foscam:fi8919w,foscam,fi8919w,2
cameras,guardzilla:180_indoor,guardzilla,180_indoor,2
cameras,guardzilla:180_outdoor,guardzilla,180_outdoor,2
cameras,hikvision:ds-2cd2032-i,hikvision,ds-2cd2032-i,2
cameras,hikvision:ds-2cd2112-i,hikvision,ds-2cd2112-i,2
cameras,hikvision:ds-2cd2132-i,hikvision,ds-2cd2132-i,2
cameras,hikvision:ds-2cd2212-i5,hikvision,ds-2cd2212-i5,2
cameras,hikvision:ds-2cd2232-i5,hikvision,ds-2cd2232-i5,2
cameras,hikvision:ds-2cd2312-i,hikvision,ds-2cd2312-i,2
cameras,hikvision:ds-2cd2332-i,hikvision,ds-2cd2332-i,2
cameras,hikvision:ds-2cd2412f-i\(w\),hikvision,ds-2cd2412f-i\(w\),2
cameras,hikvision:ds-2cd2432f-i\(w\),hikvision,ds-2cd2432f-i\(w\),2
cameras,hikvision:ds-2cd2512f-i\(s\),hikvision,ds-2cd2512f-i\(s\),2
cameras,hikvision:ds-2cd2532f-i\(s\),hikvision,ds-2cd2532f-i\(s\),2
cameras,hikvision:ds-2cd2612f-i\(s\),hikvision,ds-2cd2612f-i\(s\),2
cameras,hikvision:ds-2cd2632f-i\(s\),hikvision,ds-2cd2632f-i\(s\),2
cameras,hikvision:ds-2cd2712f-i\(s\),hikvision,ds-2cd2712f-i\(s\),2
cameras,hikvision:ds-2cd2732f-i\(s\),hikvision,ds-2cd2732f-i\(s\),2
cameras,hikvision:ds-2cd2t32-i3,hikvision,ds-2cd2t32-i3,2
cameras,hikvision:ds-2cd2t32-i5,hikvision,ds-2cd2t32-i5,2
cameras,hikvision:ds-2cd2t32-i8,hikvision,ds-2cd2t32-i8,2
cameras,hikvision:ds-2cd4012f-\(a\),hikvision,ds-2cd4012f-\(a\),2
cameras,hikvision:ds-2cd4012f-\(p\),hikvision,ds-2cd4012f-\(p\),2
cameras,hikvision:ds-2cd4012f-\(w\),hikvision,ds-2cd4012f-\(w\),2
cameras,hikvision:ds-2cd4012fwd-\(a\),hikvision,ds-2cd4012fwd-\(a\),2
cameras,hikvision:ds-2cd4012fwd-\(p\),hikvision,ds-2cd4012fwd-\(p\),2
cameras,hikvision:ds-2cd4012fwd-\(w\),hikvision,ds-2cd4012fwd-\(w\),2
cameras,hikvision:ds-2cd4024f-\(a\),hikvision,ds-2cd4024f-\(a\),2
cameras,hikvision:ds-2cd4024f-\(p\),hikvision,ds-2cd4024f-\(p\),2
cameras,hikvision:ds-2cd4024f-\(w\),hikvision,ds-2cd4024f-\(w\),2
cameras,hikvision:ds-2cd4032fwd-\(a\),hikvision,ds-2cd4032fwd-\(a\),2
cameras,hikvision:ds-2cd4032fwd-\(p\),hikvision,ds-2cd4032fwd-\(p\),2
cameras,hikvision:ds-2cd4032fwd-\(w\),hikvision,ds-2cd4032fwd-\(w\),2
cameras,hikvision:ds-2cd4112f-i\(z\),hikvision,ds-2cd4112f-i\(z\),2
cameras,hikvision:ds-2cd4112fwd-i\(z\),hikvision,ds-2cd4112fwd-i\(z\),2
cameras,hikvision:ds-2cd4124f-i\(z\),hikvision,ds-2cd4124f-i\(z\),2
cameras,hikvision:ds-2cd4132fwd-i\(z\),hikvision,ds-2cd4132fwd-i\(z\),2
cameras,hikvision:ds-2cd4212f-i\(h\),hikvision,ds-2cd4212f-i\(h\),2
cameras,hikvision:ds-2cd4212f-i\(s\),hikvision,ds-2cd4212f-i\(s\),2
cameras,hikvision:ds-2cd4212f-i\(z\),hikvision,ds-2cd4212f-i\(z\),2
cameras,hikvision:ds-2cd4212fwd-i\(h\),hikvision,ds-2cd4212fwd-i\(h\),2
cameras,hikvision:ds-2cd4212fwd-i\(s\),hikvision,ds-2cd4212fwd-i\(s\),2
cameras,hikvision:ds-2cd4212fwd-i\(z\),hikvision,ds-2cd4212fwd-i\(z\),2
cameras,hikvision:ds-2cd4224f-i\(h\),hikvision,ds-2cd4224f-i\(h\),2
cameras,hikvision:ds-2cd4224f-i\(s\),hikvision,ds-2cd4224f-i\(s\),2
cameras,hikvision:ds-2cd4224f-i\(z\),hikvision,ds-2cd4224f-i\(z\),2
cameras,hikvision:ds-2cd4232fwd-i\(h\),hikvision,ds-2cd4232fwd-i\(h\),2
cameras,hikvision:ds-2cd4232fwd-i\(s\),hikvision,ds-2cd4232fwd-i\(s\),2
cameras,hikvision:ds-2cd4232fwd-i\(z\),hikvision,ds-2cd4232fwd-i\(z\),2
cameras,hikvision:ds-2cd4312f-i\(h\),hikvision,ds-2cd4312f-i\(h\),2
cameras,hikvision:ds-2cd4312f-i\(s\),hikvision,ds-2cd4312f-i\(s\),2
cameras,hikvision:ds-2cd4312f-i\(z\),hikvision,ds-2cd4312f-i\(z\),2
cameras,hikvision:ds-2cd4324f-i\(h\),hikvision,ds-2cd4324f-i\(h\),2
cameras,hikvision:ds-2cd4324f-i\(s\),hikvision,ds-2cd4324f-i\(s\),2
cameras,hikvision:ds-2cd4324f-i\(z\),hikvision,ds-2cd4324f-i\(z\),2
cameras,hikvision:ds-2cd4332fwd-i\(h\),hikvision,ds-2cd4332fwd-i\(h\),2
cameras,hikvision:ds-2cd4332fwd-i\(s\),hikvision,ds-2cd4332fwd-i\(s\),2
cameras,hikvision:ds-2cd4332fwd-i\(z\),hikvision,ds-2cd4332fwd-i\(z\),2
cameras,hikvision:ds-2cd63xx_series,hikvision,ds-2cd63xx_series,2
cameras,hikvision:ds-2cd6412fwd,hikvision,ds-2cd6412fwd,2
cameras,hikvision:ds-2dfx_series,hikvision,ds-2dfx_series,2
cameras,hikvision:ds-7104hghi-f1,hikvision,ds-7104hghi-f1,2
cameras,hikvision:ds-k1t320efwx,hikvision,ds-k1t320efwx,2
cameras,hikvision:ds-k1t320efx,hikvision,ds-k1t320efx,2
cameras,hikvision:ds-k1t320ewx,hikvision,ds-k1t320ewx,2
cameras,hikvision:ds-k1t320ex,hikvision,ds-k1t320ex,2
cameras,hikvision:ds-k1t320mfwx,hikvision,ds-k1t320mfwx,2
cameras,hikvision:ds-k1t320mfx,hikvision,ds-k1t320mfx,2
cameras,hikvision:ds-k1t320mwx,hikvision,ds-k1t320mwx,2
cameras,hikvision:ds-k1t320mx,hikvision,ds-k1t320mx,2
cameras,hikvision:ds-k1t341am,hikvision,ds-k1t341am,2
cameras,hikvision:ds-k1t341amf,hikvision,ds-k1t341amf,2
cameras,hikvision:ds-k1t343ewx,hikvision,ds-k1t343ewx,2
cameras,hikvision:ds-k1t343ex,hikvision,ds-k1t343ex,2
cameras,hikvision:ds-k1t343mwx,hikvision,ds-k1t343mwx,2
cameras,hikvision:ds-k1t343mx,hikvision,ds-k1t343mx,2
cameras,hikvision:ds-k1t671,hikvision,ds-k1t671,2
cameras,hikvision:ds-k1t671m,hikvision,ds-k1t671m,2
cameras,hikvision:ds-k1t671mf,hikvision,ds-k1t671mf,2
cameras,hikvision:ds-k1t804af,hikvision,ds-k1t804af,2
cameras,hikvision:ds-k1t804amf,hikvision,ds-k1t804amf,2
cameras,hisilicon:hi3510,hisilicon,hi3510,2
cameras,insteon:2864-222,insteon,2864-222,2
cameras,intellinet-network:nfc-30ir,intellinet-network,nfc-30ir,2
cameras,iodata:ts-ptcam\/poe_camera,iodata,ts-ptcam\/poe_camera,2
cameras,iodata:ts-ptcam_camera,iodata,ts-ptcam_camera,2
cameras,iodata:ts-wlc2_camera,iodata,ts-wlc2_camera,2
cameras,iodata:ts-wptcam_camera,iodata,ts-wptcam_camera,2
cameras,macro-video:v380e6_c1,macro-video,v380e6_c1,2
cameras,maygion:ip_camera,maygion,ip_camera,2
cameras,mipcm:mipc_camera,mipcm,mipc_camera,2
cameras,netgear:arlo_base_station,netgear,arlo_base_station,2
cameras,netgear:arlo_q_camera,netgear,arlo_q_camera,2
cameras,netgear:arlo_q_plus_camera,netgear,arlo_q_plus_camera,2
cameras,netgear:vmb30x0,netgear,vmb30x0,2
cameras,netgear:vmc3040,netgear,vmc3040,2
cameras,netgear:vmc3040s,netgear,vmc3040s,2
cameras,netgear:vmk3xx0,netgear,vmk3xx0,2
cameras,netgear:vms3xx0,netgear,vms3xx0,2
cameras,owletcare:cam,owletcare,cam,2
cameras,owletcare:cam_2,owletcare,cam_2,2
cameras,planex:cs-qr10,planex,cs-qr10,2
cameras,planex:cs-w50hd,planex,cs-w50hd,2
cameras,qacctv:jooan_ja-q1h_wi-fi_camera,qacctv,jooan_ja-q1h_wi-fi_camera,2
cameras,qnap:nas,qnap,nas,2
cameras,qvis:dvr,qvis,dvr,2
cameras,qvis:nvr,qvis,nvr,2
cameras,reolink:e1_zoom,reolink,e1_zoom,2
cameras,reolink:rlc-410,reolink,rlc-410,2
cameras,reolink:rlc-422,reolink,rlc-422,2
cameras,reolink:rlc-423,reolink,rlc-423,2
cameras,reolink:rlc-423s,reolink,rlc-423s,2
cameras,reolink:rlc-510a,reolink,rlc-510a,2
cameras,reolink:rlc-520a,reolink,rlc-520a,2
cameras,reolink:rln8-410,reolink,rln8-410,2
cameras,shenzhenningyuandatechnology:tc155,shenzhenningyuandatechnology,tc155,2
cameras,sunellsecurity:sn-adr3804e1,sunellsecurity,sn-adr3804e1,2
cameras,sunellsecurity:sn-adr3808e1,sunellsecurity,sn-adr3808e1,2
cameras,sunellsecurity:sn-adr3808e2,sunellsecurity,sn-adr3808e2,2
cameras,sunellsecurity:sn-adr3816e1,sunellsecurity,sn-adr3816e1,2
cameras,sunellsecurity:sn-adr3816e2,sunellsecurity,sn-adr3816e2,2
cameras,sunellsecurity:sn-xvr3804e1,sunellsecurity,sn-xvr3804e1,2
cameras,sunellsecurity:sn-xvr3808e2,sunellsecurity,sn-xvr3808e2,2
cameras,swann:swwhd-intcam-hd,swann,swwhd-intcam-hd,2
cameras,swannsecurity:dvr4-securanet,swannsecurity,dvr4-securanet,2
cameras,tbkvision:tbk-dvr4104,tbkvision,tbk-dvr4104,2
cameras,tbkvision:tbk-dvr4216,tbkvision,tbk-dvr4216,2
cameras,tenda:cp3_pro,tenda,cp3_pro,2
cameras,tonnet:tat-70432n,tonnet,tat-70432n,2
cameras,tonnet:tat-71416g1,tonnet,tat-71416g1,2
cameras,tonnet:tat-71832g1,tonnet,tat-71832g1,2
cameras,tonnet:tat-76104g3,tonnet,tat-76104g3,2
cameras,tonnet:tat-76108g3,tonnet,tat-76108g3,2
cameras,tonnet:tat-76116g3,tonnet,tat-76116g3,2
cameras,tonnet:tat-76132g3,tonnet,tat-76132g3,2
cameras,tonnet:tat-77104g1,tonnet,tat-77104g1,2
cameras,tp-link:tapo_c100,tp-link,tapo_c100,2
cameras,tp-link:tapo_c210,tp-link,tapo_c210,2
cameras,tp-link:tl-sc_3130g,tp-link,tl-sc_3130g,2
cameras,tp-link:tl-sc_3171g,tp-link,tl-sc_3171g,2
cameras,tp-link:tl-sc_4171g,tp-link,tl-sc_4171g,2
cameras,ui:camera_g3_flex,ui,camera_g3_flex,2
cameras,ui:unifi_cloud_key_plus,ui,unifi_cloud_key_plus,2
cameras,ui:unifi_dream_machine_pro,ui,unifi_dream_machine_pro,2
cameras,ui:unifi_protect,ui,unifi_protect,2
cameras,vimicro:vs-ipc1002,vimicro,vs-ipc1002,2
cameras,wanscam:hw0021,wanscam,hw0021,2
cameras,wyze:cam_pan_v2,wyze,cam_pan_v2,2
cameras,wyze:cam_v2,wyze,cam_v2,2
cameras,xiongmaitech:ahb7804r-els,xiongmaitech,ahb7804r-els,2
cameras,xiongmaitech:ahb7804r-lms,xiongmaitech,ahb7804r-lms,2
cameras,xiongmaitech:ahb7804r-mh-v2,xiongmaitech,ahb7804r-mh-v2,2
cameras,xiongmaitech:ahb7808r-ms,xiongmaitech,ahb7808r-ms,2
cameras,xiongmaitech:ahb7808r-ms-v2,xiongmaitech,ahb7808r-ms-v2,2
cameras,xiongmaitech:ahb7808t-ms-v2,xiongmaitech,ahb7808t-ms-v2,2
cameras,xiongmaitech:hi3518e_50h10l_s39,xiongmaitech,hi3518e_50h10l_s39,2
cameras,xiongmaitech:mbd6304t,xiongmaitech,mbd6304t,2
cameras,xiongmaitech:nbd6808t-pl,xiongmaitech,nbd6808t-pl,2
cameras,xiongmaitech:nbd80x09ra-kl,xiongmaitech,nbd80x09ra-kl,2
cameras,xiongmaitech:nbd80x09s-kl,xiongmaitech,nbd80x09s-kl,2
cameras,xiongmaitech:xm-jpr2-lx,xiongmaitech,xm-jpr2-lx,2
cameras,xiongmaitech:xm530v200_x6-weq_8m,xiongmaitech,xm530v200_x6-weq_8m,2
cameras,zmodo:zp-ibh-13w,zmodo,zp-ibh-13w,2
cameras,zmodo:zp-ne-14-s,zmodo,zp-ne-14-s,2
cameras,abus:tvip_20000-21150,abus,tvip_20000-21150,1
cameras,agasio_camera_project:agasio_camera,agasio_camera_project,agasio_camera,1
cameras,airlink101:skyipcam1620w_wireless_n_mpeg4_3gpp,airlink101,skyipcam1620w_wireless_n_mpeg4_3gpp,1
cameras,alagaai:s-cw2503c-h,alagaai,s-cw2503c-h,1
cameras,amcrest:amcrest_ipc-hx1x3x-lexus_eng_n_amcrest,amcrest,amcrest_ipc-hx1x3x-lexus_eng_n_amcrest,1
cameras,amcrest:ip2m-841b,amcrest,ip2m-841b,1
cameras,annke:crater_2,annke,crater_2,1
cameras,annke:n48pbb,annke,n48pbb,1
cameras,annke:sp1,annke,sp1,1
cameras,apexis:apm-h803-mpc,apexis,apm-h803-mpc,1
cameras,apexis:apm-j601-ws,apexis,apm-j601-ws,1
cameras,arlo:q_plus,arlo,q_plus,1
cameras,asecam:ip_camera,asecam,ip_camera,1
cameras,assmann:ht-ip211hdp,assmann,ht-ip211hdp,1
cameras,avstar:pe204,avstar,pe204,1
cameras,avtech:avm1203,avtech,avm1203,1
cameras,axis:207w,axis,207w,1
cameras,axis:m1054_network_camera,axis,m1054_network_camera,1
cameras,axis:m10_series_network_cameras,axis,m10_series_network_cameras,1
cameras,axis:neteye_200,axis,neteye_200,1
cameras,axis:neteye_200\+,axis,neteye_200\+,1
cameras,aziot:2mp_full_hd_smart_wi-fi_cctv_home_security_camera,aziot,2mp_full_hd_smart_wi-fi_cctv_home_security_camera,1
cameras,biltema:baby_camera,biltema,baby_camera,1
cameras,biltema:ip_camera,biltema,ip_camera,1
cameras,blurams:a31c,blurams,a31c,1
cameras,bosch:360-indoor_camera,bosch,360-indoor_camera,1
cameras,bosch:eyes_outdoor_camera,bosch,eyes_outdoor_camera,1
cameras,canon:network_camera_server_vb100,canon,network_camera_server_vb100,1
cameras,canon:network_camera_server_vb101,canon,network_camera_server_vb101,1
cameras,canon:network_camera_server_vb150,canon,network_camera_server_vb150,1
cameras,cpplusworld:cp-uvr-0401l1-4kh,cpplusworld,cp-uvr-0401l1-4kh,1
cameras,cpplusworld:cp-uvr-0401l1b-4kh,cpplusworld,cp-uvr-0401l1b-4kh,1
cameras,cpplusworld:cp-uvr-0801f1-hc,cpplusworld,cp-uvr-0801f1-hc,1
cameras,cpplusworld:cp-uvr-0801k1-h,cpplusworld,cp-uvr-0801k1-h,1
cameras,cpplusworld:cp-uvr-0801k1b-h,cpplusworld,cp-uvr-0801k1b-h,1
cameras,cpplusworld:cp-uvr-0808k1-h,cpplusworld,cp-uvr-0808k1-h,1
cameras,cpplusworld:cp-uvr-1601e1-h,cpplusworld,cp-uvr-1601e1-h,1
cameras,cpplusworld:cp-uvr-1601e1-hc,cpplusworld,cp-uvr-1601e1-hc,1
cameras,cpplusworld:cp-uvr-1601e2-h,cpplusworld,cp-uvr-1601e2-h,1
cameras,cpplusworld:cp-vnr-3104,cpplusworld,cp-vnr-3104,1
cameras,cpplusworld:cp-vnr-3108,cpplusworld,cp-vnr-3108,1
cameras,cpplusworld:cp-vnr-3208,cpplusworld,cp-vnr-3208,1
cameras,d-link:dcs-2102,d-link,dcs-2102,1
cameras,d-link:dcs-2121,d-link,dcs-2121,1
cameras,d-link:dcs-2630l,d-link,dcs-2630l,1
cameras,d-link:dcs-5000l,d-link,dcs-5000l,1
cameras,d-link:dcs-5222l,d-link,dcs-5222l,1
cameras,d-link:dcs-5222lb1,d-link,dcs-5222lb1,1
cameras,d-link:dcs-8000lh,d-link,dcs-8000lh,1
cameras,d-link:dcs-8100lh,d-link,dcs-8100lh,1
cameras,d-link:dcs-820l,d-link,dcs-820l,1
cameras,d-link:dcs-855l,d-link,dcs-855l,1
cameras,d-link:dcs-900_internet_camera,d-link,dcs-900_internet_camera,1
cameras,d-link:dcs-942lb1,d-link,dcs-942lb1,1
cameras,d3dsecurity:d8801,d3dsecurity,d8801,1
cameras,dahua:dh-ipc-hx863x,dahua,dh-ipc-hx863x,1
cameras,dahua:dh-ipc-hx883x,dahua,dh-ipc-hx883x,1
cameras,dahua:dh-sd4xxxxx,dahua,dh-sd4xxxxx,1
cameras,dahua:dh-sd5xxxxx,dahua,dh-sd5xxxxx,1
cameras,dahua:dh-sd6xxxxx,dahua,dh-sd6xxxxx,1
cameras,dahua:ipc-hx4x3x,dahua,ipc-hx4x3x,1
cameras,dahua:ipc-hx5x3x,dahua,ipc-hx5x3x,1
cameras,dahua:ipc-xxbxx,dahua,ipc-xxbxx,1
cameras,dahua:nvr2xxx-4ks2,dahua,nvr2xxx-4ks2,1
cameras,dahua:nvr4xxx-4ks2,dahua,nvr4xxx-4ks2,1
cameras,dahua:nvr5xxx-4ks2,dahua,nvr5xxx-4ks2,1
cameras,dahuasecurity:asc2204c,dahuasecurity,asc2204c,1
cameras,dahuasecurity:hcvr7xxx,dahuasecurity,hcvr7xxx,1
cameras,dahuasecurity:hcvr8xxx,dahuasecurity,hcvr8xxx,1
cameras,dahuasecurity:ip_camera,dahuasecurity,ip_camera,1
cameras,dahuasecurity:ipc-hdbw4x00,dahuasecurity,ipc-hdbw4x00,1
cameras,dahuasecurity:ipc-hdbw4xxx,dahuasecurity,ipc-hdbw4xxx,1
cameras,dahuasecurity:ipc-hdbw5x00,dahuasecurity,ipc-hdbw5x00,1
cameras,dahuasecurity:ipc-hdbw5xxx,dahuasecurity,ipc-hdbw5xxx,1
cameras,dahuasecurity:ipc-hdw4300s,dahuasecurity,ipc-hdw4300s,1
cameras,dahuasecurity:ipc-hdw4x00,dahuasecurity,ipc-hdw4x00,1
cameras,dahuasecurity:ipc-hdw5x00,dahuasecurity,ipc-hdw5x00,1
cameras,dahuasecurity:ipc-hf5241f-ze,dahuasecurity,ipc-hf5241f-ze,1
cameras,dahuasecurity:ipc-hf5442f-ze,dahuasecurity,ipc-hf5442f-ze,1
cameras,dahuasecurity:ipc-hf5541f-ze,dahuasecurity,ipc-hf5541f-ze,1
cameras,dahuasecurity:ipc-hf5842f-ze,dahuasecurity,ipc-hf5842f-ze,1
cameras,dahuasecurity:ipc-hf5x00,dahuasecurity,ipc-hf5x00,1
cameras,dahuasecurity:ipc-hf71242f-z-x,dahuasecurity,ipc-hf71242f-z-x,1
cameras,dahuasecurity:ipc-hf7442f-z-x,dahuasecurity,ipc-hf7442f-z-x,1
cameras,dahuasecurity:ipc-hf7842f-z-x,dahuasecurity,ipc-hf7842f-z-x,1
cameras,dahuasecurity:ipc-hfw4x00,dahuasecurity,ipc-hfw4x00,1
cameras,dahuasecurity:ipc-hfw5x00,dahuasecurity,ipc-hfw5x00,1
cameras,dahuasecurity:ipc-hum7xxx,dahuasecurity,ipc-hum7xxx,1
cameras,dahuasecurity:ipc-hx1xxx,dahuasecurity,ipc-hx1xxx,1
cameras,dahuasecurity:ipc-hx5\(4\)\(3\)xxx,dahuasecurity,ipc-hx5\(4\)\(3\)xxx,1
cameras,dahuasecurity:nvr11hs,dahuasecurity,nvr11hs,1
cameras,dahuasecurity:nvr1xxx,dahuasecurity,nvr1xxx,1
cameras,dahuasecurity:nvr2104-i,dahuasecurity,nvr2104-i,1
cameras,dahuasecurity:nvr2104hs-i,dahuasecurity,nvr2104hs-i,1
cameras,dahuasecurity:nvr2108-i,dahuasecurity,nvr2108-i,1
cameras,dahuasecurity:nvr2108hs-i,dahuasecurity,nvr2108hs-i,1
cameras,dahuasecurity:nvr2116-i,dahuasecurity,nvr2116-i,1
cameras,dahuasecurity:nvr2116hs-i,dahuasecurity,nvr2116hs-i,1
cameras,dahuasecurity:nvr2204-i,dahuasecurity,nvr2204-i,1
cameras,dahuasecurity:nvr2208-i,dahuasecurity,nvr2208-i,1
cameras,dahuasecurity:nvr2216-i,dahuasecurity,nvr2216-i,1
cameras,dahuasecurity:nvr2xxx,dahuasecurity,nvr2xxx,1
cameras,dahuasecurity:nvr4216-i,dahuasecurity,nvr4216-i,1
cameras,dahuasecurity:nvr4432-i,dahuasecurity,nvr4432-i,1
cameras,dahuasecurity:nvr4832-i,dahuasecurity,nvr4832-i,1
cameras,dahuasecurity:nvr4xxx,dahuasecurity,nvr4xxx,1
cameras,dahuasecurity:nvr5216-16p-i\/l,dahuasecurity,nvr5216-16p-i\/l,1
cameras,dahuasecurity:nvr5216-8p-i\/l,dahuasecurity,nvr5216-8p-i\/l,1
cameras,dahuasecurity:nvr5432-16p-i\/l,dahuasecurity,nvr5432-16p-i\/l,1
cameras,dahuasecurity:nvr5832-i\/l,dahuasecurity,nvr5832-i\/l,1
cameras,dahuasecurity:nvr5832\/5864-i,dahuasecurity,nvr5832\/5864-i,1
cameras,dahuasecurity:nvr5864-i\/l,dahuasecurity,nvr5864-i\/l,1
cameras,dahuasecurity:nvr5xxx,dahuasecurity,nvr5xxx,1
cameras,dahuasecurity:sd22204-gc-lb,dahuasecurity,sd22204-gc-lb,1
cameras,dahuasecurity:sd22204db-gny,dahuasecurity,sd22204db-gny,1
cameras,dahuasecurity:sd22204db-gny-w,dahuasecurity,sd22204db-gny-w,1
cameras,dahuasecurity:sd22204t-gn-s2,dahuasecurity,sd22204t-gn-s2,1
cameras,dahuasecurity:sd22204ue-gn,dahuasecurity,sd22204ue-gn,1
cameras,dahuasecurity:sd22204ue-gn-w,dahuasecurity,sd22204ue-gn-w,1
cameras,dahuasecurity:sd22404t-gn,dahuasecurity,sd22404t-gn,1
cameras,dahuasecurity:sd22404t-gn-w,dahuasecurity,sd22404t-gn-w,1
cameras,dahuasecurity:sd59131i-hc\(-s3\),dahuasecurity,sd59131i-hc\(-s3\),1
cameras,dahuasecurity:sd59225-hc-la,dahuasecurity,sd59225-hc-la,1
cameras,dahuasecurity:sd59225i-hc\(-s3\),dahuasecurity,sd59225i-hc\(-s3\),1
cameras,dahuasecurity:sd59225u-hni,dahuasecurity,sd59225u-hni,1
cameras,dahuasecurity:sd59230i-hc\(-s3\),dahuasecurity,sd59230i-hc\(-s3\),1
cameras,dahuasecurity:sd59232-hc-la,dahuasecurity,sd59232-hc-la,1
cameras,dahuasecurity:sd59232xa-hnr,dahuasecurity,sd59232xa-hnr,1
cameras,dahuasecurity:sd59430i-hc,dahuasecurity,sd59430i-hc,1
cameras,dahuasecurity:sd59432xa-hnr,dahuasecurity,sd59432xa-hnr,1
cameras,dahuasecurity:sd5a225gb-hnr,dahuasecurity,sd5a225gb-hnr,1
cameras,dahuasecurity:sd5a225gb-hnr-sl,dahuasecurity,sd5a225gb-hnr-sl,1
cameras,dahuasecurity:sd5a225xa-hnr,dahuasecurity,sd5a225xa-hnr,1
cameras,dahuasecurity:sd5a225xa-hnr-sl,dahuasecurity,sd5a225xa-hnr-sl,1
cameras,dahuasecurity:sd5a232gb-hnr,dahuasecurity,sd5a232gb-hnr,1
cameras,dahuasecurity:sd5a232xb-hnr,dahuasecurity,sd5a232xb-hnr,1
cameras,dahuasecurity:sd5a232xb-hnr-ac,dahuasecurity,sd5a232xb-hnr-ac,1
cameras,dahuasecurity:sd5a232xb-hnr-p,dahuasecurity,sd5a232xb-hnr-p,1
cameras,dahuasecurity:sd5a245gb-hnr,dahuasecurity,sd5a245gb-hnr,1
cameras,dahuasecurity:sd5a245xa-hnr,dahuasecurity,sd5a245xa-hnr,1
cameras,dahuasecurity:sd5a425ga-hnr,dahuasecurity,sd5a425ga-hnr,1
cameras,dahuasecurity:sd5a425xa-hnr,dahuasecurity,sd5a425xa-hnr,1
cameras,dahuasecurity:sd5a432gb-hnr,dahuasecurity,sd5a432gb-hnr,1
cameras,dahuasecurity:sd5a445gb-hnr,dahuasecurity,sd5a445gb-hnr,1
cameras,dahuasecurity:sd5a445xa-hnr,dahuasecurity,sd5a445xa-hnr,1
cameras,dahuasecurity:sd5a445xa-hnr-1t,dahuasecurity,sd5a445xa-hnr-1t,1
cameras,dahuasecurity:sd5a825-hnr-ya,dahuasecurity,sd5a825-hnr-ya,1
cameras,dahuasecurity:sd5a825ga-hnr,dahuasecurity,sd5a825ga-hnr,1
cameras,dahuasecurity:tpc-bf5x21,dahuasecurity,tpc-bf5x21,1
cameras,dahuasecurity:tpc-pt8x21b,dahuasecurity,tpc-pt8x21b,1
cameras,dahuasecurity:tpc-pt8x21x,dahuasecurity,tpc-pt8x21x,1
cameras,dahuasecurity:vth-542xh,dahuasecurity,vth-542xh,1
cameras,dahuasecurity:vto-65xxx,dahuasecurity,vto-65xxx,1
cameras,dahuasecurity:vto-75x95x,dahuasecurity,vto-75x95x,1
cameras,dahuasecurity:vtox20xf,dahuasecurity,vtox20xf,1
cameras,dahuasecurity:xvr4104c-x,dahuasecurity,xvr4104c-x,1
cameras,dahuasecurity:xvr4104hs-x,dahuasecurity,xvr4104hs-x,1
cameras,dahuasecurity:xvr4108c-x,dahuasecurity,xvr4108c-x,1
cameras,dahuasecurity:xvr4108hs-x,dahuasecurity,xvr4108hs-x,1
cameras,dahuasecurity:xvr4116hs-x,dahuasecurity,xvr4116hs-x,1
cameras,dahuasecurity:xvr4xxx,dahuasecurity,xvr4xxx,1
cameras,dahuasecurity:xvr5104h-i2,dahuasecurity,xvr5104h-i2,1
cameras,dahuasecurity:xvr5104he-i2,dahuasecurity,xvr5104he-i2,1
cameras,dahuasecurity:xvr5104hs-i2,dahuasecurity,xvr5104hs-i2,1
cameras,dahuasecurity:xvr5108c-x,dahuasecurity,xvr5108c-x,1
cameras,dahuasecurity:xvr5108h-i2,dahuasecurity,xvr5108h-i2,1
cameras,dahuasecurity:xvr5108he-i2,dahuasecurity,xvr5108he-i2,1
cameras,dahuasecurity:xvr5108hs-i2,dahuasecurity,xvr5108hs-i2,1
cameras,dahuasecurity:xvr5116h-i2,dahuasecurity,xvr5116h-i2,1
cameras,dahuasecurity:xvr5116he-i2,dahuasecurity,xvr5116he-i2,1
cameras,dahuasecurity:xvr5116hs-i2,dahuasecurity,xvr5116hs-i2,1
cameras,dahuasecurity:xvr5216a-i2,dahuasecurity,xvr5216a-i2,1
cameras,dahuasecurity:xvr5216a-x,dahuasecurity,xvr5216a-x,1
cameras,dahuasecurity:xvr5216an-i2,dahuasecurity,xvr5216an-i2,1
cameras,dahuasecurity:xvr5216an-x,dahuasecurity,xvr5216an-x,1
cameras,dahuasecurity:xvr5232an-i2,dahuasecurity,xvr5232an-i2,1
cameras,dahuasecurity:xvr5232an-x,dahuasecurity,xvr5232an-x,1
cameras,dahuasecurity:xvr5408l-i2,dahuasecurity,xvr5408l-i2,1
cameras,dahuasecurity:xvr5416l-i2,dahuasecurity,xvr5416l-i2,1
cameras,dahuasecurity:xvr5432l-i2,dahuasecurity,xvr5432l-i2,1
cameras,dahuasecurity:xvr5432l-x,dahuasecurity,xvr5432l-x,1
cameras,dahuasecurity:xvr5808s-i2,dahuasecurity,xvr5808s-i2,1
cameras,dahuasecurity:xvr5816s-i2,dahuasecurity,xvr5816s-i2,1
cameras,dahuasecurity:xvr5832s-i2,dahuasecurity,xvr5832s-i2,1
cameras,dahuasecurity:xvr5832s-x,dahuasecurity,xvr5832s-x,1
cameras,dahuasecurity:xvr5x04,dahuasecurity,xvr5x04,1
cameras,dahuasecurity:xvr5x08,dahuasecurity,xvr5x08,1
cameras,dahuasecurity:xvr5x16,dahuasecurity,xvr5x16,1
cameras,dahuasecurity:xvr5xxx,dahuasecurity,xvr5xxx,1
cameras,dahuasecurity:xvr7x16,dahuasecurity,xvr7x16,1
cameras,dahuasecurity:xvr7xxx,dahuasecurity,xvr7xxx,1
cameras,dlink:dcs-2000,dlink,dcs-2000,1
cameras,dlink:dcs-2103,dlink,dcs-2103,1
cameras,dlink:dcs-2132l,dlink,dcs-2132l,1
cameras,dlink:dcs-2136l,dlink,dcs-2136l,1
cameras,dlink:dcs-2210l,dlink,dcs-2210l,1
cameras,dlink:dcs-2230l,dlink,dcs-2230l,1
cameras,dlink:dcs-2310l,dlink,dcs-2310l,1
cameras,dlink:dcs-2330l,dlink,dcs-2330l,1
cameras,dlink:dcs-2332l,dlink,dcs-2332l,1
cameras,dlink:dcs-2630l,dlink,dcs-2630l,1
cameras,dlink:dcs-5009,dlink,dcs-5009,1
cameras,dlink:dcs-5010,dlink,dcs-5010,1
cameras,dlink:dcs-5029l,dlink,dcs-5029l,1
cameras,dlink:dcs-5220,dlink,dcs-5220,1
cameras,dlink:dcs-5222lb1,dlink,dcs-5222lb1,1
cameras,dlink:dcs-5300,dlink,dcs-5300,1
cameras,dlink:dcs-5605_ptz_ip_network_camera,dlink,dcs-5605_ptz_ip_network_camera,1
cameras,dlink:dcs-5615,dlink,dcs-5615,1
cameras,dlink:dcs-6212l,dlink,dcs-6212l,1
cameras,dlink:dcs-6517,dlink,dcs-6517,1
cameras,dlink:dcs-7000l,dlink,dcs-7000l,1
cameras,dlink:dcs-7010l,dlink,dcs-7010l,1
cameras,dlink:dcs-8000lh,dlink,dcs-8000lh,1
cameras,dlink:dcs-8100lh,dlink,dcs-8100lh,1
cameras,dlink:dcs-820l,dlink,dcs-820l,1
cameras,dlink:dcs-850l,dlink,dcs-850l,1
cameras,dlink:dcs-855l,dlink,dcs-855l,1
cameras,dlink:dcs-900,dlink,dcs-900,1
cameras,dlink:dcs-942lb1,dlink,dcs-942lb1,1
cameras,edimax:ic-3116w,edimax,ic-3116w,1
cameras,eufy:homebase_2,eufy,homebase_2,1
cameras,eufylife:solo_indoorcam_c24,eufylife,solo_indoorcam_c24,1
cameras,eufylife:solo_indoorcam_p24,eufylife,solo_indoorcam_p24,1
cameras,everfocus:edr1600,everfocus,edr1600,1
cameras,ezviz:cs-c3n-a0-3h2wfrl,ezviz,cs-c3n-a0-3h2wfrl,1
cameras,ezviz:cs-c3w-a0-3h4wfrl,ezviz,cs-c3w-a0-3h4wfrl,1
cameras,ezviz:cs-c6cn-a0-3h2wfr,ezviz,cs-c6cn-a0-3h2wfr,1
cameras,ezviz:cs-cv248,ezviz,cs-cv248,1
cameras,ezviz:cs-db1c-a0-1e2w2fr,ezviz,cs-db1c-a0-1e2w2fr,1
cameras,faleemi:fsc-880,faleemi,fsc-880,1
cameras,floureon:sp012,floureon,sp012,1
cameras,foscam:c1_hd_indoor_camera,foscam,c1_hd_indoor_camera,1
cameras,foscam:c1_webcam,foscam,c1_webcam,1
cameras,foscam:fi8620,foscam,fi8620,1
cameras,foscam:fi9800xe,foscam,fi9800xe,1
cameras,foscam:fi9903p,foscam,fi9903p,1
cameras,foscam:h.264_hi3510\/11\/12_ip_camera,foscam,h.264_hi3510\/11\/12_ip_camera,1
cameras,foscam:ip_camera,foscam,ip_camera,1
cameras,foscam:r2c,foscam,r2c,1
cameras,foscam:r2c_application,foscam,r2c_application,1
cameras,foscam:r2c_system,foscam,r2c_system,1
cameras,foscam:wireless_ip_camera,foscam,wireless_ip_camera,1
cameras,genieaccess:wip3bvaf,genieaccess,wip3bvaf,1
cameras,getvera:vera_edge,getvera,vera_edge,1
cameras,goahead:wireless_ip_camera_wificam,goahead,wireless_ip_camera_wificam,1
cameras,"google:nest_cam_\(indoor\,_wired\)",google,"nest_cam_\(indoor\,_wired\)",1
cameras,"google:nest_cam_\(outdoor_or_indoor\,_battery\)",google,"nest_cam_\(outdoor_or_indoor\,_battery\)",1
cameras,google:nest_cam_iq,google,nest_cam_iq,1
cameras,google:nest_cam_with_floodlight,google,nest_cam_with_floodlight,1
cameras,google:nest_doorbell_\(battery\),google,nest_doorbell_\(battery\),1
cameras,govicture:pc530,govicture,pc530,1
cameras,grandstream:gxv3611_hd,grandstream,gxv3611_hd,1
cameras,guardzilla:360_indoor,guardzilla,360_indoor,1
cameras,guardzilla:360_outdoor,guardzilla,360_outdoor,1
cameras,guardzilla:gz521w,guardzilla,gz521w,1
cameras,guardzilla:gz621w,guardzilla,gz621w,1
cameras,guardzilla:indoor_hd_camera,guardzilla,indoor_hd_camera,1
cameras,guardzilla:outdoor_hd_camera,guardzilla,outdoor_hd_camera,1
cameras,hej:hejhome_gkw-ic052,hej,hejhome_gkw-ic052,1
cameras,hikvision:ds-2cd2021g1-i\(w\),hikvision,ds-2cd2021g1-i\(w\),1
cameras,hikvision:ds-2cd2023g2-i\(u\),hikvision,ds-2cd2023g2-i\(u\),1
cameras,hikvision:ds-2cd2026g2-iu\/sl,hikvision,ds-2cd2026g2-iu\/sl,1
cameras,hikvision:ds-2cd2027g2-l\(u\),hikvision,ds-2cd2027g2-l\(u\),1
cameras,hikvision:ds-2cd2027g2-lu\/sl,hikvision,ds-2cd2027g2-lu\/sl,1
cameras,hikvision:ds-2cd2043g2-i\(u\),hikvision,ds-2cd2043g2-i\(u\),1
cameras,hikvision:ds-2cd2046g2-iu\/sl,hikvision,ds-2cd2046g2-iu\/sl,1
cameras,hikvision:ds-2cd2047g2-l\(u\),hikvision,ds-2cd2047g2-l\(u\),1
cameras,hikvision:ds-2cd2063g2-i\(u\),hikvision,ds-2cd2063g2-i\(u\),1
cameras,hikvision:ds-2cd2066g2-i\(u\),hikvision,ds-2cd2066g2-i\(u\),1
cameras,hikvision:ds-2cd2066g2-iu\/sl,hikvision,ds-2cd2066g2-iu\/sl,1
cameras,hikvision:ds-2cd2083g2-i\(u\),hikvision,ds-2cd2083g2-i\(u\),1
cameras,hikvision:ds-2cd2086g2-i\(u\),hikvision,ds-2cd2086g2-i\(u\),1
cameras,hikvision:ds-2cd2086g2-iu\/sl,hikvision,ds-2cd2086g2-iu\/sl,1
cameras,hikvision:ds-2cd2087g2-l\(u\),hikvision,ds-2cd2087g2-l\(u\),1
cameras,hikvision:ds-2cd2121g0-i\(w\)\(s\),hikvision,ds-2cd2121g0-i\(w\)\(s\),1
cameras,hikvision:ds-2cd2121g1,hikvision,ds-2cd2121g1,1
cameras,hikvision:ds-2cd2121g1-i\(w\),hikvision,ds-2cd2121g1-i\(w\),1
cameras,hikvision:ds-2cd2121g1-idw,hikvision,ds-2cd2121g1-idw,1
cameras,hikvision:ds-2cd2123g2-i\(s\),hikvision,ds-2cd2123g2-i\(s\),1
cameras,hikvision:ds-2cd2123g2-iu,hikvision,ds-2cd2123g2-iu,1
cameras,hikvision:ds-2cd2127g2-\(-su\),hikvision,ds-2cd2127g2-\(-su\),1
cameras,hikvision:ds-2cd2143g2-i\(s\),hikvision,ds-2cd2143g2-i\(s\),1
cameras,hikvision:ds-2cd2143g2-iu,hikvision,ds-2cd2143g2-iu,1
cameras,hikvision:ds-2cd2147g2-l\(su\),hikvision,ds-2cd2147g2-l\(su\),1
cameras,hikvision:ds-2cd2163g2-i\(s\),hikvision,ds-2cd2163g2-i\(s\),1
cameras,hikvision:ds-2cd2163g2-iu,hikvision,ds-2cd2163g2-iu,1
cameras,hikvision:ds-2cd2166g2-i\(su\),hikvision,ds-2cd2166g2-i\(su\),1
cameras,hikvision:ds-2cd2183g2-i\(s\),hikvision,ds-2cd2183g2-i\(s\),1
cameras,hikvision:ds-2cd2183g2-i\(u\),hikvision,ds-2cd2183g2-i\(u\),1
cameras,hikvision:ds-2cd2183g2-iu,hikvision,ds-2cd2183g2-iu,1
cameras,hikvision:ds-2cd2186g2-i\(su\),hikvision,ds-2cd2186g2-i\(su\),1
cameras,hikvision:ds-2cd2186g2-isu,hikvision,ds-2cd2186g2-isu,1
cameras,hikvision:ds-2cd2321g0-i\/nf,hikvision,ds-2cd2321g0-i\/nf,1
cameras,hikvision:ds-2cd2323g2-i\(u\),hikvision,ds-2cd2323g2-i\(u\),1
cameras,hikvision:ds-2cd2326g2-isu\/sl,hikvision,ds-2cd2326g2-isu\/sl,1
cameras,hikvision:ds-2cd2327g2-l\(u\),hikvision,ds-2cd2327g2-l\(u\),1
cameras,hikvision:ds-2cd2343g2-i\(u\),hikvision,ds-2cd2343g2-i\(u\),1
cameras,hikvision:ds-2cd2346g2-isu\/sl,hikvision,ds-2cd2346g2-isu\/sl,1
cameras,hikvision:ds-2cd2347g2-l\(u\),hikvision,ds-2cd2347g2-l\(u\),1
cameras,hikvision:ds-2cd2347g2-lsu\/sl,hikvision,ds-2cd2347g2-lsu\/sl,1
cameras,hikvision:ds-2cd2363g2-i\(u\),hikvision,ds-2cd2363g2-i\(u\),1
cameras,hikvision:ds-2cd2366g2-i\(u\),hikvision,ds-2cd2366g2-i\(u\),1
cameras,hikvision:ds-2cd2366g2-isu\/sl,hikvision,ds-2cd2366g2-isu\/sl,1
cameras,hikvision:ds-2cd2383g2-i\(u\),hikvision,ds-2cd2383g2-i\(u\),1
cameras,hikvision:ds-2cd2386g2-i\(u\),hikvision,ds-2cd2386g2-i\(u\),1
cameras,hikvision:ds-2cd2386g2-isu\/sl,hikvision,ds-2cd2386g2-isu\/sl,1
cameras,hikvision:ds-2cd2387g2-l\(u\),hikvision,ds-2cd2387g2-l\(u\),1
cameras,hikvision:ds-2cd2421g0-i\(d\)\(w\),hikvision,ds-2cd2421g0-i\(d\)\(w\),1
cameras,hikvision:ds-2cd2421g0-i\(d\)w,hikvision,ds-2cd2421g0-i\(d\)w,1
cameras,hikvision:ds-2cd2426g2-i,hikvision,ds-2cd2426g2-i,1
cameras,hikvision:ds-2cd2432f-iw,hikvision,ds-2cd2432f-iw,1
cameras,hikvision:ds-2cd2446g2-i,hikvision,ds-2cd2446g2-i,1
cameras,hikvision:ds-2cd2523g2-i\(s\),hikvision,ds-2cd2523g2-i\(s\),1
cameras,hikvision:ds-2cd2523g2-i\(u\),hikvision,ds-2cd2523g2-i\(u\),1
cameras,hikvision:ds-2cd2526g2-i\(s\),hikvision,ds-2cd2526g2-i\(s\),1
cameras,hikvision:ds-2cd2526g2-is,hikvision,ds-2cd2526g2-is,1
cameras,hikvision:ds-2cd2527g2-ls,hikvision,ds-2cd2527g2-ls,1
cameras,hikvision:ds-2cd2543g2-i\(ws\),hikvision,ds-2cd2543g2-i\(ws\),1
cameras,hikvision:ds-2cd2546g2-i\(s\),hikvision,ds-2cd2546g2-i\(s\),1
cameras,hikvision:ds-2cd2547g2-ls,hikvision,ds-2cd2547g2-ls,1
cameras,hikvision:ds-2cd2547g2-lzs,hikvision,ds-2cd2547g2-lzs,1
cameras,hikvision:ds-2cd2563g2-i\(s\),hikvision,ds-2cd2563g2-i\(s\),1
cameras,hikvision:ds-2cd2566g2-i\(s\),hikvision,ds-2cd2566g2-i\(s\),1
cameras,hikvision:ds-2cd2583g2-i\(s\),hikvision,ds-2cd2583g2-i\(s\),1
cameras,hikvision:ds-2cd2586g2-i\(s\),hikvision,ds-2cd2586g2-i\(s\),1
cameras,hikvision:ds-2cd2621g0-i\(z\)\(s\),hikvision,ds-2cd2621g0-i\(z\)\(s\),1
cameras,hikvision:ds-2cd2623g2-izs,hikvision,ds-2cd2623g2-izs,1
cameras,hikvision:ds-2cd2626g2-izsu\/sl,hikvision,ds-2cd2626g2-izsu\/sl,1
cameras,hikvision:ds-2cd2643g2-izs,hikvision,ds-2cd2643g2-izs,1
cameras,hikvision:ds-2cd2646g2-izsu\/sl,hikvision,ds-2cd2646g2-izsu\/sl,1
cameras,hikvision:ds-2cd2663g2-izs,hikvision,ds-2cd2663g2-izs,1
cameras,hikvision:ds-2cd2666g2-izs,hikvision,ds-2cd2666g2-izs,1
cameras,hikvision:ds-2cd2666g2-izsu\/sl,hikvision,ds-2cd2666g2-izsu\/sl,1
cameras,hikvision:ds-2cd2683g2-izs,hikvision,ds-2cd2683g2-izs,1
cameras,hikvision:ds-2cd2686g2-izs,hikvision,ds-2cd2686g2-izs,1
cameras,hikvision:ds-2cd2686g2-izsu\/sl,hikvision,ds-2cd2686g2-izsu\/sl,1
cameras,hikvision:ds-2cd2721g0-i\(z\)\(s\),hikvision,ds-2cd2721g0-i\(z\)\(s\),1
cameras,hikvision:ds-2cd2723g2-izs,hikvision,ds-2cd2723g2-izs,1
cameras,hikvision:ds-2cd2743g2-izs,hikvision,ds-2cd2743g2-izs,1
cameras,hikvision:ds-2cd2763g2-izs,hikvision,ds-2cd2763g2-izs,1
cameras,hikvision:ds-2cd2766g2-izs,hikvision,ds-2cd2766g2-izs,1
cameras,hikvision:ds-2cd2783g2-izs,hikvision,ds-2cd2783g2-izs,1
cameras,hikvision:ds-2cd2786g2-izs,hikvision,ds-2cd2786g2-izs,1
cameras,hikvision:ds-2cd3023g2-iu,hikvision,ds-2cd3023g2-iu,1
cameras,hikvision:ds-2cd3026g2-is,hikvision,ds-2cd3026g2-is,1
cameras,hikvision:ds-2cd3026g2-iu\/sl,hikvision,ds-2cd3026g2-iu\/sl,1
cameras,hikvision:ds-2cd3043g2-iu,hikvision,ds-2cd3043g2-iu,1
cameras,hikvision:ds-2cd3047g2-ls,hikvision,ds-2cd3047g2-ls,1
cameras,hikvision:ds-2cd3056g2-is,hikvision,ds-2cd3056g2-is,1
cameras,hikvision:ds-2cd3056g2-iu\/sl,hikvision,ds-2cd3056g2-iu\/sl,1
cameras,hikvision:ds-2cd3056g2iu\/sl,hikvision,ds-2cd3056g2iu\/sl,1
cameras,hikvision:ds-2cd3063g2-iu,hikvision,ds-2cd3063g2-iu,1
cameras,hikvision:ds-2cd3086g2-is,hikvision,ds-2cd3086g2-is,1
cameras,hikvision:ds-2cd3123g2-i\(s\)u,hikvision,ds-2cd3123g2-i\(s\)u,1
cameras,hikvision:ds-2cd3126g2-is,hikvision,ds-2cd3126g2-is,1
cameras,hikvision:ds-2cd3126g2-is\(u\),hikvision,ds-2cd3126g2-is\(u\),1
cameras,hikvision:ds-2cd3143g2-i\(s\)u,hikvision,ds-2cd3143g2-i\(s\)u,1
cameras,hikvision:ds-2cd3156g2-is,hikvision,ds-2cd3156g2-is,1
cameras,hikvision:ds-2cd3156g2-is\(u\),hikvision,ds-2cd3156g2-is\(u\),1
cameras,hikvision:ds-2cd3163g2-i\(s\)u,hikvision,ds-2cd3163g2-i\(s\)u,1
cameras,hikvision:ds-2cd3186g2-is\(u\),hikvision,ds-2cd3186g2-is\(u\),1
cameras,hikvision:ds-2cd3323g2-iu,hikvision,ds-2cd3323g2-iu,1
cameras,hikvision:ds-2cd3326g2-isu\/sl,hikvision,ds-2cd3326g2-isu\/sl,1
cameras,hikvision:ds-2cd3343g2-iu,hikvision,ds-2cd3343g2-iu,1
cameras,hikvision:ds-2cd3347g2-ls\(u\),hikvision,ds-2cd3347g2-ls\(u\),1
cameras,hikvision:ds-2cd3356g2-is,hikvision,ds-2cd3356g2-is,1
cameras,hikvision:ds-2cd3356g2-is\(u\),hikvision,ds-2cd3356g2-is\(u\),1
cameras,hikvision:ds-2cd3356g2-isu\/sl,hikvision,ds-2cd3356g2-isu\/sl,1
cameras,hikvision:ds-2cd3363g2-iu,hikvision,ds-2cd3363g2-iu,1
cameras,hikvision:ds-2cd3386g2-is,hikvision,ds-2cd3386g2-is,1
cameras,hikvision:ds-2cd3386g2-is\(u\),hikvision,ds-2cd3386g2-is\(u\),1
cameras,hikvision:ds-2cd3523g2-is,hikvision,ds-2cd3523g2-is,1
cameras,hikvision:ds-2cd3526g2-is,hikvision,ds-2cd3526g2-is,1
cameras,hikvision:ds-2cd3543g2-is,hikvision,ds-2cd3543g2-is,1
cameras,hikvision:ds-2cd3547g2-ls,hikvision,ds-2cd3547g2-ls,1
cameras,hikvision:ds-2cd3556g2-is,hikvision,ds-2cd3556g2-is,1
cameras,hikvision:ds-2cd3563g2-is,hikvision,ds-2cd3563g2-is,1
cameras,hikvision:ds-2cd3586g2-is,hikvision,ds-2cd3586g2-is,1
cameras,hikvision:ds-2cd3623g2-izs,hikvision,ds-2cd3623g2-izs,1
cameras,hikvision:ds-2cd3626g2-izs,hikvision,ds-2cd3626g2-izs,1
cameras,hikvision:ds-2cd3643g2-izs,hikvision,ds-2cd3643g2-izs,1
cameras,hikvision:ds-2cd3656g2-izs,hikvision,ds-2cd3656g2-izs,1
cameras,hikvision:ds-2cd3663g2-izs,hikvision,ds-2cd3663g2-izs,1
cameras,hikvision:ds-2cd3686g2-izs,hikvision,ds-2cd3686g2-izs,1
cameras,hikvision:ds-2cd3723g2-izs,hikvision,ds-2cd3723g2-izs,1
cameras,hikvision:ds-2cd3726g2-izs,hikvision,ds-2cd3726g2-izs,1
cameras,hikvision:ds-2cd3743g2-izs,hikvision,ds-2cd3743g2-izs,1
cameras,hikvision:ds-2cd3756g2-izs,hikvision,ds-2cd3756g2-izs,1
cameras,hikvision:ds-2cd3763g2-izs,hikvision,ds-2cd3763g2-izs,1
cameras,hikvision:ds-2cd3786g2-izs,hikvision,ds-2cd3786g2-izs,1
cameras,hikvision:ds-2df5225x-ae3\(t3\),hikvision,ds-2df5225x-ae3\(t3\),1
cameras,hikvision:ds-2df5225x-ael\(t3\),hikvision,ds-2df5225x-ael\(t3\),1
cameras,hikvision:ds-2df5232x-ae3\)t3\),hikvision,ds-2df5232x-ae3\)t3\),1
cameras,hikvision:ds-2df5232x-ael\(t3\),hikvision,ds-2df5232x-ael\(t3\),1
cameras,hikvision:ds-2df6a225x-ael\)t3\),hikvision,ds-2df6a225x-ael\)t3\),1
cameras,hikvision:ds-2df6a236x-ael\(t3\),hikvision,ds-2df6a236x-ael\(t3\),1
cameras,hikvision:ds-2df6a425x-ael\(t3\),hikvision,ds-2df6a425x-ael\(t3\),1
cameras,hikvision:ds-2df6a436x-ael\(t3\),hikvision,ds-2df6a436x-ael\(t3\),1
cameras,hikvision:ds-2df6a436x-ael\(t5\),hikvision,ds-2df6a436x-ael\(t5\),1
cameras,hikvision:ds-2df6a436x-aely\(t5\),hikvision,ds-2df6a436x-aely\(t5\),1
cameras,hikvision:ds-2df6a825x-ael,hikvision,ds-2df6a825x-ael,1
cameras,hikvision:ds-2df6a836x-ael\(t5\),hikvision,ds-2df6a836x-ael\(t5\),1
cameras,hikvision:ds-2df7225ix-ael\(t3\),hikvision,ds-2df7225ix-ael\(t3\),1
cameras,hikvision:ds-2df7225ix-aelw\(t3\),hikvision,ds-2df7225ix-aelw\(t3\),1
cameras,hikvision:ds-2df7232ix-ael\(t3\),hikvision,ds-2df7232ix-ael\(t3\),1
cameras,hikvision:ds-2df7232ix-aelw\(t3\),hikvision,ds-2df7232ix-aelw\(t3\),1
cameras,hikvision:ds-2df8225ih-ael,hikvision,ds-2df8225ih-ael,1
cameras,hikvision:ds-2df8225ih-ael\(w\),hikvision,ds-2df8225ih-ael\(w\),1
cameras,hikvision:ds-2df8225ix-ael\(t3\),hikvision,ds-2df8225ix-ael\(t3\),1
cameras,hikvision:ds-2df8225ix-ael\(t5\),hikvision,ds-2df8225ix-ael\(t5\),1
cameras,hikvision:ds-2df8225ix-aelw\(t3\),hikvision,ds-2df8225ix-aelw\(t3\),1
cameras,hikvision:ds-2df8225ix-aelw\(t5\),hikvision,ds-2df8225ix-aelw\(t5\),1
cameras,hikvision:ds-2df8236i5x-aelw,hikvision,ds-2df8236i5x-aelw,1
cameras,hikvision:ds-2df8242i5x-ael\(t3\),hikvision,ds-2df8242i5x-ael\(t3\),1
cameras,hikvision:ds-2df8242i5x-aelw\(t3\),hikvision,ds-2df8242i5x-aelw\(t3\),1
cameras,hikvision:ds-2df8242i5x-aelw\(t5\),hikvision,ds-2df8242i5x-aelw\(t5\),1
cameras,hikvision:ds-2df8242ix-ael\(t5\),hikvision,ds-2df8242ix-ael\(t5\),1
cameras,hikvision:ds-2df8242ix-aelw\(t3\),hikvision,ds-2df8242ix-aelw\(t3\),1
cameras,hikvision:ds-2df8242ix-aely\(t3\),hikvision,ds-2df8242ix-aely\(t3\),1
cameras,hikvision:ds-2df8250i8x-ael\(t3\),hikvision,ds-2df8250i8x-ael\(t3\),1
cameras,hikvision:ds-2df8425ix-ael\(t3\),hikvision,ds-2df8425ix-ael\(t3\),1
cameras,hikvision:ds-2df8425ix-ael\(t5\),hikvision,ds-2df8425ix-ael\(t5\),1
cameras,hikvision:ds-2df8425ix-aelw\(t3\),hikvision,ds-2df8425ix-aelw\(t3\),1
cameras,hikvision:ds-2df8425ix-aelw\(t5\),hikvision,ds-2df8425ix-aelw\(t5\),1
cameras,hikvision:ds-2df8436i5x-aelw\(t3\),hikvision,ds-2df8436i5x-aelw\(t3\),1
cameras,hikvision:ds-2df8442ixs-ael\(t5\),hikvision,ds-2df8442ixs-ael\(t5\),1
cameras,hikvision:ds-2df8442ixs-aelw\(t2\),hikvision,ds-2df8442ixs-aelw\(t2\),1
cameras,hikvision:ds-2df8442ixs-aelw\(t5\),hikvision,ds-2df8442ixs-aelw\(t5\),1
cameras,hikvision:ds-2df8442ixs-aelwy\(t5\),hikvision,ds-2df8442ixs-aelwy\(t5\),1
cameras,hikvision:ds-2df8442ixs-aely\(t5\),hikvision,ds-2df8442ixs-aely\(t5\),1
cameras,hikvision:ds-2df8a442ixs-ael\(t2\),hikvision,ds-2df8a442ixs-ael\(t2\),1
cameras,hikvision:ds-2df8a442ixs-ael\(t5\),hikvision,ds-2df8a442ixs-ael\(t5\),1
cameras,hikvision:ds-2df8a442ixs-aely\(t5\),hikvision,ds-2df8a442ixs-aely\(t5\),1
cameras,hikvision:ds-2df8a442ixs-af\/sp\(t5\),hikvision,ds-2df8a442ixs-af\/sp\(t5\),1
cameras,hikvision:ds-2df8a442nxs-ael\(t5\),hikvision,ds-2df8a442nxs-ael\(t5\),1
cameras,hikvision:ds-2df8a842ixs-ael\(t5\),hikvision,ds-2df8a842ixs-ael\(t5\),1
cameras,hikvision:ds-2dy9236i8x-a,hikvision,ds-2dy9236i8x-a,1
cameras,hikvision:ds-2dy9236i8x-a\(t3\),hikvision,ds-2dy9236i8x-a\(t3\),1
cameras,hikvision:ds-2dy9236ix-a\(t3\),hikvision,ds-2dy9236ix-a\(t3\),1
cameras,hikvision:ds-2dy9236x-a\(t3\),hikvision,ds-2dy9236x-a\(t3\),1
cameras,hikvision:ds-2dy9240ix-a\(t5\),hikvision,ds-2dy9240ix-a\(t5\),1
cameras,hikvision:ds-2dy92500x-a\(t5\),hikvision,ds-2dy92500x-a\(t5\),1
cameras,hikvision:ds-2dy9250izs-a\(t5\),hikvision,ds-2dy9250izs-a\(t5\),1
cameras,hikvision:ds-2dyh2a0ixs-d\(t2\),hikvision,ds-2dyh2a0ixs-d\(t2\),1
cameras,hikvision:ds-2td1117-2\/pa,hikvision,ds-2td1117-2\/pa,1
cameras,hikvision:ds-2td1117-3\/pa,hikvision,ds-2td1117-3\/pa,1
cameras,hikvision:ds-2td1117-6\/pa,hikvision,ds-2td1117-6\/pa,1
cameras,hikvision:ds-2td1217b-3\/pa,hikvision,ds-2td1217b-3\/pa,1
cameras,hikvision:ds-2td1217b-6\/pa,hikvision,ds-2td1217b-6\/pa,1
cameras,hikvision:ds-2td4136t-9,hikvision,ds-2td4136t-9,1
cameras,hikvision:ds-2td4137-25\/w,hikvision,ds-2td4137-25\/w,1
cameras,hikvision:ds-2td4137-50\/w,hikvision,ds-2td4137-50\/w,1
cameras,hikvision:ds-2td4166t-9,hikvision,ds-2td4166t-9,1
cameras,hikvision:ds-2td4167-25\/w,hikvision,ds-2td4167-25\/w,1
cameras,hikvision:ds-2td4167-50\/w,hikvision,ds-2td4167-50\/w,1
cameras,hikvision:ds-2td6236t-50h2l,hikvision,ds-2td6236t-50h2l,1
cameras,hikvision:ds-2td6237-50h4l\/w,hikvision,ds-2td6237-50h4l\/w,1
cameras,hikvision:ds-2td6237-75c4l\/w,hikvision,ds-2td6237-75c4l\/w,1
cameras,hikvision:ds-2td6266t-25h2l,hikvision,ds-2td6266t-25h2l,1
cameras,hikvision:ds-2td6266t-50h2l,hikvision,ds-2td6266t-50h2l,1
cameras,hikvision:ds-2td6267-100c4l\/w,hikvision,ds-2td6267-100c4l\/w,1
cameras,hikvision:ds-2td6267-100c4l\/wy,hikvision,ds-2td6267-100c4l\/wy,1
cameras,hikvision:ds-2td6267-50h4l\/w,hikvision,ds-2td6267-50h4l\/w,1
cameras,hikvision:ds-2td6267-75c4l\/w,hikvision,ds-2td6267-75c4l\/w,1
cameras,hikvision:ds-2td6267-75c4l\/wy,hikvision,ds-2td6267-75c4l\/wy,1
cameras,hikvision:ds-2td8166-100c2f\/v2,hikvision,ds-2td8166-100c2f\/v2,1
cameras,hikvision:ds-2td8166-150ze2f\/v2,hikvision,ds-2td8166-150ze2f\/v2,1
cameras,hikvision:ds-2td8166-150zh2f\/v2,hikvision,ds-2td8166-150zh2f\/v2,1
cameras,hikvision:ds-2td8166-180ze2f\/v2,hikvision,ds-2td8166-180ze2f\/v2,1
cameras,hikvision:ds-2td8166-75c2f\/v2,hikvision,ds-2td8166-75c2f\/v2,1
cameras,hikvision:ds-2td8167-150zc4f\/w,hikvision,ds-2td8167-150zc4f\/w,1
cameras,hikvision:ds-2td8167-190ze2f\/w,hikvision,ds-2td8167-190ze2f\/w,1
cameras,hikvision:ds-2td8167-190ze2f\/wy,hikvision,ds-2td8167-190ze2f\/wy,1
cameras,hikvision:ds-2td8167-230zg2f\/w,hikvision,ds-2td8167-230zg2f\/w,1
cameras,hikvision:ds-2td8167-230zg2f\/wy,hikvision,ds-2td8167-230zg2f\/wy,1
cameras,hikvision:ds-2xe6242f-is\/316l\(b\),hikvision,ds-2xe6242f-is\/316l\(b\),1
cameras,hikvision:ds-2xe6422fwd-izhrs,hikvision,ds-2xe6422fwd-izhrs,1
cameras,hikvision:ds-2xe6442f-izhrs\(b\),hikvision,ds-2xe6442f-izhrs\(b\),1
cameras,hikvision:ds-2xe6452f-izh\(r\)s,hikvision,ds-2xe6452f-izh\(r\)s,1
cameras,hikvision:ds-2xe6482f-izhrs,hikvision,ds-2xe6482f-izhrs,1
cameras,hikvision:ds-7104ni-q1,hikvision,ds-7104ni-q1,1
cameras,hikvision:ds-7104ni-q1\(c\),hikvision,ds-7104ni-q1\(c\),1
cameras,hikvision:ds-7104ni-q1\(d\),hikvision,ds-7104ni-q1\(d\),1
cameras,hikvision:ds-7104ni-q1\/4p,hikvision,ds-7104ni-q1\/4p,1
cameras,hikvision:ds-7104ni-q1\/4p\/m,hikvision,ds-7104ni-q1\/4p\/m,1
cameras,hikvision:ds-7104ni-q1\/m,hikvision,ds-7104ni-q1\/m,1
cameras,hikvision:ds-7108ni-q1,hikvision,ds-7108ni-q1,1
cameras,hikvision:ds-7108ni-q1\(c\),hikvision,ds-7108ni-q1\(c\),1
cameras,hikvision:ds-7108ni-q1\(d\),hikvision,ds-7108ni-q1\(d\),1
cameras,hikvision:ds-7108ni-q1\/8p,hikvision,ds-7108ni-q1\/8p,1
cameras,hikvision:ds-7108ni-q1\/8p\/m,hikvision,ds-7108ni-q1\/8p\/m,1
cameras,hikvision:ds-7108ni-q1\/m,hikvision,ds-7108ni-q1\/m,1
cameras,hikvision:ds-7604ni-k1,hikvision,ds-7604ni-k1,1
cameras,hikvision:ds-7604ni-k1\(c\),hikvision,ds-7604ni-k1\(c\),1
cameras,hikvision:ds-7604ni-k1\/4p\/4g,hikvision,ds-7604ni-k1\/4p\/4g,1
cameras,hikvision:ds-7604ni-k1\/4p\/4g\(c\),hikvision,ds-7604ni-k1\/4p\/4g\(c\),1
cameras,hikvision:ds-7604ni-q1,hikvision,ds-7604ni-q1,1
cameras,hikvision:ds-7604ni-q1\(c\),hikvision,ds-7604ni-q1\(c\),1
cameras,hikvision:ds-7604ni-q1\/4p,hikvision,ds-7604ni-q1\/4p,1
cameras,hikvision:ds-7604ni-q1\/4p\(c\),hikvision,ds-7604ni-q1\/4p\(c\),1
cameras,hikvision:ds-7608ni-k1,hikvision,ds-7608ni-k1,1
cameras,hikvision:ds-7608ni-k1\/4g,hikvision,ds-7608ni-k1\/4g,1
cameras,hikvision:ds-7608ni-k1\/8p,hikvision,ds-7608ni-k1\/8p,1
cameras,hikvision:ds-7608ni-k1\/8p\(c\),hikvision,ds-7608ni-k1\/8p\(c\),1
cameras,hikvision:ds-7608ni-k1\/8p\/4g,hikvision,ds-7608ni-k1\/8p\/4g,1
cameras,hikvision:ds-7608ni-k1\/8p\/4g\(c\),hikvision,ds-7608ni-k1\/8p\/4g\(c\),1
cameras,hikvision:ds-7608ni-q1,hikvision,ds-7608ni-q1,1
cameras,hikvision:ds-7608ni-q1\(c\),hikvision,ds-7608ni-q1\(c\),1
cameras,hikvision:ds-7608ni-q1\/8p,hikvision,ds-7608ni-q1\/8p,1
cameras,hikvision:ds-7608ni-q1\/8p\(c\),hikvision,ds-7608ni-q1\/8p\(c\),1
cameras,hikvision:ds-7608ni-q2,hikvision,ds-7608ni-q2,1
cameras,hikvision:ds-7608ni-q2\(c\),hikvision,ds-7608ni-q2\(c\),1
cameras,hikvision:ds-7608ni-q2\/8p,hikvision,ds-7608ni-q2\/8p,1
cameras,hikvision:ds-7608ni-q2\/8p\(c\),hikvision,ds-7608ni-q2\/8p\(c\),1
cameras,hikvision:ds-760ni-k1\/4p,hikvision,ds-760ni-k1\/4p,1
cameras,hikvision:ds-7616ni-k1,hikvision,ds-7616ni-k1,1
cameras,hikvision:ds-7616ni-k1\(c\),hikvision,ds-7616ni-k1\(c\),1
cameras,hikvision:ds-7616ni-q1,hikvision,ds-7616ni-q1,1
cameras,hikvision:ds-7616ni-q1\(c\),hikvision,ds-7616ni-q1\(c\),1
cameras,hikvision:ds-7616ni-q2,hikvision,ds-7616ni-q2,1
cameras,hikvision:ds-7616ni-q2\(c\),hikvision,ds-7616ni-q2\(c\),1
cameras,hikvision:ds-7616ni-q2\/16p,hikvision,ds-7616ni-q2\/16p,1
cameras,hikvision:ds-7616ni-q2\/16p\(c\),hikvision,ds-7616ni-q2\/16p\(c\),1
cameras,hikvision:ds-k1t341c,hikvision,ds-k1t341c,1
cameras,hikvision:ds-k1t341cm,hikvision,ds-k1t341cm,1
cameras,hikvision:ds-k1t343efwx,hikvision,ds-k1t343efwx,1
cameras,hikvision:ds-k1t343efx,hikvision,ds-k1t343efx,1
cameras,hikvision:ds-k1t343mfwx,hikvision,ds-k1t343mfwx,1
cameras,hikvision:ds-k1t343mfx,hikvision,ds-k1t343mfx,1
cameras,hikvision:ds-k1t671t,hikvision,ds-k1t671t,1
cameras,hikvision:ds-k1t671tm,hikvision,ds-k1t671tm,1
cameras,hikvision:ds-k1t671tm-3xf,hikvision,ds-k1t671tm-3xf,1
cameras,hikvision:ds-k1t671tmf,hikvision,ds-k1t671tmf,1
cameras,hikvision:ds-k1t671tmfw,hikvision,ds-k1t671tmfw,1
cameras,hikvision:ds-k1t671tmw,hikvision,ds-k1t671tmw,1
cameras,hikvision:ds-kh6220-le1,hikvision,ds-kh6220-le1,1
cameras,hikvision:ds-kh6320-le1,hikvision,ds-kh6320-le1,1
cameras,hikvision:ds-kh6320-tde1,hikvision,ds-kh6320-tde1,1
cameras,hikvision:ds-kh6320-te1,hikvision,ds-kh6320-te1,1
cameras,hikvision:ds-kh6320-wtde1,hikvision,ds-kh6320-wtde1,1
cameras,hikvision:ds-kh6320-wte1,hikvision,ds-kh6320-wte1,1
cameras,hikvision:ds-kh6350-wte1,hikvision,ds-kh6350-wte1,1
cameras,hikvision:ds-kh6351-te1,hikvision,ds-kh6351-te1,1
cameras,hikvision:ds-kh6351-wte1,hikvision,ds-kh6351-wte1,1
cameras,hikvision:ds-kh63le1\(b\),hikvision,ds-kh63le1\(b\),1
cameras,hikvision:ds-kh8520-wte1,hikvision,ds-kh8520-wte1,1
cameras,hikvision:ds-kh9310-wte1\(b\),hikvision,ds-kh9310-wte1\(b\),1
cameras,hikvision:ds-kh9510-wte1\(b\),hikvision,ds-kh9510-wte1\(b\),1
cameras,hikvision:dvr,hikvision,dvr,1
cameras,hikvision:dvr_ds-7204,hikvision,dvr_ds-7204,1
cameras,hikvision:ids-2pt9a144mxs-d\/t2,hikvision,ids-2pt9a144mxs-d\/t2,1
cameras,hikvision:ids-2sk718mxs-d,hikvision,ids-2sk718mxs-d,1
cameras,hikvision:ids-2sk8144ixs-d\/j,hikvision,ids-2sk8144ixs-d\/j,1
cameras,hikvision:ids-2vs435-f840-ey,hikvision,ids-2vs435-f840-ey,1
cameras,hikvision:ids-2vs435-f840-ey\(t3\),hikvision,ids-2vs435-f840-ey\(t3\),1
cameras,hikvision:nvr-104mh-c\(c\),hikvision,nvr-104mh-c\(c\),1
cameras,hikvision:nvr-104mh-c\(d\),hikvision,nvr-104mh-c\(d\),1
cameras,hikvision:nvr-104mh-c\/4p\(d\),hikvision,nvr-104mh-c\/4p\(d\),1
cameras,hikvision:nvr-104mh-d\(c\),hikvision,nvr-104mh-d\(c\),1
cameras,hikvision:nvr-104mh-d\(d\),hikvision,nvr-104mh-d\(d\),1
cameras,hikvision:nvr-104mh-d\/4p\(c\),hikvision,nvr-104mh-d\/4p\(c\),1
cameras,hikvision:nvr-108h-d\(c\),hikvision,nvr-108h-d\(c\),1
cameras,hikvision:nvr-108h-d\/8p\(c\),hikvision,nvr-108h-d\/8p\(c\),1
cameras,hikvision:nvr-108h-d\/8p\(d\),hikvision,nvr-108h-d\/8p\(d\),1
cameras,hikvision:nvr-108mh-c\(c\),hikvision,nvr-108mh-c\(c\),1
cameras,hikvision:nvr-108mh-c\(d\),hikvision,nvr-108mh-c\(d\),1
cameras,hikvision:nvr-108mh-c\/8p\(c\),hikvision,nvr-108mh-c\/8p\(c\),1
cameras,hikvision:nvr-108mh-d\(c\),hikvision,nvr-108mh-d\(c\),1
cameras,hikvision:nvr-108mh-d\(d\),hikvision,nvr-108mh-d\(d\),1
cameras,hikvision:nvr-108mh-d\/8p\(c\),hikvision,nvr-108mh-d\/8p\(c\),1
cameras,hikvision:nvr-116mh-c\(c\),hikvision,nvr-116mh-c\(c\),1
cameras,hikvision:nvr-116mh-c\(d\),hikvision,nvr-116mh-c\(d\),1
cameras,hikvision:nvr-208mh-c\(c\),hikvision,nvr-208mh-c\(c\),1
cameras,hikvision:nvr-208mh-c\/8p\(d\),hikvision,nvr-208mh-c\/8p\(d\),1
cameras,hikvision:nvr-216mh-c\(d\),hikvision,nvr-216mh-c\(d\),1
cameras,hikvision:nvr-216mh-c\/16p\(d\),hikvision,nvr-216mh-c\/16p\(d\),1
cameras,hikvision:ptz-n2204i-de3,hikvision,ptz-n2204i-de3,1
cameras,hikvision:ptz-n2404i-de3,hikvision,ptz-n2404i-de3,1
cameras,hikvision:ptz-n4215-de3,hikvision,ptz-n4215-de3,1
cameras,hikvision:ptz-n4215i-de,hikvision,ptz-n4215i-de,1
cameras,hikvision:ptz-n4225i-de,hikvision,ptz-n4225i-de,1
cameras,hikvision:ptz-n5225i-a,hikvision,ptz-n5225i-a,1
cameras,hitron:hvr-16781,hitron,hvr-16781,1
cameras,hitron:hvr-4781,hitron,hvr-4781,1
cameras,hitron:hvr-8781,hitron,hvr-8781,1
cameras,hitron:lguvr-16h,hitron,lguvr-16h,1
cameras,hitron:lguvr-4h,hitron,lguvr-4h,1
cameras,hitron:lguvr-8h,hitron,lguvr-8h,1
cameras,icatchinc:dvr,icatchinc,dvr,1
cameras,ichano:athome_ip_camera,ichano,athome_ip_camera,1
cameras,iodata:ts-wlcam\/v_camera,iodata,ts-wlcam\/v_camera,1
cameras,iodata:ts-wlcam_camera,iodata,ts-wlcam_camera,1
cameras,iodata:ts-wlce_camera,iodata,ts-wlce_camera,1
cameras,iodata:ts-wrlc_camera,iodata,ts-wrlc_camera,1
cameras,keekoonvision:kk002_ip_camera,keekoonvision,kk002_ip_camera,1
cameras,keruigroup:ypc99,keruigroup,ypc99,1
cameras,keruistore:kerui_k259,keruistore,kerui_k259,1
cameras,keview:ip_camera,keview,ip_camera,1
cameras,kongtop:a303,kongtop,a303,1
cameras,kongtop:a403,kongtop,a403,1
cameras,kongtop:d303,kongtop,d303,1
cameras,kongtop:d305,kongtop,d305,1
cameras,kongtop:d403,kongtop,d403,1
cameras,lg:lnb5110,lg,lnb5110,1
cameras,lg:lnb5320,lg,lnb5320,1
cameras,lg:lnb5320r,lg,lnb5320r,1
cameras,lg:lnb7210,lg,lnb7210,1
cameras,lg:lnd3230r,lg,lnd3230r,1
cameras,lg:lnd5110,lg,lnd5110,1
cameras,lg:lnd5110r,lg,lnd5110r,1
cameras,lg:lnd5220r,lg,lnd5220r,1
cameras,lg:lnd7210,lg,lnd7210,1
cameras,lg:lnd7210r,lg,lnd7210r,1
cameras,lg:lnu3230r,lg,lnu3230r,1
cameras,lg:lnu5110r,lg,lnu5110r,1
cameras,lg:lnu5320r,lg,lnu5320r,1
cameras,lg:lnu7210r,lg,lnu7210r,1
cameras,lg:lnv5110r,lg,lnv5110r,1
cameras,lg:lnv5320r,lg,lnv5320r,1
cameras,lg:lnv7210,lg,lnv7210,1
cameras,lg:lnv7210r,lg,lnv7210r,1
cameras,lorextechnology:edge,lorextechnology,edge,1
cameras,lorextechnology:edge2,lorextechnology,edge2,1
cameras,lorextechnology:edge3,lorextechnology,edge3,1
cameras,lorextechnology:edge\+,lorextechnology,edge\+,1
cameras,lorextechnology:lnc104,lorextechnology,lnc104,1
cameras,lorextechnology:lnc116,lorextechnology,lnc116,1
cameras,lsc:ptz_dual_band_camera,lsc,ptz_dual_band_camera,1
cameras,lsc:smart_connect_indoor_ip_camera,lsc,smart_connect_indoor_ip_camera,1
cameras,mercurycom:mipc451-4,mercurycom,mipc451-4,1
cameras,momentum:momentum_axel_720p,momentum,momentum_axel_720p,1
cameras,mvpower:tv-7104he,mvpower,tv-7104he,1
cameras,mvpower:tv7108he,mvpower,tv7108he,1
cameras,nadatel:at-0402e,nadatel,at-0402e,1
cameras,nadatel:at-0402l,nadatel,at-0402l,1
cameras,nadatel:at-0402m,nadatel,at-0402m,1
cameras,nadatel:at-0402r,nadatel,at-0402r,1
cameras,nadatel:at-0413m,nadatel,at-0413m,1
cameras,nadatel:at-0413s,nadatel,at-0413s,1
cameras,nadatel:at-0815e,nadatel,at-0815e,1
cameras,nadatel:at-0815l,nadatel,at-0815l,1
cameras,nadatel:at-0815m,nadatel,at-0815m,1
cameras,nadatel:at-0815r,nadatel,at-0815r,1
cameras,nadatel:at-0823m,nadatel,at-0823m,1
cameras,nadatel:at-0823s,nadatel,at-0823s,1
cameras,nadatel:at-1623e,nadatel,at-1623e,1
cameras,nadatel:at-1623l,nadatel,at-1623l,1
cameras,nadatel:at-1623m,nadatel,at-1623m,1
cameras,nadatel:at-1623r,nadatel,at-1623r,1
cameras,nadatel:at-1643m,nadatel,at-1643m,1
cameras,nadatel:at-1643s,nadatel,at-1643s,1
cameras,netatmo:smart_indoor_camera,netatmo,smart_indoor_camera,1
cameras,netwavepr:indoor_ip_camera,netwavepr,indoor_ip_camera,1
cameras,netwavepr:outdoor_ip_camera,netwavepr,outdoor_ip_camera,1
cameras,nuuo:nvrmini2,nuuo,nvrmini2,1
cameras,nuuo:nvrmini_2,nuuo,nvrmini_2,1
cameras,nuuo:nvrsolo,nuuo,nvrsolo,1
cameras,panasonic:bb_hcm511,panasonic,bb_hcm511,1
cameras,panasonic:bb_hcm515,panasonic,bb_hcm515,1
cameras,panasonic:bb_hcm527,panasonic,bb_hcm527,1
cameras,panasonic:bb_hcm531,panasonic,bb_hcm531,1
cameras,panasonic:bb_hcm580,panasonic,bb_hcm580,1
cameras,panasonic:bb_hcm581,panasonic,bb_hcm581,1
cameras,panasonic:bl_c111,panasonic,bl_c111,1
cameras,panasonic:bl_c131,panasonic,bl_c131,1
cameras,panasonic:network_camera_recorder,panasonic,network_camera_recorder,1
cameras,planet:nvr-1615,planet,nvr-1615,1
cameras,planet:nvr-915,planet,nvr-915,1
cameras,planex:cs-qr22,planex,cs-qr22,1
cameras,planex:cs-qr220,planex,cs-qr220,1
cameras,planex:cs-qr300,planex,cs-qr300,1
cameras,qacctv:jooan_a5_ip_camera,qacctv,jooan_a5_ip_camera,1
cameras,qbeecam:qbee_multi-sensor_camera,qbeecam,qbee_multi-sensor_camera,1
cameras,qcp:qcp200w,qcp,qcp200w,1
cameras,qnap:ej1600,qnap,ej1600,1
cameras,qnap:nvr_storage_expansion,qnap,nvr_storage_expansion,1
cameras,qnap:qvr,qnap,qvr,1
cameras,qnap:tl-d1600s,qnap,tl-d1600s,1
cameras,qnap:tl-d400s,qnap,tl-d400s,1
cameras,qnap:tl-d800c,qnap,tl-d800c,1
cameras,qnap:tl-d800s,qnap,tl-d800s,1
cameras,qnap:tl-r1200c-rp,qnap,tl-r1200c-rp,1
cameras,qnap:tl-r1200s-rp,qnap,tl-r1200s-rp,1
cameras,qnap:tl-r1220sep-rp,qnap,tl-r1220sep-rp,1
cameras,qnap:tl-r1620sdc,qnap,tl-r1620sdc,1
cameras,qnap:tl-r1620sep-rp,qnap,tl-r1620sep-rp,1
cameras,qnap:tl-r400s,qnap,tl-r400s,1
cameras,qnap:tr-002,qnap,tr-002,1
cameras,qnap:tr-004,qnap,tr-004,1
cameras,qnap:tr-004u,qnap,tr-004u,1
cameras,reolink:c1_pro,reolink,c1_pro,1
cameras,reolink:c2_pro,reolink,c2_pro,1
cameras,reolink:rlc-422w,reolink,rlc-422w,1
cameras,reolink:rlc-511w,reolink,rlc-511w,1
cameras,samsung:sth-eth-250,samsung,sth-eth-250,1
cameras,simicam:ip_camera,simicam,ip_camera,1
cameras,sony:sony_network_camera_snc-p5,sony,sony_network_camera_snc-p5,1
cameras,sricam:nvs001,sricam,nvs001,1
cameras,sricam:sh016,sricam,sh016,1
cameras,sricam:sh024,sricam,sh024,1
cameras,sricam:sh026,sricam,sh026,1
cameras,sricam:sh027,sricam,sh027,1
cameras,sricam:sp007,sricam,sp007,1
cameras,sricam:sp008,sricam,sp008,1
cameras,sricam:sp009,sricam,sp009,1
cameras,sricam:sp012,sricam,sp012,1
cameras,sricam:sp015,sricam,sp015,1
cameras,sricam:sp017,sricam,sp017,1
cameras,sricam:sp018,sricam,sp018,1
cameras,sricam:sp019,sricam,sp019,1
cameras,sricam:sp020,sricam,sp020,1
cameras,sricam:sp023,sricam,sp023,1
cameras,swann:dvr-16cif,swann,dvr-16cif,1
cameras,swann:dvr04b,swann,dvr04b,1
cameras,swann:dvr08b,swann,dvr08b,1
cameras,swann:dvr16b,swann,dvr16b,1
cameras,swann:srnvw-470lcd,swann,srnvw-470lcd,1
cameras,swann:swnvw-470cam,swann,swnvw-470cam,1
cameras,synology:cc400w,synology,cc400w,1
cameras,systemk-corp:nvr_504,systemk-corp,nvr_504,1
cameras,systemk-corp:nvr_508,systemk-corp,nvr_508,1
cameras,systemk-corp:nvr_516,systemk-corp,nvr_516,1
cameras,tenda:cp6,tenda,cp6,1
cameras,tenda:cp7,tenda,cp7,1
cameras,tenda:it7-lcs,tenda,it7-lcs,1
cameras,tenda:it7-pcs,tenda,it7-pcs,1
cameras,tenda:it7-prs,tenda,it7-prs,1
cameras,tp-link:kc200,tp-link,kc200,1
cameras,tp-link:kc300s2,tp-link,kc300s2,1
cameras,tp-link:kc310s2,tp-link,kc310s2,1
cameras,tp-link:tapo_c110,tp-link,tapo_c110,1
cameras,tp-link:tapo_c200_v1,tp-link,tapo_c200_v1,1
cameras,tp-link:tapo_c310,tp-link,tapo_c310,1
cameras,tp-link:tapo_d100c,tp-link,tapo_d100c,1
cameras,tp-link:tapo_l530e,tp-link,tapo_l530e,1
cameras,tp-link:tapo_l535e,tp-link,tapo_l535e,1
cameras,tp-link:tapo_p300,tp-link,tapo_p300,1
cameras,tp-link:tapo_tc70,tp-link,tapo_tc70,1
cameras,tp-link:tl-sc3430,tp-link,tl-sc3430,1
cameras,tp-link:tl-sc3430n,tp-link,tl-sc3430n,1
cameras,tp-link:tl-sc4171g,tp-link,tl-sc4171g,1
cameras,tp-link:tl-sc_3130,tp-link,tl-sc_3130,1
cameras,tp-link:vigi_c385,tp-link,vigi_c385,1
cameras,trendnet:tv-ip512wn,trendnet,tv-ip512wn,1
cameras,trendnet:tv-ip651wi,trendnet,tv-ip651wi,1
cameras,tvt:dvr,tvt,dvr,1
cameras,tvt:td-2004ts-cl,tvt,td-2004ts-cl,1
cameras,tvt:td-2004ts-cl-c,tvt,td-2004ts-cl-c,1
cameras,tvt:td-2008ts-cl,tvt,td-2008ts-cl,1
cameras,tvt:td-2104ts-cl,tvt,td-2104ts-cl,1
cameras,tvt:td-2104ts-cl-a,tvt,td-2104ts-cl-a,1
cameras,tvt:td-2104ts-hc,tvt,td-2104ts-hc,1
cameras,tvt:td-2104ts-hp,tvt,td-2104ts-hp,1
cameras,tvt:td-2108ts-cl,tvt,td-2108ts-cl,1
cameras,tvt:td-2108ts-cl-a,tvt,td-2108ts-cl-a,1
cameras,tvt:td-2108ts-hc,tvt,td-2108ts-hc,1
cameras,tvt:td-2108ts-hp,tvt,td-2108ts-hp,1
cameras,tvt:td-2116te-hp,tvt,td-2116te-hp,1
cameras,tvt:td-2116ts-cl,tvt,td-2116ts-cl,1
cameras,tvt:td-2116ts-hc,tvt,td-2116ts-hc,1
cameras,tvt:td-2704ts-hc,tvt,td-2704ts-hc,1
cameras,tvt:td-2704ts-hp,tvt,td-2704ts-hp,1
cameras,tvt:td-2708te-hk,tvt,td-2708te-hk,1
cameras,tvt:td-2708te-hp,tvt,td-2708te-hp,1
cameras,tvt:td-2708ts-hc,tvt,td-2708ts-hc,1
cameras,tvt:td-2708ts-hp,tvt,td-2708ts-hp,1
cameras,tvt:td-2716tc-hc,tvt,td-2716tc-hc,1
cameras,tvt:td-2716tc-hp,tvt,td-2716tc-hp,1
cameras,tvt:td-2716td-hc,tvt,td-2716td-hc,1
cameras,tvt:td-2716te-hc,tvt,td-2716te-hc,1
cameras,tvt:td-2716te-hc-a,tvt,td-2716te-hc-a,1
cameras,tvt:td-2716te-hp,tvt,td-2716te-hp,1
cameras,tvt:td-2716te-hp-a,tvt,td-2716te-hp-a,1
cameras,tvt:td-2732tc-hc,tvt,td-2732tc-hc,1
cameras,tvt:td-2732td-hc,tvt,td-2732td-hc,1
cameras,tvt:td-2932td-hp,tvt,td-2932td-hp,1
cameras,ui:unifi_network_video_recorder,ui,unifi_network_video_recorder,1
cameras,ui:unifi_video_controller,ui,unifi_video_controller,1
cameras,uniview:camera,uniview,camera,1
cameras,uniview:ipc322lb-sf28-a,uniview,ipc322lb-sf28-a,1
cameras,uniview:nvr301-04s2-p4,uniview,nvr301-04s2-p4,1
cameras,visual-tools:dvr_vx16,visual-tools,dvr_vx16,1
cameras,vivotek:ib8367a,vivotek,ib8367a,1
cameras,wansview:h.264_hi3510\/11\/12_ip_camera,wansview,h.264_hi3510\/11\/12_ip_camera,1
cameras,wyze:cam_v4,wyze,cam_v4,1
cameras,xiongmaitech:ahb7004t-g-v4,xiongmaitech,ahb7004t-g-v4,1
cameras,xiongmaitech:ahb7004t-gl-v4,xiongmaitech,ahb7004t-gl-v4,1
cameras,xiongmaitech:ahb7004t-gs-v3,xiongmaitech,ahb7004t-gs-v3,1
cameras,xiongmaitech:ahb7004t-h-v2,xiongmaitech,ahb7004t-h-v2,1
cameras,xiongmaitech:ahb7004t-lm-v3,xiongmaitech,ahb7004t-lm-v3,1
cameras,xiongmaitech:ahb7004t-lme-v3,xiongmaitech,ahb7004t-lme-v3,1
cameras,xiongmaitech:ahb7004t-mh-v2,xiongmaitech,ahb7004t-mh-v2,1
cameras,xiongmaitech:ahb7004t-mh-v3,xiongmaitech,ahb7004t-mh-v3,1
cameras,xiongmaitech:ahb7008f2-g-v4,xiongmaitech,ahb7008f2-g-v4,1
cameras,xiongmaitech:ahb7008f2-h,xiongmaitech,ahb7008f2-h,1
cameras,xiongmaitech:ahb7008f4-g-v4,xiongmaitech,ahb7008f4-g-v4,1
cameras,xiongmaitech:ahb7008f4-h,xiongmaitech,ahb7008f4-h,1
cameras,xiongmaitech:ahb7008f8-g-v4,xiongmaitech,ahb7008f8-g-v4,1
cameras,xiongmaitech:ahb7008f8-h,xiongmaitech,ahb7008f8-h,1
cameras,xiongmaitech:ahb7008t-gl-v4,xiongmaitech,ahb7008t-gl-v4,1
cameras,xiongmaitech:ahb7008t-gs-v3,xiongmaitech,ahb7008t-gs-v3,1
cameras,xiongmaitech:ahb7008t-h-v2,xiongmaitech,ahb7008t-h-v2,1
cameras,xiongmaitech:ahb7008t-lm-v2,xiongmaitech,ahb7008t-lm-v2,1
cameras,xiongmaitech:ahb7008t-lm-v3,xiongmaitech,ahb7008t-lm-v3,1
cameras,xiongmaitech:ahb7008t-lme-v3,xiongmaitech,ahb7008t-lme-v3,1
cameras,xiongmaitech:ahb7008t-mh-v3,xiongmaitech,ahb7008t-mh-v3,1
cameras,xiongmaitech:ahb7008t4-h-v2,xiongmaitech,ahb7008t4-h-v2,1
cameras,xiongmaitech:ahb7016f2-gl-v4,xiongmaitech,ahb7016f2-gl-v4,1
cameras,xiongmaitech:ahb7016f4-gl-v4,xiongmaitech,ahb7016f4-gl-v4,1
cameras,xiongmaitech:ahb7016f8-gl-v4,xiongmaitech,ahb7016f8-gl-v4,1
cameras,xiongmaitech:ahb7016f8-gs-v3,xiongmaitech,ahb7016f8-gs-v3,1
cameras,xiongmaitech:ahb7016t-gs-v3,xiongmaitech,ahb7016t-gs-v3,1
cameras,xiongmaitech:ahb7016t-lm-v2,xiongmaitech,ahb7016t-lm-v2,1
cameras,xiongmaitech:ahb7016t-lm-v3,xiongmaitech,ahb7016t-lm-v3,1
cameras,xiongmaitech:ahb7016t-lme-v3,xiongmaitech,ahb7016t-lme-v3,1
cameras,xiongmaitech:ahb7016t-mh-v2,xiongmaitech,ahb7016t-mh-v2,1
cameras,xiongmaitech:ahb7016t-mh-v3,xiongmaitech,ahb7016t-mh-v3,1
cameras,xiongmaitech:ahb7016t4-gs-v3,xiongmaitech,ahb7016t4-gs-v3,1
cameras,xiongmaitech:ahb7016t4-mh-v2,xiongmaitech,ahb7016t4-mh-v2,1
cameras,xiongmaitech:ahb7032f2-gs-v3,xiongmaitech,ahb7032f2-gs-v3,1
cameras,xiongmaitech:ahb7032f2-lm-v3,xiongmaitech,ahb7032f2-lm-v3,1
cameras,xiongmaitech:ahb7032f4-gs-v3,xiongmaitech,ahb7032f4-gs-v3,1
cameras,xiongmaitech:ahb7032f4-lm-v2,xiongmaitech,ahb7032f4-lm-v2,1
cameras,xiongmaitech:ahb7032f4-lm-v3,xiongmaitech,ahb7032f4-lm-v3,1
cameras,xiongmaitech:ahb7032f8-gs-v3,xiongmaitech,ahb7032f8-gs-v3,1
cameras,xiongmaitech:ahb7032f8-lm-v2,xiongmaitech,ahb7032f8-lm-v2,1
cameras,xiongmaitech:ahb7804r-lm-v3,xiongmaitech,ahb7804r-lm-v3,1
cameras,xiongmaitech:ahb7804r-lms-v3,xiongmaitech,ahb7804r-lms-v3,1
cameras,xiongmaitech:ahb7804r-mh-v3,xiongmaitech,ahb7804r-mh-v3,1
cameras,xiongmaitech:ahb7804r-ms-v3,xiongmaitech,ahb7804r-ms-v3,1
cameras,xiongmaitech:ahb7808r-lm-v3,xiongmaitech,ahb7808r-lm-v3,1
cameras,xiongmaitech:ahb7808r-mh-v3,xiongmaitech,ahb7808r-mh-v3,1
cameras,xiongmaitech:ahb7808r-ms-v3,xiongmaitech,ahb7808r-ms-v3,1
cameras,xiongmaitech:ahb80n16t-gs,xiongmaitech,ahb80n16t-gs,1
cameras,xiongmaitech:ahb80n32f4-lme,xiongmaitech,ahb80n32f4-lme,1
cameras,xiongmaitech:ahb80x04-r-mh-v3,xiongmaitech,ahb80x04-r-mh-v3,1
cameras,xiongmaitech:ahb80x04r-mh,xiongmaitech,ahb80x04r-mh,1
cameras,xiongmaitech:ahb80x04r-mh-v2,xiongmaitech,ahb80x04r-mh-v2,1
cameras,xiongmaitech:besder_ip20h1,xiongmaitech,besder_ip20h1,1
cameras,xiongmaitech:ipg-50h10pe-s,xiongmaitech,ipg-50h10pe-s,1
cameras,xiongmaitech:ipg-50h10pe-sl,xiongmaitech,ipg-50h10pe-sl,1
cameras,xiongmaitech:ipg-50h10pe-wk,xiongmaitech,ipg-50h10pe-wk,1
cameras,xiongmaitech:ipg-50h10pe-wk-2f,xiongmaitech,ipg-50h10pe-wk-2f,1
cameras,xiongmaitech:ipg-50h10pe-wp,xiongmaitech,ipg-50h10pe-wp,1
cameras,xiongmaitech:ipg-50h10pl-ae,xiongmaitech,ipg-50h10pl-ae,1
cameras,xiongmaitech:ipg-50h10pl-b,xiongmaitech,ipg-50h10pl-b,1
cameras,xiongmaitech:ipg-50h10pl-p,xiongmaitech,ipg-50h10pl-p,1
cameras,xiongmaitech:ipg-50h10pl-r,xiongmaitech,ipg-50h10pl-r,1
cameras,xiongmaitech:ipg-50h10pl-s,xiongmaitech,ipg-50h10pl-s,1
cameras,xiongmaitech:ipg-50h20pt-s,xiongmaitech,ipg-50h20pt-s,1
cameras,xiongmaitech:ipg-50hv10pt-a,xiongmaitech,ipg-50hv10pt-a,1
cameras,xiongmaitech:ipg-50hv10pt-s,xiongmaitech,ipg-50hv10pt-s,1
cameras,xiongmaitech:ipg-50hv10pt-wp,xiongmaitech,ipg-50hv10pt-wp,1
cameras,xiongmaitech:ipg-50hv10pv-a,xiongmaitech,ipg-50hv10pv-a,1
cameras,xiongmaitech:ipg-50hv10pv-s,xiongmaitech,ipg-50hv10pv-s,1
cameras,xiongmaitech:ipg-50hv20pes-s,xiongmaitech,ipg-50hv20pes-s,1
cameras,xiongmaitech:ipg-50hv20pet-a,xiongmaitech,ipg-50hv20pet-a,1
cameras,xiongmaitech:ipg-50hv20pet-s,xiongmaitech,ipg-50hv20pet-s,1
cameras,xiongmaitech:ipg-50hv20psa-s,xiongmaitech,ipg-50hv20psa-s,1
cameras,xiongmaitech:ipg-50hv20psb-a,xiongmaitech,ipg-50hv20psb-a,1
cameras,xiongmaitech:ipg-50hv20psb-s,xiongmaitech,ipg-50hv20psb-s,1
cameras,xiongmaitech:ipg-50x10pe-s,xiongmaitech,ipg-50x10pe-s,1
cameras,xiongmaitech:ipg-50x10pt-s,xiongmaitech,ipg-50x10pt-s,1
cameras,xiongmaitech:ipg-52h10pl-b,xiongmaitech,ipg-52h10pl-b,1
cameras,xiongmaitech:ipg-52h10pl-p,xiongmaitech,ipg-52h10pl-p,1
cameras,xiongmaitech:ipg-53h10pe-s,xiongmaitech,ipg-53h10pe-s,1
cameras,xiongmaitech:ipg-53h13p-ae,xiongmaitech,ipg-53h13p-ae,1
cameras,xiongmaitech:ipg-53h13p-b,xiongmaitech,ipg-53h13p-b,1
cameras,xiongmaitech:ipg-53h13p-p,xiongmaitech,ipg-53h13p-p,1
cameras,xiongmaitech:ipg-53h13p-s,xiongmaitech,ipg-53h13p-s,1
cameras,xiongmaitech:ipg-53h13pe-s,xiongmaitech,ipg-53h13pe-s,1
cameras,xiongmaitech:ipg-53h13pe-wk,xiongmaitech,ipg-53h13pe-wk,1
cameras,xiongmaitech:ipg-53h13pe-wk-4f,xiongmaitech,ipg-53h13pe-wk-4f,1
cameras,xiongmaitech:ipg-53h13pe-wp,xiongmaitech,ipg-53h13pe-wp,1
cameras,xiongmaitech:ipg-53h13pes-s,xiongmaitech,ipg-53h13pes-s,1
cameras,xiongmaitech:ipg-53h13pes-sl,xiongmaitech,ipg-53h13pes-sl,1
cameras,xiongmaitech:ipg-53h13pet-s,xiongmaitech,ipg-53h13pet-s,1
cameras,xiongmaitech:ipg-53h13pl-ae,xiongmaitech,ipg-53h13pl-ae,1
cameras,xiongmaitech:ipg-53h13pl-b,xiongmaitech,ipg-53h13pl-b,1
cameras,xiongmaitech:ipg-53h13pl-p,xiongmaitech,ipg-53h13pl-p,1
cameras,xiongmaitech:ipg-53h13pl-r,xiongmaitech,ipg-53h13pl-r,1
cameras,xiongmaitech:ipg-53h13pl-s,xiongmaitech,ipg-53h13pl-s,1
cameras,xiongmaitech:ipg-53h13pls-s,xiongmaitech,ipg-53h13pls-s,1
cameras,xiongmaitech:ipg-53h20pl-ae,xiongmaitech,ipg-53h20pl-ae,1
cameras,xiongmaitech:ipg-53h20pl-b,xiongmaitech,ipg-53h20pl-b,1
cameras,xiongmaitech:ipg-53h20pl-p,xiongmaitech,ipg-53h20pl-p,1
cameras,xiongmaitech:ipg-53h20pl-s,xiongmaitech,ipg-53h20pl-s,1
cameras,xiongmaitech:ipg-53h20py-s,xiongmaitech,ipg-53h20py-s,1
cameras,xiongmaitech:ipg-53hv13pa-a,xiongmaitech,ipg-53hv13pa-a,1
cameras,xiongmaitech:ipg-53hv13pa-s,xiongmaitech,ipg-53hv13pa-s,1
cameras,xiongmaitech:ipg-53hv13pa-wp,xiongmaitech,ipg-53hv13pa-wp,1
cameras,xiongmaitech:ipg-53hv13pt-s,xiongmaitech,ipg-53hv13pt-s,1
cameras,xiongmaitech:ipg-53x13pa-s,xiongmaitech,ipg-53x13pa-s,1
cameras,xiongmaitech:ipg-53x13pe-s,xiongmaitech,ipg-53x13pe-s,1
cameras,xiongmaitech:ipg-53x13pt-s,xiongmaitech,ipg-53x13pt-s,1
cameras,xiongmaitech:ipg-54h13pe-s,xiongmaitech,ipg-54h13pe-s,1
cameras,xiongmaitech:ipg-54h20pl-s,xiongmaitech,ipg-54h20pl-s,1
cameras,xiongmaitech:ipg-80h20pt-a,xiongmaitech,ipg-80h20pt-a,1
cameras,xiongmaitech:ipg-80h20pt-s,xiongmaitech,ipg-80h20pt-s,1
cameras,xiongmaitech:ipg-80he20ps-s,xiongmaitech,ipg-80he20ps-s,1
cameras,xiongmaitech:ipg-83h20pa-a,xiongmaitech,ipg-83h20pa-a,1
cameras,xiongmaitech:ipg-83h20pa-s,xiongmaitech,ipg-83h20pa-s,1
cameras,xiongmaitech:ipg-83h20pl-b,xiongmaitech,ipg-83h20pl-b,1
cameras,xiongmaitech:ipg-83h20pl-p,xiongmaitech,ipg-83h20pl-p,1
cameras,xiongmaitech:ipg-83h40af,xiongmaitech,ipg-83h40af,1
cameras,xiongmaitech:ipg-83h40pl-b,xiongmaitech,ipg-83h40pl-b,1
cameras,xiongmaitech:ipg-83h40pl-p,xiongmaitech,ipg-83h40pl-p,1
cameras,xiongmaitech:ipg-83h50p-b,xiongmaitech,ipg-83h50p-b,1
cameras,xiongmaitech:ipg-83h50p-p,xiongmaitech,ipg-83h50p-p,1
cameras,xiongmaitech:ipg-hp500nr-s,xiongmaitech,ipg-hp500nr-s,1
cameras,xiongmaitech:ipm-50h10pe-o\(r\),xiongmaitech,ipm-50h10pe-o\(r\),1
cameras,xiongmaitech:ipm-50h10pe-wr,xiongmaitech,ipm-50h10pe-wr,1
cameras,xiongmaitech:ipm-50h10pe-wrc,xiongmaitech,ipm-50h10pe-wrc,1
cameras,xiongmaitech:ipm-50h10pe-wrm,xiongmaitech,ipm-50h10pe-wrm,1
cameras,xiongmaitech:ipm-50hv10pt-wr,xiongmaitech,ipm-50hv10pt-wr,1
cameras,xiongmaitech:ipm-50hv20pe-wr,xiongmaitech,ipm-50hv20pe-wr,1
cameras,xiongmaitech:ipm-50v10pl-wr,xiongmaitech,ipm-50v10pl-wr,1
cameras,xiongmaitech:ipm-50v10pl-wrc,xiongmaitech,ipm-50v10pl-wrc,1
cameras,xiongmaitech:ipm-53h13pe-wr,xiongmaitech,ipm-53h13pe-wr,1
cameras,xiongmaitech:ipm-53h13pe-wrc,xiongmaitech,ipm-53h13pe-wrc,1
cameras,xiongmaitech:ipm-53h13pe-wrm,xiongmaitech,ipm-53h13pe-wrm,1
cameras,xiongmaitech:ipm-53hv13pe-wr,xiongmaitech,ipm-53hv13pe-wr,1
cameras,xiongmaitech:ipm-53v13pl-wr,xiongmaitech,ipm-53v13pl-wr,1
cameras,xiongmaitech:ivg-hp203y-ae,xiongmaitech,ivg-hp203y-ae,1
cameras,xiongmaitech:ivg-hp203y-se,xiongmaitech,ivg-hp203y-se,1
cameras,xiongmaitech:nb080s09s-klc,xiongmaitech,nb080s09s-klc,1
cameras,xiongmaitech:nbd7004t-p,xiongmaitech,nbd7004t-p,1
cameras,xiongmaitech:nbd7008t-p,xiongmaitech,nbd7008t-p,1
cameras,xiongmaitech:nbd7016t-f-v2,xiongmaitech,nbd7016t-f-v2,1
cameras,xiongmaitech:nbd7024h-p,xiongmaitech,nbd7024h-p,1
cameras,xiongmaitech:nbd7024t-p,xiongmaitech,nbd7024t-p,1
cameras,xiongmaitech:nbd7804r-f\(ep\),xiongmaitech,nbd7804r-f\(ep\),1
cameras,xiongmaitech:nbd7804r-f\(hdmi\),xiongmaitech,nbd7804r-f\(hdmi\),1
cameras,xiongmaitech:nbd7804r-fw,xiongmaitech,nbd7804r-fw,1
cameras,xiongmaitech:nbd7804t-pl,xiongmaitech,nbd7804t-pl,1
cameras,xiongmaitech:nbd7808r-pl\(ep\),xiongmaitech,nbd7808r-pl\(ep\),1
cameras,xiongmaitech:nbd7808r-pl\(hdmi\),xiongmaitech,nbd7808r-pl\(hdmi\),1
cameras,xiongmaitech:nbd7808t-pl,xiongmaitech,nbd7808t-pl,1
cameras,xiongmaitech:nbd7904r-fs,xiongmaitech,nbd7904r-fs,1
cameras,xiongmaitech:nbd7904t-p,xiongmaitech,nbd7904t-p,1
cameras,xiongmaitech:nbd7904t-pl,xiongmaitech,nbd7904t-pl,1
cameras,xiongmaitech:nbd7904t-pl-xpoe,xiongmaitech,nbd7904t-pl-xpoe,1
cameras,xiongmaitech:nbd7904t-plc-xpoe,xiongmaitech,nbd7904t-plc-xpoe,1
cameras,xiongmaitech:nbd7904t-q,xiongmaitech,nbd7904t-q,1
cameras,xiongmaitech:nbd7908t-q,xiongmaitech,nbd7908t-q,1
cameras,xiongmaitech:nbd8004r-pl\(ep\),xiongmaitech,nbd8004r-pl\(ep\),1
cameras,xiongmaitech:nbd8004r-yl\(ep\),xiongmaitech,nbd8004r-yl\(ep\),1
cameras,xiongmaitech:nbd8004t-q,xiongmaitech,nbd8004t-q,1
cameras,xiongmaitech:nbd8008r-pl,xiongmaitech,nbd8008r-pl,1
cameras,xiongmaitech:nbd8008r-pl\(ep\),xiongmaitech,nbd8008r-pl\(ep\),1
cameras,xiongmaitech:nbd8008r-yl\(ep\),xiongmaitech,nbd8008r-yl\(ep\),1
cameras,xiongmaitech:nbd8008ra-gl,xiongmaitech,nbd8008ra-gl,1
cameras,xiongmaitech:nbd8008ra-glk,xiongmaitech,nbd8008ra-glk,1
cameras,xiongmaitech:nbd8008ra-ul\(ep\),xiongmaitech,nbd8008ra-ul\(ep\),1
cameras,xiongmaitech:nbd8008ra-ula,xiongmaitech,nbd8008ra-ula,1
cameras,xiongmaitech:nbd8008ra-ulk,xiongmaitech,nbd8008ra-ulk,1
cameras,xiongmaitech:nbd8008t-q,xiongmaitech,nbd8008t-q,1
cameras,xiongmaitech:nbd8009s-ula-v2,xiongmaitech,nbd8009s-ula-v2,1
cameras,xiongmaitech:nbd8010s-kl-v2,xiongmaitech,nbd8010s-kl-v2,1
cameras,xiongmaitech:nbd8016r-ul,xiongmaitech,nbd8016r-ul,1
cameras,xiongmaitech:nbd8016ra-k\(ep\),xiongmaitech,nbd8016ra-k\(ep\),1
cameras,xiongmaitech:nbd8016ra-ul,xiongmaitech,nbd8016ra-ul,1
cameras,xiongmaitech:nbd8016ra-ul\(ep\),xiongmaitech,nbd8016ra-ul\(ep\),1
cameras,xiongmaitech:nbd8016ra-ula,xiongmaitech,nbd8016ra-ula,1
cameras,xiongmaitech:nbd8016ra-ulk,xiongmaitech,nbd8016ra-ulk,1
cameras,xiongmaitech:nbd8016s-kl-v2,xiongmaitech,nbd8016s-kl-v2,1
cameras,xiongmaitech:nbd8016s-ula-v2,xiongmaitech,nbd8016s-ula-v2,1
cameras,xiongmaitech:nbd8016t-q-v2,xiongmaitech,nbd8016t-q-v2,1
cameras,xiongmaitech:nbd8025r-ul,xiongmaitech,nbd8025r-ul,1
cameras,xiongmaitech:nbd8032h4-p,xiongmaitech,nbd8032h4-p,1
cameras,xiongmaitech:nbd8032h4-q,xiongmaitech,nbd8032h4-q,1
cameras,xiongmaitech:nbd8032h4-qe,xiongmaitech,nbd8032h4-qe,1
cameras,xiongmaitech:nbd8032h4-ul,xiongmaitech,nbd8032h4-ul,1
cameras,xiongmaitech:nbd8032h8-p,xiongmaitech,nbd8032h8-p,1
cameras,xiongmaitech:nbd8032h8-qe,xiongmaitech,nbd8032h8-qe,1
cameras,xiongmaitech:nbd8032ra-ul-v2,xiongmaitech,nbd8032ra-ul-v2,1
cameras,xiongmaitech:nbd8064h8-p,xiongmaitech,nbd8064h8-p,1
cameras,xiongmaitech:nbd80n16ra-kl,xiongmaitech,nbd80n16ra-kl,1
cameras,xiongmaitech:nbd80n16ra-kl\(ep\),xiongmaitech,nbd80n16ra-kl\(ep\),1
cameras,xiongmaitech:nbd80n32ra-kl-v3,xiongmaitech,nbd80n32ra-kl-v3,1
cameras,xiongmaitech:nbd80s08s-kl\(ep\),xiongmaitech,nbd80s08s-kl\(ep\),1
cameras,xiongmaitech:nbd80s10s-kl,xiongmaitech,nbd80s10s-kl,1
cameras,xiongmaitech:nbd80s16s-kl,xiongmaitech,nbd80s16s-kl,1
cameras,xiongmaitech:nbd80s16s-kl\(ep\),xiongmaitech,nbd80s16s-kl\(ep\),1
cameras,xiongmaitech:nbd80x08s-kl,xiongmaitech,nbd80x08s-kl,1
cameras,xiongmaitech:nbd80x16s-kl,xiongmaitech,nbd80x16s-kl,1
cameras,xiongmaitech:nbd88x09s-kl,xiongmaitech,nbd88x09s-kl,1
cameras,xiongmaitech:nbd8904r-pl,xiongmaitech,nbd8904r-pl,1
cameras,xiongmaitech:nbd8904r-yl,xiongmaitech,nbd8904r-yl,1
cameras,xiongmaitech:nbd8904t-gsc-xpoe,xiongmaitech,nbd8904t-gsc-xpoe,1
cameras,xiongmaitech:nbd8904t-q,xiongmaitech,nbd8904t-q,1
cameras,xiongmaitech:nbd8908r-pl,xiongmaitech,nbd8908r-pl,1
cameras,xiongmaitech:nbd8908r-yl,xiongmaitech,nbd8908r-yl,1
cameras,xiongmaitech:nbd8908t-pl-xpoe,xiongmaitech,nbd8908t-pl-xpoe,1
cameras,xiongmaitech:nbd8908t-plc-xpoe,xiongmaitech,nbd8908t-plc-xpoe,1
cameras,xiongmaitech:nbd8916f4-q,xiongmaitech,nbd8916f4-q,1
cameras,xiongmaitech:nbd8916f8-q,xiongmaitech,nbd8916f8-q,1
cameras,xiongmaitech:nbd90s0vt-qw,xiongmaitech,nbd90s0vt-qw,1
doorbell,akuvox:e11,akuvox,e11,13
doorbell,reolink:smart_2k\+_plug-in_wi-fi_video_doorbell_with_chime,reolink,smart_2k\+_plug-in_wi-fi_video_doorbell_with_chime,3
doorbell,akuvox:c313w-2,akuvox,c313w-2,2
doorbell,akuvox:nc-2,akuvox,nc-2,2
doorbell,akuvox:ns-2,akuvox,ns-2,2
doorbell,akuvox:nx-2,akuvox,nx-2,2
doorbell,akuvox:r20a-2,akuvox,r20a-2,2
doorbell,akuvox:r20k-2,akuvox,r20k-2,2
doorbell,akuvox:r29,akuvox,r29,2
doorbell,akuvox:s532,akuvox,s532,2
doorbell,akuvox:s539,akuvox,s539,2
doorbell,akuvox:x912,akuvox,x912,2
doorbell,akuvox:x915,akuvox,x915,2
doorbell,akuvox:x916,akuvox,x916,2
doorbell,siedle:sg_150-0,siedle,sg_150-0,2
doorbell,adt:lifeshield_diy_hd_video_doorbell,adt,lifeshield_diy_hd_video_doorbell,1
doorbell,aiphone:gt-db-vn,aiphone,gt-db-vn,1
doorbell,aiphone:gt-dmb,aiphone,gt-dmb,1
doorbell,aiphone:gt-dmb-lvn,aiphone,gt-dmb-lvn,1
doorbell,aiphone:gt-dmb-n,aiphone,gt-dmb-n,1
doorbell,akuvox:c315,akuvox,c315,1
doorbell,akuvox:e16c,akuvox,e16c,1
doorbell,amazon:ring_video_doorbell,amazon,ring_video_doorbell,1
doorbell,dbell:db01-s,dbell,db01-s,1
doorbell,fermax:outdoor_panel,fermax,outdoor_panel,1
doorbell,"google:nest_cam_\(indoor\,_wired\)",google,"nest_cam_\(indoor\,_wired\)",1
doorbell,"google:nest_cam_\(outdoor_or_indoor\,_battery\)",google,"nest_cam_\(outdoor_or_indoor\,_battery\)",1
doorbell,google:nest_cam_with_floodlight,google,nest_cam_with_floodlight,1
doorbell,google:nest_doorbell_\(battery\),google,nest_doorbell_\(battery\),1
doorbell,nightowlsp:smart_doorbell,nightowlsp,smart_doorbell,1
doorbell,nightowlsp:wdb-20,nightowlsp,wdb-20,1
doorbell,ring:ring,ring,ring,1
doorlock,tinxy:wifi_lock_controller_v1_rf,tinxy,wifi_lock_controller_v1_rf,3
doorlock,flient:smart_lock_advanced,flient,smart_lock_advanced,2
doorlock,geniecompany:aladdin_connect_garage_door_opener,geniecompany,aladdin_connect_garage_door_opener,2
doorlock,sguda:u-lock,sguda,u-lock,2
doorlock,assaabloy:yale_keyless_smart_lock,assaabloy,yale_keyless_smart_lock,1
doorlock,august:connect_wi-fi_bridge,august,connect_wi-fi_bridge,1
doorlock,cef:fortessa_ftbtld,cef,fortessa_ftbtld,1
doorlock,dialog-semiconductor:da14680,dialog-semiconductor,da14680,1
doorlock,dialog-semiconductor:da14681,dialog-semiconductor,da14681,1
doorlock,dialog-semiconductor:da14682,dialog-semiconductor,da14682,1
doorlock,dialog-semiconductor:da14683,dialog-semiconductor,da14683,1
doorlock,etekcity:3-in-1_smart_door_lock,etekcity,3-in-1_smart_door_lock,1
doorlock,gluehome:glue_smart_lock,gluehome,glue_smart_lock,1
doorlock,mica:fingerprint_bluetooth_padlock_fb50,mica,fingerprint_bluetooth_padlock_fb50,1
doorlock,schlage:be468,schlage,be468,1
doorlock,silabs:500_series,silabs,500_series,1
doorlock,sulimet:5-in-1_smart_door_lock,sulimet,5-in-1_smart_door_lock,1
doorlock,tinxy:smart_wifi_door_lock,tinxy,smart_wifi_door_lock,1
doorlock,u-tec:ultraloq_ul3_bt,u-tec,ultraloq_ul3_bt,1
doorlock,wafucn:wafu_keyless_smart_lock,wafucn,wafu_keyless_smart_lock,1
ev-charging,schneider-electric:evlink_city_evc1s22p4,schneider-electric,evlink_city_evc1s22p4,18
ev-charging,schneider-electric:evlink_city_evc1s7p4,schneider-electric,evlink_city_evc1s7p4,18
ev-charging,schneider-electric:evlink_parking_evf2,schneider-electric,evlink_parking_evf2,18
ev-charging,schneider-electric:evlink_parking_evw2,schneider-electric,evlink_parking_evw2,18
ev-charging,schneider-electric:evlink_smart_wallbox_evb1a,schneider-electric,evlink_smart_wallbox_evb1a,18
ev-charging,schneider-electric:evlink_parking_ev.2,schneider-electric,evlink_parking_ev.2,13
ev-charging,chargepoint:home_flex_hardwired,chargepoint,home_flex_hardwired,6
ev-charging,chargepoint:home_flex_nema_14-50_plug,chargepoint,home_flex_nema_14-50_plug,6
ev-charging,chargepoint:home_flex_nema_6-50_plug,chargepoint,home_flex_nema_6-50_plug,6
ev-charging,autel:maxicharger_ac_elite_business_c50,autel,maxicharger_ac_elite_business_c50,5
ev-charging,schneider-electric:evlink_parking_evp2pe,schneider-electric,evlink_parking_evp2pe,5
ev-charging,wolfbox:level_2_ev_charger,wolfbox,level_2_ev_charger,5
ev-charging,garo:wallbox_glb,garo,wallbox_glb,4
ev-charging,garo:wallbox_gtb,garo,wallbox_gtb,4
ev-charging,garo:wallbox_gtc,garo,wallbox_gtc,4
ev-charging,chargepoint:home_flex_cph50,chargepoint,home_flex_cph50,3
ev-charging,abb:terra_ac_wallbox_80a,abb,terra_ac_wallbox_80a,2
ev-charging,abb:terra_ac_wallbox_ce_juno,abb,terra_ac_wallbox_ce_juno,2
ev-charging,abb:terra_ac_wallbox_ce_mid,abb,terra_ac_wallbox_ce_mid,2
ev-charging,abb:terra_ac_wallbox_ce_ptb,abb,terra_ac_wallbox_ce_ptb,2
ev-charging,abb:terra_ac_wallbox_ce_symbiosis,abb,terra_ac_wallbox_ce_symbiosis,2
ev-charging,abb:terra_ac_wallbox_jp,abb,terra_ac_wallbox_jp,2
ev-charging,abb:terra_ac_wallbox_ul32a,abb,terra_ac_wallbox_ul32a,2
ev-charging,abb:terra_ac_wallbox_ul40,abb,terra_ac_wallbox_ul40,2
ev-charging,chargepoint:home_flex,chargepoint,home_flex,2
ev-charging,schneider-electric:evb1a,schneider-electric,evb1a,2
ev-charging,schneider-electric:evc1s22p4,schneider-electric,evc1s22p4,2
ev-charging,schneider-electric:evc1s7p4,schneider-electric,evc1s7p4,2
ev-charging,schneider-electric:evf2,schneider-electric,evf2,2
ev-charging,schneider-electric:evp2pe,schneider-electric,evp2pe,2
ev-charging,schneider-electric:evw2,schneider-electric,evw2,2
ev-charging,tesla:wall_connector,tesla,wall_connector,2
ev-charging,garo:wallbox_glb\+_t2ev7,garo,wallbox_glb\+_t2ev7,1
ev-charging,schneider-electric:evlink_home,schneider-electric,evlink_home,1
ev-charging,vw:id.charger_connect,vw,id.charger_connect,1
ev-charging,vw:id.charger_pro,vw,id.charger_pro,1
fans,atomberg:erica_smart_fan,atomberg,erica_smart_fan,1
fridge,mitsubishielectric:ma-ew85s-e,mitsubishielectric,ma-ew85s-e,2
fridge,mitsubishielectric:ma-ew85s-uk,mitsubishielectric,ma-ew85s-uk,2
fridge,mitsubishielectric:mac-507if-e,mitsubishielectric,mac-507if-e,2
fridge,mitsubishielectric:mac-587if-e,mitsubishielectric,mac-587if-e,2
fridge,mitsubishielectric:mac-587if2-e,mitsubishielectric,mac-587if2-e,2
fridge,mitsubishielectric:mac-588if-e,mitsubishielectric,mac-588if-e,2
fridge,mitsubishielectric:mfz-gxt50\/60\/73vfk,mitsubishielectric,mfz-gxt50\/60\/73vfk,2
fridge,mitsubishielectric:mfz-xt50\/60vfk,mitsubishielectric,mfz-xt50\/60vfk,2
fridge,mitsubishielectric:msxy-fp05\/07\/10\/13\/18\/20\/24vgk-sg1,mitsubishielectric,msxy-fp05\/07\/10\/13\/18\/20\/24vgk-sg1,2
fridge,mitsubishielectric:msy-gp10\/13\/15\/18\/20\/24vfk-sg1,mitsubishielectric,msy-gp10\/13\/15\/18\/20\/24vfk-sg1,2
fridge,mitsubishielectric:msz-ap15\/20\/25\/35\/42\/50\/60\/71vgk-e2,mitsubishielectric,msz-ap15\/20\/25\/35\/42\/50\/60\/71vgk-e2,2
fridge,mitsubishielectric:msz-ap15\/20\/25\/35\/42\/50\/60\/71vgk-er2,mitsubishielectric,msz-ap15\/20\/25\/35\/42\/50\/60\/71vgk-er2,2
fridge,mitsubishielectric:msz-ap15\/20\/25\/35\/42\/50\/60\/71vgk-et2,mitsubishielectric,msz-ap15\/20\/25\/35\/42\/50\/60\/71vgk-et2,2
fridge,mitsubishielectric:msz-ap22\/25\/35\/42\/50\/60\/71\/80vgkd-a2,mitsubishielectric,msz-ap22\/25\/35\/42\/50\/60\/71\/80vgkd-a2,2
fridge,mitsubishielectric:msz-ap22\/25\/35\/42\/50\/61\/70\/80vgkd-a1,mitsubishielectric,msz-ap22\/25\/35\/42\/50\/61\/70\/80vgkd-a1,2
fridge,mitsubishielectric:msz-ap25\/35\/42\/50\/60\/71vgk-e3,mitsubishielectric,msz-ap25\/35\/42\/50\/60\/71vgk-e3,2
fridge,mitsubishielectric:msz-ap25\/35\/42\/50\/60\/71vgk-er3,mitsubishielectric,msz-ap25\/35\/42\/50\/60\/71vgk-er3,2
fridge,mitsubishielectric:msz-ap25\/35\/42\/50\/60\/71vgk-et3,mitsubishielectric,msz-ap25\/35\/42\/50\/60\/71vgk-et3,2
fridge,mitsubishielectric:msz-ap25\/35\/42\/50vgk-e1,mitsubishielectric,msz-ap25\/35\/42\/50vgk-e1,2
fridge,mitsubishielectric:msz-ap25\/35\/42\/50vgk-e7,mitsubishielectric,msz-ap25\/35\/42\/50vgk-e7,2
fridge,mitsubishielectric:msz-ap25\/35\/42\/50vgk-e8,mitsubishielectric,msz-ap25\/35\/42\/50vgk-e8,2
fridge,mitsubishielectric:msz-ap25\/35\/42\/50vgk-en1,mitsubishielectric,msz-ap25\/35\/42\/50vgk-en1,2
fridge,mitsubishielectric:msz-ap25\/35\/42\/50vgk-en2,mitsubishielectric,msz-ap25\/35\/42\/50vgk-en2,2
fridge,mitsubishielectric:msz-ap25\/35\/42\/50vgk-en3,mitsubishielectric,msz-ap25\/35\/42\/50vgk-en3,2
fridge,mitsubishielectric:msz-ap25\/35\/42\/50vgk-er1,mitsubishielectric,msz-ap25\/35\/42\/50vgk-er1,2
fridge,mitsubishielectric:msz-ap25\/35\/42\/50vgk-et1,mitsubishielectric,msz-ap25\/35\/42\/50vgk-et1,2
fridge,mitsubishielectric:msz-ay25\/35\/42\/50vgk-e1,mitsubishielectric,msz-ay25\/35\/42\/50vgk-e1,2
fridge,mitsubishielectric:msz-ay25\/35\/42\/50vgk-e6,mitsubishielectric,msz-ay25\/35\/42\/50vgk-e6,2
fridge,mitsubishielectric:msz-ay25\/35\/42\/50vgk-er1,mitsubishielectric,msz-ay25\/35\/42\/50vgk-er1,2
fridge,mitsubishielectric:msz-ay25\/35\/42\/50vgk-et1,mitsubishielectric,msz-ay25\/35\/42\/50vgk-et1,2
fridge,mitsubishielectric:msz-ay25\/35\/42\/50vgk-sc1,mitsubishielectric,msz-ay25\/35\/42\/50vgk-sc1,2
fridge,mitsubishielectric:msz-ay25\/35\/42\/50vgkp-e6,mitsubishielectric,msz-ay25\/35\/42\/50vgkp-e6,2
fridge,mitsubishielectric:msz-ay25\/35\/42\/50vgkp-er1,mitsubishielectric,msz-ay25\/35\/42\/50vgkp-er1,2
fridge,mitsubishielectric:msz-ay25\/35\/42\/50vgkp-et1,mitsubishielectric,msz-ay25\/35\/42\/50vgkp-et1,2
fridge,mitsubishielectric:msz-ay25\/35\/42\/50vgkp-sc1,mitsubishielectric,msz-ay25\/35\/42\/50vgkp-sc1,2
fridge,mitsubishielectric:msz-bt20\/25\/35\/50vgk-e1,mitsubishielectric,msz-bt20\/25\/35\/50vgk-e1,2
fridge,mitsubishielectric:msz-bt20\/25\/35\/50vgk-e2,mitsubishielectric,msz-bt20\/25\/35\/50vgk-e2,2
fridge,mitsubishielectric:msz-bt20\/25\/35\/50vgk-e3,mitsubishielectric,msz-bt20\/25\/35\/50vgk-e3,2
fridge,mitsubishielectric:msz-bt20\/25\/35\/50vgk-er1,mitsubishielectric,msz-bt20\/25\/35\/50vgk-er1,2
fridge,mitsubishielectric:msz-bt20\/25\/35\/50vgk-er2,mitsubishielectric,msz-bt20\/25\/35\/50vgk-er2,2
fridge,mitsubishielectric:msz-bt20\/25\/35\/50vgk-et1,mitsubishielectric,msz-bt20\/25\/35\/50vgk-et1,2
fridge,mitsubishielectric:msz-bt20\/25\/35\/50vgk-et2,mitsubishielectric,msz-bt20\/25\/35\/50vgk-et2,2
fridge,mitsubishielectric:msz-bt20\/25\/35\/50vgk-et3,mitsubishielectric,msz-bt20\/25\/35\/50vgk-et3,2
fridge,mitsubishielectric:msz-ef18\/22\/25\/35\/42\/50vgkb-e1,mitsubishielectric,msz-ef18\/22\/25\/35\/42\/50vgkb-e1,2
fridge,mitsubishielectric:msz-ef18\/22\/25\/35\/42\/50vgkb-e2,mitsubishielectric,msz-ef18\/22\/25\/35\/42\/50vgkb-e2,2
fridge,mitsubishielectric:msz-ef18\/22\/25\/35\/42\/50vgks-e1,mitsubishielectric,msz-ef18\/22\/25\/35\/42\/50vgks-e1,2
fridge,mitsubishielectric:msz-ef18\/22\/25\/35\/42\/50vgks-e2,mitsubishielectric,msz-ef18\/22\/25\/35\/42\/50vgks-e2,2
fridge,mitsubishielectric:msz-ef18\/22\/25\/35\/42\/50vgkw-e1,mitsubishielectric,msz-ef18\/22\/25\/35\/42\/50vgkw-e1,2
fridge,mitsubishielectric:msz-ef18\/22\/25\/35\/42\/50vgkw-e2,mitsubishielectric,msz-ef18\/22\/25\/35\/42\/50vgkw-e2,2
fridge,mitsubishielectric:msz-ef22\/25\/35\/42\/50vgkb-a1,mitsubishielectric,msz-ef22\/25\/35\/42\/50vgkb-a1,2
fridge,mitsubishielectric:msz-ef22\/25\/35\/42\/50vgkb-er1,mitsubishielectric,msz-ef22\/25\/35\/42\/50vgkb-er1,2
fridge,mitsubishielectric:msz-ef22\/25\/35\/42\/50vgkb-er2,mitsubishielectric,msz-ef22\/25\/35\/42\/50vgkb-er2,2
fridge,mitsubishielectric:msz-ef22\/25\/35\/42\/50vgkb-et1,mitsubishielectric,msz-ef22\/25\/35\/42\/50vgkb-et1,2
fridge,mitsubishielectric:msz-ef22\/25\/35\/42\/50vgkb-et2,mitsubishielectric,msz-ef22\/25\/35\/42\/50vgkb-et2,2
fridge,mitsubishielectric:msz-ef22\/25\/35\/42\/50vgks-a1,mitsubishielectric,msz-ef22\/25\/35\/42\/50vgks-a1,2
fridge,mitsubishielectric:msz-ef22\/25\/35\/42\/50vgks-er1,mitsubishielectric,msz-ef22\/25\/35\/42\/50vgks-er1,2
fridge,mitsubishielectric:msz-ef22\/25\/35\/42\/50vgks-er2,mitsubishielectric,msz-ef22\/25\/35\/42\/50vgks-er2,2
fridge,mitsubishielectric:msz-ef22\/25\/35\/42\/50vgks-et1,mitsubishielectric,msz-ef22\/25\/35\/42\/50vgks-et1,2
fridge,mitsubishielectric:msz-ef22\/25\/35\/42\/50vgks-et2,mitsubishielectric,msz-ef22\/25\/35\/42\/50vgks-et2,2
fridge,mitsubishielectric:msz-ef22\/25\/35\/42\/50vgkw-a1,mitsubishielectric,msz-ef22\/25\/35\/42\/50vgkw-a1,2
fridge,mitsubishielectric:msz-ef22\/25\/35\/42\/50vgkw-er1,mitsubishielectric,msz-ef22\/25\/35\/42\/50vgkw-er1,2
fridge,mitsubishielectric:msz-ef22\/25\/35\/42\/50vgkw-er2,mitsubishielectric,msz-ef22\/25\/35\/42\/50vgkw-er2,2
fridge,mitsubishielectric:msz-ef22\/25\/35\/42\/50vgkw-et1,mitsubishielectric,msz-ef22\/25\/35\/42\/50vgkw-et1,2
fridge,mitsubishielectric:msz-ef22\/25\/35\/42\/50vgkw-et2,mitsubishielectric,msz-ef22\/25\/35\/42\/50vgkw-et2,2
fridge,mitsubishielectric:msz-exa09\/12vak,mitsubishielectric,msz-exa09\/12vak,2
fridge,mitsubishielectric:msz-eza09\/12vak,mitsubishielectric,msz-eza09\/12vak,2
fridge,mitsubishielectric:msz-ft25\/35\/50vgk-e1,mitsubishielectric,msz-ft25\/35\/50vgk-e1,2
fridge,mitsubishielectric:msz-ft25\/35\/50vgk-e2,mitsubishielectric,msz-ft25\/35\/50vgk-e2,2
fridge,mitsubishielectric:msz-ft25\/35\/50vgk-et1,mitsubishielectric,msz-ft25\/35\/50vgk-et1,2
fridge,mitsubishielectric:msz-ft25\/35\/50vgk-sc1,mitsubishielectric,msz-ft25\/35\/50vgk-sc1,2
fridge,mitsubishielectric:msz-ft25\/35\/50vgk-sc2,mitsubishielectric,msz-ft25\/35\/50vgk-sc2,2
fridge,mitsubishielectric:msz-gzy09\/12\/18vfk,mitsubishielectric,msz-gzy09\/12\/18vfk,2
fridge,mitsubishielectric:msz-hr25\/35\/42\/50\/60\/71vfk-e1,mitsubishielectric,msz-hr25\/35\/42\/50\/60\/71vfk-e1,2
fridge,mitsubishielectric:msz-hr25\/35\/42\/50\/60\/71vfk-er1,mitsubishielectric,msz-hr25\/35\/42\/50\/60\/71vfk-er1,2
fridge,mitsubishielectric:msz-hr25\/35\/42\/50\/60\/71vfk-et1,mitsubishielectric,msz-hr25\/35\/42\/50\/60\/71vfk-et1,2
fridge,mitsubishielectric:msz-hr25\/35\/42\/50vfk-e6,mitsubishielectric,msz-hr25\/35\/42\/50vfk-e6,2
fridge,mitsubishielectric:msz-ky09\/12\/18vfk,mitsubishielectric,msz-ky09\/12\/18vfk,2
fridge,mitsubishielectric:msz-ln18\/25\/35\/50\/60vg2b-e2,mitsubishielectric,msz-ln18\/25\/35\/50\/60vg2b-e2,2
fridge,mitsubishielectric:msz-ln18\/25\/35\/50\/60vg2b-e3,mitsubishielectric,msz-ln18\/25\/35\/50\/60vg2b-e3,2
fridge,mitsubishielectric:msz-ln18\/25\/35\/50\/60vg2r-e2,mitsubishielectric,msz-ln18\/25\/35\/50\/60vg2r-e2,2
fridge,mitsubishielectric:msz-ln18\/25\/35\/50\/60vg2r-e3,mitsubishielectric,msz-ln18\/25\/35\/50\/60vg2r-e3,2
fridge,mitsubishielectric:msz-ln18\/25\/35\/50\/60vg2v-e2,mitsubishielectric,msz-ln18\/25\/35\/50\/60vg2v-e2,2
fridge,mitsubishielectric:msz-ln18\/25\/35\/50\/60vg2v-e3,mitsubishielectric,msz-ln18\/25\/35\/50\/60vg2v-e3,2
fridge,mitsubishielectric:msz-ln18\/25\/35\/50\/60vg2w-e2,mitsubishielectric,msz-ln18\/25\/35\/50\/60vg2w-e2,2
fridge,mitsubishielectric:msz-ln18\/25\/35\/50\/60vg2w-e3,mitsubishielectric,msz-ln18\/25\/35\/50\/60vg2w-e3,2
fridge,mitsubishielectric:msz-ln18\/25\/35\/50\/60vg2w-er2,mitsubishielectric,msz-ln18\/25\/35\/50\/60vg2w-er2,2
fridge,mitsubishielectric:msz-ln18\/25\/35\/50\/60vg2w-et2,mitsubishielectric,msz-ln18\/25\/35\/50\/60vg2w-et2,2
fridge,mitsubishielectric:msz-ln18\/25\/35\/50vg2w-sc1,mitsubishielectric,msz-ln18\/25\/35\/50vg2w-sc1,2
fridge,mitsubishielectric:msz-ln25\/35\/50\/60vg2b-a2,mitsubishielectric,msz-ln25\/35\/50\/60vg2b-a2,2
fridge,mitsubishielectric:msz-ln25\/35\/50\/60vg2b-er2,mitsubishielectric,msz-ln25\/35\/50\/60vg2b-er2,2
fridge,mitsubishielectric:msz-ln25\/35\/50\/60vg2b-er3,mitsubishielectric,msz-ln25\/35\/50\/60vg2b-er3,2
fridge,mitsubishielectric:msz-ln25\/35\/50\/60vg2b-et2,mitsubishielectric,msz-ln25\/35\/50\/60vg2b-et2,2
fridge,mitsubishielectric:msz-ln25\/35\/50\/60vg2b-et3,mitsubishielectric,msz-ln25\/35\/50\/60vg2b-et3,2
fridge,mitsubishielectric:msz-ln25\/35\/50\/60vg2r-a2,mitsubishielectric,msz-ln25\/35\/50\/60vg2r-a2,2
fridge,mitsubishielectric:msz-ln25\/35\/50\/60vg2r-er2,mitsubishielectric,msz-ln25\/35\/50\/60vg2r-er2,2
fridge,mitsubishielectric:msz-ln25\/35\/50\/60vg2r-er3,mitsubishielectric,msz-ln25\/35\/50\/60vg2r-er3,2
fridge,mitsubishielectric:msz-ln25\/35\/50\/60vg2r-et2,mitsubishielectric,msz-ln25\/35\/50\/60vg2r-et2,2
fridge,mitsubishielectric:msz-ln25\/35\/50\/60vg2r-et3,mitsubishielectric,msz-ln25\/35\/50\/60vg2r-et3,2
fridge,mitsubishielectric:msz-ln25\/35\/50\/60vg2v-a2,mitsubishielectric,msz-ln25\/35\/50\/60vg2v-a2,2
fridge,mitsubishielectric:msz-ln25\/35\/50\/60vg2v-er2,mitsubishielectric,msz-ln25\/35\/50\/60vg2v-er2,2
fridge,mitsubishielectric:msz-ln25\/35\/50\/60vg2v-er3,mitsubishielectric,msz-ln25\/35\/50\/60vg2v-er3,2
fridge,mitsubishielectric:msz-ln25\/35\/50\/60vg2v-et2,mitsubishielectric,msz-ln25\/35\/50\/60vg2v-et2,2
fridge,mitsubishielectric:msz-ln25\/35\/50\/60vg2v-et3,mitsubishielectric,msz-ln25\/35\/50\/60vg2v-et3,2
fridge,mitsubishielectric:msz-ln25\/35\/50\/60vg2w-er3,mitsubishielectric,msz-ln25\/35\/50\/60vg2w-er3,2
fridge,mitsubishielectric:msz-ln25\/35\/50\/60vg2w-et3,mitsubishielectric,msz-ln25\/35\/50\/60vg2w-et3,2
fridge,mitsubishielectric:msz-ln25\/35\/50vg2b-en2,mitsubishielectric,msz-ln25\/35\/50vg2b-en2,2
fridge,mitsubishielectric:msz-ln25\/35\/50vg2b-sc1,mitsubishielectric,msz-ln25\/35\/50vg2b-sc1,2
fridge,mitsubishielectric:msz-ln25\/35\/50vg2r-en2,mitsubishielectric,msz-ln25\/35\/50vg2r-en2,2
fridge,mitsubishielectric:msz-ln25\/35\/50vg2r-sc1,mitsubishielectric,msz-ln25\/35\/50vg2r-sc1,2
fridge,mitsubishielectric:msz-ln25\/35\/50vg2v-en2,mitsubishielectric,msz-ln25\/35\/50vg2v-en2,2
fridge,mitsubishielectric:msz-ln25\/35\/50vg2v-sc1,mitsubishielectric,msz-ln25\/35\/50vg2v-sc1,2
fridge,mitsubishielectric:msz-ln25\/35\/50vg2w-en2,mitsubishielectric,msz-ln25\/35\/50vg2w-en2,2
fridge,mitsubishielectric:msz-rw25\/35\/50vg-e1,mitsubishielectric,msz-rw25\/35\/50vg-e1,2
fridge,mitsubishielectric:msz-rw25\/35\/50vg-er1,mitsubishielectric,msz-rw25\/35\/50vg-er1,2
fridge,mitsubishielectric:msz-rw25\/35\/50vg-et1,mitsubishielectric,msz-rw25\/35\/50vg-et1,2
fridge,mitsubishielectric:msz-rw25\/35\/50vg-sc1,mitsubishielectric,msz-rw25\/35\/50vg-sc1,2
fridge,mitsubishielectric:msz-wx18\/20\/25vfk,mitsubishielectric,msz-wx18\/20\/25vfk,2
fridge,mitsubishielectric:msz-zy09\/12\/18vfk,mitsubishielectric,msz-zy09\/12\/18vfk,2
fridge,mitsubishielectric:s-mac-002if,mitsubishielectric,s-mac-002if,2
fridge,mitsubishielectric:mac-557if-e,mitsubishielectric,mac-557if-e,1
fridge,mitsubishielectric:mac-557if-e1,mitsubishielectric,mac-557if-e1,1
fridge,mitsubishielectric:mac-558if-e,mitsubishielectric,mac-558if-e,1
fridge,mitsubishielectric:mac-558if-e1,mitsubishielectric,mac-558if-e1,1
fridge,mitsubishielectric:mac-559if-e,mitsubishielectric,mac-559if-e,1
fridge,mitsubishielectric:mac-559if-e1,mitsubishielectric,mac-559if-e1,1
fridge,mitsubishielectric:mac-566ifb-e,mitsubishielectric,mac-566ifb-e,1
fridge,mitsubishielectric:mac-567ifb-e,mitsubishielectric,mac-567ifb-e,1
fridge,mitsubishielectric:mac-567ifb2-e,mitsubishielectric,mac-567ifb2-e,1
fridge,mitsubishielectric:mac-568if-e,mitsubishielectric,mac-568if-e,1
fridge,mitsubishielectric:mac-568ifb-e,mitsubishielectric,mac-568ifb-e,1
fridge,mitsubishielectric:mac-568ifb2-e,mitsubishielectric,mac-568ifb2-e,1
fridge,mitsubishielectric:mac-568ifb3-e,mitsubishielectric,mac-568ifb3-e,1
fridge,mitsubishielectric:mac-576if-e1,mitsubishielectric,mac-576if-e1,1
fridge,mitsubishielectric:msz-ap25\/35\/42\/50vgk-e6,mitsubishielectric,msz-ap25\/35\/42\/50vgk-e6,1
fridge,mitsubishielectric:msz-ap60\/71vgk-e1,mitsubishielectric,msz-ap60\/71vgk-e1,1
fridge,mitsubishielectric:msz-ap60\/71vgk-er1,mitsubishielectric,msz-ap60\/71vgk-er1,1
fridge,mitsubishielectric:msz-ap60\/71vgk-et1,mitsubishielectric,msz-ap60\/71vgk-et1,1
fridge,mitsubishielectric:msz-ft20\/25vfk,mitsubishielectric,msz-ft20\/25vfk,1
fridge,mitsubishielectric:msz-fx20\/25vfk,mitsubishielectric,msz-fx20\/25vfk,1
fridge,mitsubishielectric:msz-gzt09\/12\/18vak,mitsubishielectric,msz-gzt09\/12\/18vak,1
fridge,mitsubishielectric:msz-ln18\/25\/35\/50\/60vg2b-e1,mitsubishielectric,msz-ln18\/25\/35\/50\/60vg2b-e1,1
fridge,mitsubishielectric:msz-ln18\/25\/35\/50\/60vg2b-et1,mitsubishielectric,msz-ln18\/25\/35\/50\/60vg2b-et1,1
fridge,mitsubishielectric:msz-ln18\/25\/35\/50\/60vg2r-e1,mitsubishielectric,msz-ln18\/25\/35\/50\/60vg2r-e1,1
fridge,mitsubishielectric:msz-ln18\/25\/35\/50\/60vg2r-et1,mitsubishielectric,msz-ln18\/25\/35\/50\/60vg2r-et1,1
fridge,mitsubishielectric:msz-ln18\/25\/35\/50\/60vg2v-e1,mitsubishielectric,msz-ln18\/25\/35\/50\/60vg2v-e1,1
fridge,mitsubishielectric:msz-ln18\/25\/35\/50\/60vg2v-et1,mitsubishielectric,msz-ln18\/25\/35\/50\/60vg2v-et1,1
fridge,mitsubishielectric:msz-ln18\/25\/35\/50\/60vg2w-e1,mitsubishielectric,msz-ln18\/25\/35\/50\/60vg2w-e1,1
fridge,mitsubishielectric:msz-ln18\/25\/35\/50\/60vg2w-er1,mitsubishielectric,msz-ln18\/25\/35\/50\/60vg2w-er1,1
fridge,mitsubishielectric:msz-ln18\/25\/35\/50\/60vg2w-et1,mitsubishielectric,msz-ln18\/25\/35\/50\/60vg2w-et1,1
fridge,mitsubishielectric:msz-ln18\/25\/35\/50\/60vgb-e1,mitsubishielectric,msz-ln18\/25\/35\/50\/60vgb-e1,1
fridge,mitsubishielectric:msz-ln18\/25\/35\/50\/60vgr-e1,mitsubishielectric,msz-ln18\/25\/35\/50\/60vgr-e1,1
fridge,mitsubishielectric:msz-ln18\/25\/35\/50\/60vgv-e1,mitsubishielectric,msz-ln18\/25\/35\/50\/60vgv-e1,1
fridge,mitsubishielectric:msz-ln18\/25\/35\/50\/60vgw-e1,mitsubishielectric,msz-ln18\/25\/35\/50\/60vgw-e1,1
fridge,mitsubishielectric:msz-ln18\/25\/35\/50vg2b-en1,mitsubishielectric,msz-ln18\/25\/35\/50vg2b-en1,1
fridge,mitsubishielectric:msz-ln18\/25\/35\/50vg2r-en1,mitsubishielectric,msz-ln18\/25\/35\/50vg2r-en1,1
fridge,mitsubishielectric:msz-ln18\/25\/35\/50vg2v-en1,mitsubishielectric,msz-ln18\/25\/35\/50vg2v-en1,1
fridge,mitsubishielectric:msz-ln18\/25\/35\/50vg2w-en1,mitsubishielectric,msz-ln18\/25\/35\/50vg2w-en1,1
fridge,mitsubishielectric:msz-ln25\/35\/50\/60vg2b-a1,mitsubishielectric,msz-ln25\/35\/50\/60vg2b-a1,1
fridge,mitsubishielectric:msz-ln25\/35\/50\/60vg2b-er1,mitsubishielectric,msz-ln25\/35\/50\/60vg2b-er1,1
fridge,mitsubishielectric:msz-ln25\/35\/50\/60vg2r-a1,mitsubishielectric,msz-ln25\/35\/50\/60vg2r-a1,1
fridge,mitsubishielectric:msz-ln25\/35\/50\/60vg2r-er1,mitsubishielectric,msz-ln25\/35\/50\/60vg2r-er1,1
fridge,mitsubishielectric:msz-ln25\/35\/50\/60vg2v-a1,mitsubishielectric,msz-ln25\/35\/50\/60vg2v-a1,1
fridge,mitsubishielectric:msz-ln25\/35\/50\/60vg2v-er1,mitsubishielectric,msz-ln25\/35\/50\/60vg2v-er1,1
fridge,mitsubishielectric:msz-ln25\/35\/50\/60vgb-a1,mitsubishielectric,msz-ln25\/35\/50\/60vgb-a1,1
fridge,mitsubishielectric:msz-ln25\/35\/50\/60vgb-er1,mitsubishielectric,msz-ln25\/35\/50\/60vgb-er1,1
fridge,mitsubishielectric:msz-ln25\/35\/50\/60vgr-a1,mitsubishielectric,msz-ln25\/35\/50\/60vgr-a1,1
fridge,mitsubishielectric:msz-ln25\/35\/50\/60vgr-er1,mitsubishielectric,msz-ln25\/35\/50\/60vgr-er1,1
fridge,mitsubishielectric:msz-ln25\/35\/50\/60vgv-a1,mitsubishielectric,msz-ln25\/35\/50\/60vgv-a1,1
fridge,mitsubishielectric:msz-ln25\/35\/50\/60vgv-er1,mitsubishielectric,msz-ln25\/35\/50\/60vgv-er1,1
fridge,mitsubishielectric:msz-ln25\/35\/50\/60vgw-er1,mitsubishielectric,msz-ln25\/35\/50\/60vgw-er1,1
fridge,mitsubishielectric:msz-zt09\/12\/18vak,mitsubishielectric,msz-zt09\/12\/18vak,1
fridge,mitsubishielectric:pac-wf010-e,mitsubishielectric,pac-wf010-e,1
fridge,mitsubishielectric:pac-whs01wf-e,mitsubishielectric,pac-whs01wf-e,1
fridge,mitsubishielectric:s-mac-702if-b,mitsubishielectric,s-mac-702if-b,1
fridge,mitsubishielectric:s-mac-702if-f,mitsubishielectric,s-mac-702if-f,1
fridge,mitsubishielectric:s-mac-702if-z,mitsubishielectric,s-mac-702if-z,1
fridge,mitsubishielectric:s-mac-905if,mitsubishielectric,s-mac-905if,1
fridge,mitsubishielectric:s-mac-906if,mitsubishielectric,s-mac-906if,1
garden,ecovacs:deebot_t10,ecovacs,deebot_t10,6
garden,ecovacs:deebot_x1,ecovacs,deebot_x1,6
garden,ecovacs:goat_g1,ecovacs,goat_g1,6
garden,ecovacs:airbot_andy,ecovacs,airbot_andy,5
garden,ecovacs:airbot_ava,ecovacs,airbot_ava,5
garden,ecovacs:airbot_z1,ecovacs,airbot_z1,5
garden,ecovacs:deebot_900,ecovacs,deebot_900,5
garden,ecovacs:deebot_n10,ecovacs,deebot_n10,5
garden,ecovacs:deebot_n8,ecovacs,deebot_n8,5
garden,ecovacs:deebot_n9,ecovacs,deebot_n9,5
garden,ecovacs:deebot_t20,ecovacs,deebot_t20,5
garden,ecovacs:deebot_t8,ecovacs,deebot_t8,5
garden,ecovacs:deebot_t9,ecovacs,deebot_t9,5
garden,ecovacs:deebot_x2,ecovacs,deebot_x2,5
garden,rainmachine:mini-8,rainmachine,mini-8,3
garden,yarbo:lawn_mower,yarbo,lawn_mower,3
garden,yarbo:lawn_mower_pro,yarbo,lawn_mower_pro,3
garden,ecovacs:deebot_x2_combo,ecovacs,deebot_x2_combo,2
garden,ecovacs:deebot_x2_omni,ecovacs,deebot_x2_omni,2
garden,ecovacs:deebot_x2s,ecovacs,deebot_x2s,2
garden,ecovacs:deebot_x5_pro,ecovacs,deebot_x5_pro,2
garden,ecovacs:deebot_x5_pro_plus,ecovacs,deebot_x5_pro_plus,2
garden,ecovacs:deebot_x5_pro_ultra,ecovacs,deebot_x5_pro_ultra,2
garden,ecovacs:deebot_t10_omni,ecovacs,deebot_t10_omni,1
garden,ecovacs:deebot_t10_plus,ecovacs,deebot_t10_plus,1
garden,ecovacs:deebot_t10_turbo,ecovacs,deebot_t10_turbo,1
garden,ecovacs:deebot_t30_omni,ecovacs,deebot_t30_omni,1
garden,ecovacs:deebot_t30s,ecovacs,deebot_t30s,1
garden,ecovacs:deebot_x1_omni,ecovacs,deebot_x1_omni,1
garden,ecovacs:deebot_x1_plus,ecovacs,deebot_x1_plus,1
garden,ecovacs:deebot_x1_pro_omni,ecovacs,deebot_x1_pro_omni,1
garden,ecovacs:deebot_x1_turbo,ecovacs,deebot_x1_turbo,1
garden,ecovacs:deebot_x1e_omni,ecovacs,deebot_x1e_omni,1
garden,ecovacs:deebot_x1s_pro,ecovacs,deebot_x1s_pro,1
garden,ecovacs:deebot_x1s_pro_plus,ecovacs,deebot_x1s_pro_plus,1
garden,ecovacs:deebot_x2_pro,ecovacs,deebot_x2_pro,1
garden,ecovacs:goat_g1-2000,ecovacs,goat_g1-2000,1
garden,ecovacs:goat_g1-800,ecovacs,goat_g1-800,1
garden,ecovacs:gx-600,ecovacs,gx-600,1
garden,ecovacs:mate_x,ecovacs,mate_x,1
garden,rainmachine:touch_hd_12,rainmachine,touch_hd_12,1
home-power,sma:sunny_boy_1.5,sma,sunny_boy_1.5,12
home-power,sma:sunny_boy_2.5,sma,sunny_boy_2.5,12
home-power,sma:sunny_boy_3.0,sma,sunny_boy_3.0,12
home-power,sma:sunny_boy_3.6,sma,sunny_boy_3.6,12
home-power,sma:sunny_boy_3000tl,sma,sunny_boy_3000tl,12
home-power,sma:sunny_boy_3600,sma,sunny_boy_3600,12
home-power,sma:sunny_boy_3600tl,sma,sunny_boy_3600tl,12
home-power,sma:sunny_boy_4.0,sma,sunny_boy_4.0,12
home-power,sma:sunny_boy_4000tl,sma,sunny_boy_4000tl,12
home-power,sma:sunny_boy_5.0,sma,sunny_boy_5.0,12
home-power,sma:sunny_boy_5000,sma,sunny_boy_5000,12
home-power,sma:sunny_boy_5000tl,sma,sunny_boy_5000tl,12
home-power,sma:sunny_boy_storage_2.5,sma,sunny_boy_storage_2.5,12
home-power,sma:sunny_central_1000cp_xt,sma,sunny_central_1000cp_xt,12
home-power,sma:sunny_central_2200,sma,sunny_central_2200,12
home-power,sma:sunny_central_500cp_xt,sma,sunny_central_500cp_xt,12
home-power,sma:sunny_central_630cp_xt,sma,sunny_central_630cp_xt,12
home-power,sma:sunny_central_720cp_xt,sma,sunny_central_720cp_xt,12
home-power,sma:sunny_central_760cp_xt,sma,sunny_central_760cp_xt,12
home-power,sma:sunny_central_800cp_xt,sma,sunny_central_800cp_xt,12
home-power,sma:sunny_central_850cp_xt,sma,sunny_central_850cp_xt,12
home-power,sma:sunny_central_900cp_xt,sma,sunny_central_900cp_xt,12
home-power,sma:sunny_central_storage_1000,sma,sunny_central_storage_1000,12
home-power,sma:sunny_central_storage_2200,sma,sunny_central_storage_2200,12
home-power,sma:sunny_central_storage_2500-ev,sma,sunny_central_storage_2500-ev,12
home-power,sma:sunny_central_storage_500,sma,sunny_central_storage_500,12
home-power,sma:sunny_central_storage_630,sma,sunny_central_storage_630,12
home-power,sma:sunny_central_storage_720,sma,sunny_central_storage_720,12
home-power,sma:sunny_central_storage_760,sma,sunny_central_storage_760,12
home-power,sma:sunny_central_storage_800,sma,sunny_central_storage_800,12
home-power,sma:sunny_central_storage_850,sma,sunny_central_storage_850,12
home-power,sma:sunny_central_storage_900,sma,sunny_central_storage_900,12
home-power,sma:sunny_tripower_12000tl,sma,sunny_tripower_12000tl,12
home-power,sma:sunny_tripower_15000tl,sma,sunny_tripower_15000tl,12
home-power,sma:sunny_tripower_20000tl,sma,sunny_tripower_20000tl,12
home-power,sma:sunny_tripower_25000tl,sma,sunny_tripower_25000tl,12
home-power,sma:sunny_tripower_5000tl,sma,sunny_tripower_5000tl,12
home-power,sma:sunny_tripower_60,sma,sunny_tripower_60,12
home-power,sma:sunny_tripower_core1,sma,sunny_tripower_core1,12
home-power,enphase:envoy,enphase,envoy,5
home-power,enphase:iq_gateway,enphase,iq_gateway,5
home-power,sinapsitech:esolar_duo_photovoltaic_system_monitor,sinapsitech,esolar_duo_photovoltaic_system_monitor,4
home-power,sinapsitech:esolar_light_photovoltaic_system_monitor,sinapsitech,esolar_light_photovoltaic_system_monitor,4
home-power,sinapsitech:esolar_photovoltaic_system_monitor,sinapsitech,esolar_photovoltaic_system_monitor,4
home-power,sinapsitech:sinapsi,sinapsitech,sinapsi,4
home-power,outbackpower:mojave_inverter_oghi8048a,outbackpower,mojave_inverter_oghi8048a,3
home-power,fronius:datamanager_box_2.0,fronius,datamanager_box_2.0,2
home-power,fronius:eco_25.0-3-s,fronius,eco_25.0-3-s,2
home-power,fronius:eco_27.0-3-s,fronius,eco_27.0-3-s,2
home-power,fronius:galvo_1.5-1,fronius,galvo_1.5-1,2
home-power,fronius:galvo_1.5-1_208-240,fronius,galvo_1.5-1_208-240,2
home-power,fronius:galvo_2.0-1,fronius,galvo_2.0-1,2
home-power,fronius:galvo_2.0-1_208-240,fronius,galvo_2.0-1_208-240,2
home-power,fronius:galvo_2.5-1,fronius,galvo_2.5-1,2
home-power,fronius:galvo_2.5-1_208-240,fronius,galvo_2.5-1_208-240,2
home-power,fronius:galvo_3.0-1,fronius,galvo_3.0-1,2
home-power,fronius:galvo_3.1-1,fronius,galvo_3.1-1,2
home-power,fronius:galvo_3.1-1_208-240,fronius,galvo_3.1-1_208-240,2
home-power,fronius:primo_10.0-1_208-240,fronius,primo_10.0-1_208-240,2
home-power,fronius:primo_11.4-1_208-240,fronius,primo_11.4-1_208-240,2
home-power,fronius:primo_12.5-1_208-240,fronius,primo_12.5-1_208-240,2
home-power,fronius:primo_15.0-1_208-240,fronius,primo_15.0-1_208-240,2
home-power,fronius:primo_3.0-1,fronius,primo_3.0-1,2
home-power,fronius:primo_3.5-1,fronius,primo_3.5-1,2
home-power,fronius:primo_3.6-1,fronius,primo_3.6-1,2
home-power,fronius:primo_3.8-1_208-240,fronius,primo_3.8-1_208-240,2
home-power,fronius:primo_4.0-1,fronius,primo_4.0-1,2
home-power,fronius:primo_4.6-1,fronius,primo_4.6-1,2
home-power,fronius:primo_5.0-1,fronius,primo_5.0-1,2
home-power,fronius:primo_5.0-1_208-240,fronius,primo_5.0-1_208-240,2
home-power,fronius:primo_5.0-1_aus,fronius,primo_5.0-1_aus,2
home-power,fronius:primo_5.0-1_sc,fronius,primo_5.0-1_sc,2
home-power,fronius:primo_6.0-1,fronius,primo_6.0-1,2
home-power,fronius:primo_6.0-1_208-240,fronius,primo_6.0-1_208-240,2
home-power,fronius:primo_7.6-1_208-240,fronius,primo_7.6-1_208-240,2
home-power,fronius:primo_8.2-1,fronius,primo_8.2-1,2
home-power,fronius:primo_8.2-1_208-240,fronius,primo_8.2-1_208-240,2
home-power,fronius:symo_10.0-3-m,fronius,symo_10.0-3-m,2
home-power,fronius:symo_10.0-3-m-os,fronius,symo_10.0-3-m-os,2
home-power,fronius:symo_10.0-3_208-240,fronius,symo_10.0-3_208-240,2
home-power,fronius:symo_10.0-3_480,fronius,symo_10.0-3_480,2
home-power,fronius:symo_12.0-3_208-240,fronius,symo_12.0-3_208-240,2
home-power,fronius:symo_12.5-3-m,fronius,symo_12.5-3-m,2
home-power,fronius:symo_12.5-3_480,fronius,symo_12.5-3_480,2
home-power,fronius:symo_15.0-3-m,fronius,symo_15.0-3-m,2
home-power,fronius:symo_15.0-3_107,fronius,symo_15.0-3_107,2
home-power,fronius:symo_15.0-3_480,fronius,symo_15.0-3_480,2
home-power,fronius:symo_17.5-3-m,fronius,symo_17.5-3-m,2
home-power,fronius:symo_17.5-3_480,fronius,symo_17.5-3_480,2
home-power,fronius:symo_20.0-3-m,fronius,symo_20.0-3-m,2
home-power,fronius:symo_20.0-3_480,fronius,symo_20.0-3_480,2
home-power,fronius:symo_22.7-3_480,fronius,symo_22.7-3_480,2
home-power,fronius:symo_24.0-3_480,fronius,symo_24.0-3_480,2
home-power,fronius:symo_3.0-3-m,fronius,symo_3.0-3-m,2
home-power,fronius:symo_3.0-3-s,fronius,symo_3.0-3-s,2
home-power,fronius:symo_3.7-3-m,fronius,symo_3.7-3-m,2
home-power,fronius:symo_3.7-3-s,fronius,symo_3.7-3-s,2
home-power,fronius:symo_4.5-3-m,fronius,symo_4.5-3-m,2
home-power,fronius:symo_4.5-3-s,fronius,symo_4.5-3-s,2
home-power,fronius:symo_5.0-3-m,fronius,symo_5.0-3-m,2
home-power,fronius:symo_6.0-3-m,fronius,symo_6.0-3-m,2
home-power,fronius:symo_7.0-3-m,fronius,symo_7.0-3-m,2
home-power,fronius:symo_8.2-3-m,fronius,symo_8.2-3-m,2
home-power,fronius:symo_advanced_10.0-3_208-240,fronius,symo_advanced_10.0-3_208-240,2
home-power,fronius:symo_advanced_12.0-3_208-240,fronius,symo_advanced_12.0-3_208-240,2
home-power,fronius:symo_advanced_15.0-3_480,fronius,symo_advanced_15.0-3_480,2
home-power,fronius:symo_advanced_20.0-3_480,fronius,symo_advanced_20.0-3_480,2
home-power,fronius:symo_advanced_22.7-3_480,fronius,symo_advanced_22.7-3_480,2
home-power,fronius:symo_advanced_24.0-3_480,fronius,symo_advanced_24.0-3_480,2
home-power,fronius:symo_hybrid_3.0-3-m,fronius,symo_hybrid_3.0-3-m,2
home-power,fronius:symo_hybrid_4.0-3-m,fronius,symo_hybrid_4.0-3-m,2
home-power,fronius:symo_hybrid_5.0-3-m,fronius,symo_hybrid_5.0-3-m,2
home-power,bosswerk:inverter,bosswerk,inverter,1
home-power,deyeinverter:inverter,deyeinverter,inverter,1
home-power,mitsubishielectric:ma-ew85s-e,mitsubishielectric,ma-ew85s-e,1
home-power,mitsubishielectric:ma-ew85s-uk,mitsubishielectric,ma-ew85s-uk,1
home-power,mitsubishielectric:mac-507if-e,mitsubishielectric,mac-507if-e,1
home-power,mitsubishielectric:mac-557if-e,mitsubishielectric,mac-557if-e,1
home-power,mitsubishielectric:mac-557if-e1,mitsubishielectric,mac-557if-e1,1
home-power,mitsubishielectric:mac-558if-e,mitsubishielectric,mac-558if-e,1
home-power,mitsubishielectric:mac-558if-e1,mitsubishielectric,mac-558if-e1,1
home-power,mitsubishielectric:mac-559if-e,mitsubishielectric,mac-559if-e,1
home-power,mitsubishielectric:mac-559if-e1,mitsubishielectric,mac-559if-e1,1
home-power,mitsubishielectric:mac-566ifb-e,mitsubishielectric,mac-566ifb-e,1
home-power,mitsubishielectric:mac-567ifb-e,mitsubishielectric,mac-567ifb-e,1
home-power,mitsubishielectric:mac-567ifb2-e,mitsubishielectric,mac-567ifb2-e,1
home-power,mitsubishielectric:mac-568if-e,mitsubishielectric,mac-568if-e,1
home-power,mitsubishielectric:mac-568ifb-e,mitsubishielectric,mac-568ifb-e,1
home-power,mitsubishielectric:mac-568ifb2-e,mitsubishielectric,mac-568ifb2-e,1
home-power,mitsubishielectric:mac-568ifb3-e,mitsubishielectric,mac-568ifb3-e,1
home-power,mitsubishielectric:mac-576if-e1,mitsubishielectric,mac-576if-e1,1
home-power,mitsubishielectric:mac-587if-e,mitsubishielectric,mac-587if-e,1
home-power,mitsubishielectric:mac-587if2-e,mitsubishielectric,mac-587if2-e,1
home-power,mitsubishielectric:mac-588if-e,mitsubishielectric,mac-588if-e,1
home-power,mitsubishielectric:mfz-gxt50\/60\/73vfk,mitsubishielectric,mfz-gxt50\/60\/73vfk,1
home-power,mitsubishielectric:mfz-xt50\/60vfk,mitsubishielectric,mfz-xt50\/60vfk,1
home-power,mitsubishielectric:msxy-fp05\/07\/10\/13\/18\/20\/24vgk-sg1,mitsubishielectric,msxy-fp05\/07\/10\/13\/18\/20\/24vgk-sg1,1
home-power,mitsubishielectric:msy-gp10\/13\/15\/18\/20\/24vfk-sg1,mitsubishielectric,msy-gp10\/13\/15\/18\/20\/24vfk-sg1,1
home-power,mitsubishielectric:msz-ap15\/20\/25\/35\/42\/50\/60\/71vgk-e2,mitsubishielectric,msz-ap15\/20\/25\/35\/42\/50\/60\/71vgk-e2,1
home-power,mitsubishielectric:msz-ap15\/20\/25\/35\/42\/50\/60\/71vgk-er2,mitsubishielectric,msz-ap15\/20\/25\/35\/42\/50\/60\/71vgk-er2,1
home-power,mitsubishielectric:msz-ap15\/20\/25\/35\/42\/50\/60\/71vgk-et2,mitsubishielectric,msz-ap15\/20\/25\/35\/42\/50\/60\/71vgk-et2,1
home-power,mitsubishielectric:msz-ap22\/25\/35\/42\/50\/60\/71\/80vgkd-a2,mitsubishielectric,msz-ap22\/25\/35\/42\/50\/60\/71\/80vgkd-a2,1
home-power,mitsubishielectric:msz-ap22\/25\/35\/42\/50\/61\/70\/80vgkd-a1,mitsubishielectric,msz-ap22\/25\/35\/42\/50\/61\/70\/80vgkd-a1,1
home-power,mitsubishielectric:msz-ap25\/35\/42\/50\/60\/71vgk-e3,mitsubishielectric,msz-ap25\/35\/42\/50\/60\/71vgk-e3,1
home-power,mitsubishielectric:msz-ap25\/35\/42\/50\/60\/71vgk-er3,mitsubishielectric,msz-ap25\/35\/42\/50\/60\/71vgk-er3,1
home-power,mitsubishielectric:msz-ap25\/35\/42\/50\/60\/71vgk-et3,mitsubishielectric,msz-ap25\/35\/42\/50\/60\/71vgk-et3,1
home-power,mitsubishielectric:msz-ap25\/35\/42\/50vgk-e1,mitsubishielectric,msz-ap25\/35\/42\/50vgk-e1,1
home-power,mitsubishielectric:msz-ap25\/35\/42\/50vgk-e6,mitsubishielectric,msz-ap25\/35\/42\/50vgk-e6,1
home-power,mitsubishielectric:msz-ap25\/35\/42\/50vgk-e7,mitsubishielectric,msz-ap25\/35\/42\/50vgk-e7,1
home-power,mitsubishielectric:msz-ap25\/35\/42\/50vgk-e8,mitsubishielectric,msz-ap25\/35\/42\/50vgk-e8,1
home-power,mitsubishielectric:msz-ap25\/35\/42\/50vgk-en1,mitsubishielectric,msz-ap25\/35\/42\/50vgk-en1,1
home-power,mitsubishielectric:msz-ap25\/35\/42\/50vgk-en2,mitsubishielectric,msz-ap25\/35\/42\/50vgk-en2,1
home-power,mitsubishielectric:msz-ap25\/35\/42\/50vgk-en3,mitsubishielectric,msz-ap25\/35\/42\/50vgk-en3,1
home-power,mitsubishielectric:msz-ap25\/35\/42\/50vgk-er1,mitsubishielectric,msz-ap25\/35\/42\/50vgk-er1,1
home-power,mitsubishielectric:msz-ap25\/35\/42\/50vgk-et1,mitsubishielectric,msz-ap25\/35\/42\/50vgk-et1,1
home-power,mitsubishielectric:msz-ap60\/71vgk-e1,mitsubishielectric,msz-ap60\/71vgk-e1,1
home-power,mitsubishielectric:msz-ap60\/71vgk-er1,mitsubishielectric,msz-ap60\/71vgk-er1,1
home-power,mitsubishielectric:msz-ap60\/71vgk-et1,mitsubishielectric,msz-ap60\/71vgk-et1,1
home-power,mitsubishielectric:msz-ay25\/35\/42\/50vgk-e1,mitsubishielectric,msz-ay25\/35\/42\/50vgk-e1,1
home-power,mitsubishielectric:msz-ay25\/35\/42\/50vgk-e6,mitsubishielectric,msz-ay25\/35\/42\/50vgk-e6,1
home-power,mitsubishielectric:msz-ay25\/35\/42\/50vgk-er1,mitsubishielectric,msz-ay25\/35\/42\/50vgk-er1,1
home-power,mitsubishielectric:msz-ay25\/35\/42\/50vgk-et1,mitsubishielectric,msz-ay25\/35\/42\/50vgk-et1,1
home-power,mitsubishielectric:msz-ay25\/35\/42\/50vgk-sc1,mitsubishielectric,msz-ay25\/35\/42\/50vgk-sc1,1
home-power,mitsubishielectric:msz-ay25\/35\/42\/50vgkp-e6,mitsubishielectric,msz-ay25\/35\/42\/50vgkp-e6,1
home-power,mitsubishielectric:msz-ay25\/35\/42\/50vgkp-er1,mitsubishielectric,msz-ay25\/35\/42\/50vgkp-er1,1
home-power,mitsubishielectric:msz-ay25\/35\/42\/50vgkp-et1,mitsubishielectric,msz-ay25\/35\/42\/50vgkp-et1,1
home-power,mitsubishielectric:msz-ay25\/35\/42\/50vgkp-sc1,mitsubishielectric,msz-ay25\/35\/42\/50vgkp-sc1,1
home-power,mitsubishielectric:msz-bt20\/25\/35\/50vgk-e1,mitsubishielectric,msz-bt20\/25\/35\/50vgk-e1,1
home-power,mitsubishielectric:msz-bt20\/25\/35\/50vgk-e2,mitsubishielectric,msz-bt20\/25\/35\/50vgk-e2,1
home-power,mitsubishielectric:msz-bt20\/25\/35\/50vgk-e3,mitsubishielectric,msz-bt20\/25\/35\/50vgk-e3,1
home-power,mitsubishielectric:msz-bt20\/25\/35\/50vgk-er1,mitsubishielectric,msz-bt20\/25\/35\/50vgk-er1,1
home-power,mitsubishielectric:msz-bt20\/25\/35\/50vgk-er2,mitsubishielectric,msz-bt20\/25\/35\/50vgk-er2,1
home-power,mitsubishielectric:msz-bt20\/25\/35\/50vgk-et1,mitsubishielectric,msz-bt20\/25\/35\/50vgk-et1,1
home-power,mitsubishielectric:msz-bt20\/25\/35\/50vgk-et2,mitsubishielectric,msz-bt20\/25\/35\/50vgk-et2,1
home-power,mitsubishielectric:msz-bt20\/25\/35\/50vgk-et3,mitsubishielectric,msz-bt20\/25\/35\/50vgk-et3,1
home-power,mitsubishielectric:msz-ef18\/22\/25\/35\/42\/50vgkb-e1,mitsubishielectric,msz-ef18\/22\/25\/35\/42\/50vgkb-e1,1
home-power,mitsubishielectric:msz-ef18\/22\/25\/35\/42\/50vgkb-e2,mitsubishielectric,msz-ef18\/22\/25\/35\/42\/50vgkb-e2,1
home-power,mitsubishielectric:msz-ef18\/22\/25\/35\/42\/50vgks-e1,mitsubishielectric,msz-ef18\/22\/25\/35\/42\/50vgks-e1,1
home-power,mitsubishielectric:msz-ef18\/22\/25\/35\/42\/50vgks-e2,mitsubishielectric,msz-ef18\/22\/25\/35\/42\/50vgks-e2,1
home-power,mitsubishielectric:msz-ef18\/22\/25\/35\/42\/50vgkw-e1,mitsubishielectric,msz-ef18\/22\/25\/35\/42\/50vgkw-e1,1
home-power,mitsubishielectric:msz-ef18\/22\/25\/35\/42\/50vgkw-e2,mitsubishielectric,msz-ef18\/22\/25\/35\/42\/50vgkw-e2,1
home-power,mitsubishielectric:msz-ef22\/25\/35\/42\/50vgkb-a1,mitsubishielectric,msz-ef22\/25\/35\/42\/50vgkb-a1,1
home-power,mitsubishielectric:msz-ef22\/25\/35\/42\/50vgkb-er1,mitsubishielectric,msz-ef22\/25\/35\/42\/50vgkb-er1,1
home-power,mitsubishielectric:msz-ef22\/25\/35\/42\/50vgkb-er2,mitsubishielectric,msz-ef22\/25\/35\/42\/50vgkb-er2,1
home-power,mitsubishielectric:msz-ef22\/25\/35\/42\/50vgkb-et1,mitsubishielectric,msz-ef22\/25\/35\/42\/50vgkb-et1,1
home-power,mitsubishielectric:msz-ef22\/25\/35\/42\/50vgkb-et2,mitsubishielectric,msz-ef22\/25\/35\/42\/50vgkb-et2,1
home-power,mitsubishielectric:msz-ef22\/25\/35\/42\/50vgks-a1,mitsubishielectric,msz-ef22\/25\/35\/42\/50vgks-a1,1
home-power,mitsubishielectric:msz-ef22\/25\/35\/42\/50vgks-er1,mitsubishielectric,msz-ef22\/25\/35\/42\/50vgks-er1,1
home-power,mitsubishielectric:msz-ef22\/25\/35\/42\/50vgks-er2,mitsubishielectric,msz-ef22\/25\/35\/42\/50vgks-er2,1
home-power,mitsubishielectric:msz-ef22\/25\/35\/42\/50vgks-et1,mitsubishielectric,msz-ef22\/25\/35\/42\/50vgks-et1,1
home-power,mitsubishielectric:msz-ef22\/25\/35\/42\/50vgks-et2,mitsubishielectric,msz-ef22\/25\/35\/42\/50vgks-et2,1
home-power,mitsubishielectric:msz-ef22\/25\/35\/42\/50vgkw-a1,mitsubishielectric,msz-ef22\/25\/35\/42\/50vgkw-a1,1
home-power,mitsubishielectric:msz-ef22\/25\/35\/42\/50vgkw-er1,mitsubishielectric,msz-ef22\/25\/35\/42\/50vgkw-er1,1
home-power,mitsubishielectric:msz-ef22\/25\/35\/42\/50vgkw-er2,mitsubishielectric,msz-ef22\/25\/35\/42\/50vgkw-er2,1
home-power,mitsubishielectric:msz-ef22\/25\/35\/42\/50vgkw-et1,mitsubishielectric,msz-ef22\/25\/35\/42\/50vgkw-et1,1
home-power,mitsubishielectric:msz-ef22\/25\/35\/42\/50vgkw-et2,mitsubishielectric,msz-ef22\/25\/35\/42\/50vgkw-et2,1
home-power,mitsubishielectric:msz-exa09\/12vak,mitsubishielectric,msz-exa09\/12vak,1
home-power,mitsubishielectric:msz-eza09\/12vak,mitsubishielectric,msz-eza09\/12vak,1
home-power,mitsubishielectric:msz-ft20\/25vfk,mitsubishielectric,msz-ft20\/25vfk,1
home-power,mitsubishielectric:msz-ft25\/35\/50vgk-e1,mitsubishielectric,msz-ft25\/35\/50vgk-e1,1
home-power,mitsubishielectric:msz-ft25\/35\/50vgk-e2,mitsubishielectric,msz-ft25\/35\/50vgk-e2,1
home-power,mitsubishielectric:msz-ft25\/35\/50vgk-et1,mitsubishielectric,msz-ft25\/35\/50vgk-et1,1
home-power,mitsubishielectric:msz-ft25\/35\/50vgk-sc1,mitsubishielectric,msz-ft25\/35\/50vgk-sc1,1
home-power,mitsubishielectric:msz-ft25\/35\/50vgk-sc2,mitsubishielectric,msz-ft25\/35\/50vgk-sc2,1
home-power,mitsubishielectric:msz-fx20\/25vfk,mitsubishielectric,msz-fx20\/25vfk,1
home-power,mitsubishielectric:msz-gzt09\/12\/18vak,mitsubishielectric,msz-gzt09\/12\/18vak,1
home-power,mitsubishielectric:msz-gzy09\/12\/18vfk,mitsubishielectric,msz-gzy09\/12\/18vfk,1
home-power,mitsubishielectric:msz-hr25\/35\/42\/50\/60\/71vfk-e1,mitsubishielectric,msz-hr25\/35\/42\/50\/60\/71vfk-e1,1
home-power,mitsubishielectric:msz-hr25\/35\/42\/50\/60\/71vfk-er1,mitsubishielectric,msz-hr25\/35\/42\/50\/60\/71vfk-er1,1
home-power,mitsubishielectric:msz-hr25\/35\/42\/50\/60\/71vfk-et1,mitsubishielectric,msz-hr25\/35\/42\/50\/60\/71vfk-et1,1
home-power,mitsubishielectric:msz-hr25\/35\/42\/50vfk-e6,mitsubishielectric,msz-hr25\/35\/42\/50vfk-e6,1
home-power,mitsubishielectric:msz-ky09\/12\/18vfk,mitsubishielectric,msz-ky09\/12\/18vfk,1
home-power,mitsubishielectric:msz-ln18\/25\/35\/50\/60vg2b-e1,mitsubishielectric,msz-ln18\/25\/35\/50\/60vg2b-e1,1
home-power,mitsubishielectric:msz-ln18\/25\/35\/50\/60vg2b-e2,mitsubishielectric,msz-ln18\/25\/35\/50\/60vg2b-e2,1
home-power,mitsubishielectric:msz-ln18\/25\/35\/50\/60vg2b-e3,mitsubishielectric,msz-ln18\/25\/35\/50\/60vg2b-e3,1
home-power,mitsubishielectric:msz-ln18\/25\/35\/50\/60vg2b-et1,mitsubishielectric,msz-ln18\/25\/35\/50\/60vg2b-et1,1
home-power,mitsubishielectric:msz-ln18\/25\/35\/50\/60vg2r-e1,mitsubishielectric,msz-ln18\/25\/35\/50\/60vg2r-e1,1
home-power,mitsubishielectric:msz-ln18\/25\/35\/50\/60vg2r-e2,mitsubishielectric,msz-ln18\/25\/35\/50\/60vg2r-e2,1
home-power,mitsubishielectric:msz-ln18\/25\/35\/50\/60vg2r-e3,mitsubishielectric,msz-ln18\/25\/35\/50\/60vg2r-e3,1
home-power,mitsubishielectric:msz-ln18\/25\/35\/50\/60vg2r-et1,mitsubishielectric,msz-ln18\/25\/35\/50\/60vg2r-et1,1
home-power,mitsubishielectric:msz-ln18\/25\/35\/50\/60vg2v-e1,mitsubishielectric,msz-ln18\/25\/35\/50\/60vg2v-e1,1
home-power,mitsubishielectric:msz-ln18\/25\/35\/50\/60vg2v-e2,mitsubishielectric,msz-ln18\/25\/35\/50\/60vg2v-e2,1
home-power,mitsubishielectric:msz-ln18\/25\/35\/50\/60vg2v-e3,mitsubishielectric,msz-ln18\/25\/35\/50\/60vg2v-e3,1
home-power,mitsubishielectric:msz-ln18\/25\/35\/50\/60vg2v-et1,mitsubishielectric,msz-ln18\/25\/35\/50\/60vg2v-et1,1
home-power,mitsubishielectric:msz-ln18\/25\/35\/50\/60vg2w-e1,mitsubishielectric,msz-ln18\/25\/35\/50\/60vg2w-e1,1
home-power,mitsubishielectric:msz-ln18\/25\/35\/50\/60vg2w-e2,mitsubishielectric,msz-ln18\/25\/35\/50\/60vg2w-e2,1
home-power,mitsubishielectric:msz-ln18\/25\/35\/50\/60vg2w-e3,mitsubishielectric,msz-ln18\/25\/35\/50\/60vg2w-e3,1
home-power,mitsubishielectric:msz-ln18\/25\/35\/50\/60vg2w-er1,mitsubishielectric,msz-ln18\/25\/35\/50\/60vg2w-er1,1
home-power,mitsubishielectric:msz-ln18\/25\/35\/50\/60vg2w-er2,mitsubishielectric,msz-ln18\/25\/35\/50\/60vg2w-er2,1
home-power,mitsubishielectric:msz-ln18\/25\/35\/50\/60vg2w-et1,mitsubishielectric,msz-ln18\/25\/35\/50\/60vg2w-et1,1
home-power,mitsubishielectric:msz-ln18\/25\/35\/50\/60vg2w-et2,mitsubishielectric,msz-ln18\/25\/35\/50\/60vg2w-et2,1
home-power,mitsubishielectric:msz-ln18\/25\/35\/50\/60vgb-e1,mitsubishielectric,msz-ln18\/25\/35\/50\/60vgb-e1,1
home-power,mitsubishielectric:msz-ln18\/25\/35\/50\/60vgr-e1,mitsubishielectric,msz-ln18\/25\/35\/50\/60vgr-e1,1
home-power,mitsubishielectric:msz-ln18\/25\/35\/50\/60vgv-e1,mitsubishielectric,msz-ln18\/25\/35\/50\/60vgv-e1,1
home-power,mitsubishielectric:msz-ln18\/25\/35\/50\/60vgw-e1,mitsubishielectric,msz-ln18\/25\/35\/50\/60vgw-e1,1
home-power,mitsubishielectric:msz-ln18\/25\/35\/50vg2b-en1,mitsubishielectric,msz-ln18\/25\/35\/50vg2b-en1,1
home-power,mitsubishielectric:msz-ln18\/25\/35\/50vg2r-en1,mitsubishielectric,msz-ln18\/25\/35\/50vg2r-en1,1
home-power,mitsubishielectric:msz-ln18\/25\/35\/50vg2v-en1,mitsubishielectric,msz-ln18\/25\/35\/50vg2v-en1,1
home-power,mitsubishielectric:msz-ln18\/25\/35\/50vg2w-en1,mitsubishielectric,msz-ln18\/25\/35\/50vg2w-en1,1
home-power,mitsubishielectric:msz-ln18\/25\/35\/50vg2w-sc1,mitsubishielectric,msz-ln18\/25\/35\/50vg2w-sc1,1
home-power,mitsubishielectric:msz-ln25\/35\/50\/60vg2b-a1,mitsubishielectric,msz-ln25\/35\/50\/60vg2b-a1,1
home-power,mitsubishielectric:msz-ln25\/35\/50\/60vg2b-a2,mitsubishielectric,msz-ln25\/35\/50\/60vg2b-a2,1
home-power,mitsubishielectric:msz-ln25\/35\/50\/60vg2b-er1,mitsubishielectric,msz-ln25\/35\/50\/60vg2b-er1,1
home-power,mitsubishielectric:msz-ln25\/35\/50\/60vg2b-er2,mitsubishielectric,msz-ln25\/35\/50\/60vg2b-er2,1
home-power,mitsubishielectric:msz-ln25\/35\/50\/60vg2b-er3,mitsubishielectric,msz-ln25\/35\/50\/60vg2b-er3,1
home-power,mitsubishielectric:msz-ln25\/35\/50\/60vg2b-et2,mitsubishielectric,msz-ln25\/35\/50\/60vg2b-et2,1
home-power,mitsubishielectric:msz-ln25\/35\/50\/60vg2b-et3,mitsubishielectric,msz-ln25\/35\/50\/60vg2b-et3,1
home-power,mitsubishielectric:msz-ln25\/35\/50\/60vg2r-a1,mitsubishielectric,msz-ln25\/35\/50\/60vg2r-a1,1
home-power,mitsubishielectric:msz-ln25\/35\/50\/60vg2r-a2,mitsubishielectric,msz-ln25\/35\/50\/60vg2r-a2,1
home-power,mitsubishielectric:msz-ln25\/35\/50\/60vg2r-er1,mitsubishielectric,msz-ln25\/35\/50\/60vg2r-er1,1
home-power,mitsubishielectric:msz-ln25\/35\/50\/60vg2r-er2,mitsubishielectric,msz-ln25\/35\/50\/60vg2r-er2,1
home-power,mitsubishielectric:msz-ln25\/35\/50\/60vg2r-er3,mitsubishielectric,msz-ln25\/35\/50\/60vg2r-er3,1
home-power,mitsubishielectric:msz-ln25\/35\/50\/60vg2r-et2,mitsubishielectric,msz-ln25\/35\/50\/60vg2r-et2,1
home-power,mitsubishielectric:msz-ln25\/35\/50\/60vg2r-et3,mitsubishielectric,msz-ln25\/35\/50\/60vg2r-et3,1
home-power,mitsubishielectric:msz-ln25\/35\/50\/60vg2v-a1,mitsubishielectric,msz-ln25\/35\/50\/60vg2v-a1,1
home-power,mitsubishielectric:msz-ln25\/35\/50\/60vg2v-a2,mitsubishielectric,msz-ln25\/35\/50\/60vg2v-a2,1
home-power,mitsubishielectric:msz-ln25\/35\/50\/60vg2v-er1,mitsubishielectric,msz-ln25\/35\/50\/60vg2v-er1,1
home-power,mitsubishielectric:msz-ln25\/35\/50\/60vg2v-er2,mitsubishielectric,msz-ln25\/35\/50\/60vg2v-er2,1
home-power,mitsubishielectric:msz-ln25\/35\/50\/60vg2v-er3,mitsubishielectric,msz-ln25\/35\/50\/60vg2v-er3,1
home-power,mitsubishielectric:msz-ln25\/35\/50\/60vg2v-et2,mitsubishielectric,msz-ln25\/35\/50\/60vg2v-et2,1
home-power,mitsubishielectric:msz-ln25\/35\/50\/60vg2v-et3,mitsubishielectric,msz-ln25\/35\/50\/60vg2v-et3,1
home-power,mitsubishielectric:msz-ln25\/35\/50\/60vg2w-er3,mitsubishielectric,msz-ln25\/35\/50\/60vg2w-er3,1
home-power,mitsubishielectric:msz-ln25\/35\/50\/60vg2w-et3,mitsubishielectric,msz-ln25\/35\/50\/60vg2w-et3,1
home-power,mitsubishielectric:msz-ln25\/35\/50\/60vgb-a1,mitsubishielectric,msz-ln25\/35\/50\/60vgb-a1,1
home-power,mitsubishielectric:msz-ln25\/35\/50\/60vgb-er1,mitsubishielectric,msz-ln25\/35\/50\/60vgb-er1,1
home-power,mitsubishielectric:msz-ln25\/35\/50\/60vgr-a1,mitsubishielectric,msz-ln25\/35\/50\/60vgr-a1,1
home-power,mitsubishielectric:msz-ln25\/35\/50\/60vgr-er1,mitsubishielectric,msz-ln25\/35\/50\/60vgr-er1,1
home-power,mitsubishielectric:msz-ln25\/35\/50\/60vgv-a1,mitsubishielectric,msz-ln25\/35\/50\/60vgv-a1,1
home-power,mitsubishielectric:msz-ln25\/35\/50\/60vgv-er1,mitsubishielectric,msz-ln25\/35\/50\/60vgv-er1,1
home-power,mitsubishielectric:msz-ln25\/35\/50\/60vgw-er1,mitsubishielectric,msz-ln25\/35\/50\/60vgw-er1,1
home-power,mitsubishielectric:msz-ln25\/35\/50vg2b-en2,mitsubishielectric,msz-ln25\/35\/50vg2b-en2,1
home-power,mitsubishielectric:msz-ln25\/35\/50vg2b-sc1,mitsubishielectric,msz-ln25\/35\/50vg2b-sc1,1
home-power,mitsubishielectric:msz-ln25\/35\/50vg2r-en2,mitsubishielectric,msz-ln25\/35\/50vg2r-en2,1
home-power,mitsubishielectric:msz-ln25\/35\/50vg2r-sc1,mitsubishielectric,msz-ln25\/35\/50vg2r-sc1,1
home-power,mitsubishielectric:msz-ln25\/35\/50vg2v-en2,mitsubishielectric,msz-ln25\/35\/50vg2v-en2,1
home-power,mitsubishielectric:msz-ln25\/35\/50vg2v-sc1,mitsubishielectric,msz-ln25\/35\/50vg2v-sc1,1
home-power,mitsubishielectric:msz-ln25\/35\/50vg2w-en2,mitsubishielectric,msz-ln25\/35\/50vg2w-en2,1
home-power,mitsubishielectric:msz-rw25\/35\/50vg-e1,mitsubishielectric,msz-rw25\/35\/50vg-e1,1
home-power,mitsubishielectric:msz-rw25\/35\/50vg-er1,mitsubishielectric,msz-rw25\/35\/50vg-er1,1
home-power,mitsubishielectric:msz-rw25\/35\/50vg-et1,mitsubishielectric,msz-rw25\/35\/50vg-et1,1
home-power,mitsubishielectric:msz-rw25\/35\/50vg-sc1,mitsubishielectric,msz-rw25\/35\/50vg-sc1,1
home-power,mitsubishielectric:msz-wx18\/20\/25vfk,mitsubishielectric,msz-wx18\/20\/25vfk,1
home-power,mitsubishielectric:msz-zt09\/12\/18vak,mitsubishielectric,msz-zt09\/12\/18vak,1
home-power,mitsubishielectric:msz-zy09\/12\/18vfk,mitsubishielectric,msz-zy09\/12\/18vfk,1
home-power,mitsubishielectric:pac-wf010-e,mitsubishielectric,pac-wf010-e,1
home-power,mitsubishielectric:pac-whs01wf-e,mitsubishielectric,pac-whs01wf-e,1
home-power,mitsubishielectric:s-mac-002if,mitsubishielectric,s-mac-002if,1
home-power,mitsubishielectric:s-mac-702if-b,mitsubishielectric,s-mac-702if-b,1
home-power,mitsubishielectric:s-mac-702if-f,mitsubishielectric,s-mac-702if-f,1
home-power,mitsubishielectric:s-mac-702if-z,mitsubishielectric,s-mac-702if-z,1
home-power,mitsubishielectric:s-mac-905if,mitsubishielectric,s-mac-905if,1
home-power,mitsubishielectric:s-mac-906if,mitsubishielectric,s-mac-906if,1
home-power,northernnep:northern_electric_\&_power_inverter,northernnep,northern_electric_\&_power_inverter,1
home-power,revolt-power:inverter,revolt-power,inverter,1
home-power,victronenergy:venus_os,victronenergy,venus_os,1
hub,insteon:hub,insteon,hub,97
hub,samsung:sth-eth-250,samsung,sth-eth-250,40
hub,getvera:veraedge,getvera,veraedge,12
hub,getvera:veralite,getvera,veralite,12
hub,philips:hue_bridge_v2,philips,hue_bridge_v2,9
hub,aqara:camera_hub_g3,aqara,camera_hub_g3,8
hub,insteon:insteon_hub,insteon,insteon_hub,8
hub,aqara:hub_m2,aqara,hub_m2,7
hub,aqara:hub_m3,aqara,hub_m3,7
hub,insteon:hub_2245-222,insteon,hub_2245-222,7
hub,bosch:smart_home_controller,bosch,smart_home_controller,6
hub,micasaverde:veralite,micasaverde,veralite,5
hub,fibaro:home_center_2,fibaro,home_center_2,4
hub,fibaro:home_center_lite,fibaro,home_center_lite,4
hub,logitech:harmony_hub,logitech,harmony_hub,4
hub,zipato:zipabox,zipato,zipabox,3
hub,getvera:vera_edge,getvera,vera_edge,2
hub,homey:homey,homey,homey,2
hub,homey:homey_pro,homey,homey_pro,2
hub,miele:xgw_3000_zigbee_gateway,miele,xgw_3000_zigbee_gateway,2
hub,tp-link:tapo_h100,tp-link,tapo_h100,2
hub,eve:eve_door_and_window,eve,eve_door_and_window,1
hub,govee:led_strip,govee,led_strip,1
hub,ikea:dirigera,ikea,dirigera,1
hub,ikea:tradfri_gateway_e1526,ikea,tradfri_gateway_e1526,1
hub,nanoleaf:lightstrip,nanoleaf,lightstrip,1
hub,orein:smart_bulb,orein,smart_bulb,1
hub,philips:hue_bridge_bsb002,philips,hue_bridge_bsb002,1
hub,phillips:hue_bridge,phillips,hue_bridge,1
hub,schneider-electric:spacelogic_c-bus_home_controller,schneider-electric,spacelogic_c-bus_home_controller,1
hub,silabs:z-wave_long_range_700,silabs,z-wave_long_range_700,1
hub,silabs:z-wave_long_range_800,silabs,z-wave_long_range_800,1
hub,switchbot:hub2,switchbot,hub2,1
hub,tapo:mini_smart_wi-fi_plug,tapo,mini_smart_wi-fi_plug,1
hub,tp-link:smart_plug,tp-link,smart_plug,1
hub,tp-link:tapo_p100,tp-link,tapo_p100,1
hub,yeelight:smart_lamp,yeelight,smart_lamp,1
lighting,philips:hue_bridge_v2,philips,hue_bridge_v2,9
lighting,mystrom:wifi_switch,mystrom,wifi_switch,5
lighting,mystrom:wifi_bulb,mystrom,wifi_bulb,4
lighting,mystrom:wifi_button,mystrom,wifi_button,4
lighting,mystrom:wifi_button_plus,mystrom,wifi_button_plus,4
lighting,mystrom:wifi_led_strip,mystrom,wifi_led_strip,4
lighting,mystrom:wifi_switch_eu,mystrom,wifi_switch_eu,4
lighting,tp-link:tapo_l530e,tp-link,tapo_l530e,4
lighting,govee:led_strip,govee,led_strip,2
lighting,nanoleaf:lightstrip,nanoleaf,lightstrip,2
lighting,eve:eve_door_and_window,eve,eve_door_and_window,1
lighting,ikea:tradfri_gateway_e1526,ikea,tradfri_gateway_e1526,1
lighting,ikea:tradfri_led1732g11,ikea,tradfri_led1732g11,1
lighting,nanoleaf:nanoleaf,nanoleaf,nanoleaf,1
lighting,orein:smart_bulb,orein,smart_bulb,1
lighting,philips:hue,philips,hue,1
lighting,philips:hue_bridge_bsb002,philips,hue_bridge_bsb002,1
lighting,philips:taolight_smart_wi-fi_wiz_connected_led_bulb_9290022656,philips,taolight_smart_wi-fi_wiz_connected_led_bulb_9290022656,1
lighting,phillips:hue_bridge,phillips,hue_bridge,1
lighting,sengled:e1e-g7f,sengled,e1e-g7f,1
lighting,sengled:es21-n1eaw,sengled,es21-n1eaw,1
lighting,shelly:pro_4pm,shelly,pro_4pm,1
lighting,switchbot:hub2,switchbot,hub2,1
lighting,syska:smartlight_rainbow_led_smart_bulb,syska,smartlight_rainbow_led_smart_bulb,1
lighting,tapo:mini_smart_wi-fi_plug,tapo,mini_smart_wi-fi_plug,1
lighting,tp-link:smart_plug,tp-link,smart_plug,1
lighting,yeelight:smart_lamp,yeelight,smart_lamp,1
pet,furbo:furbo_360_dog_camera,furbo,furbo_360_dog_camera,17
pet,furbo:furbo_mini,furbo,furbo_mini,14
pet,petwant:pf-103,petwant,pf-103,9
pet,skymee:petalk_ai,skymee,petalk_ai,9
pet,furbo:dog_camera,furbo,dog_camera,1
robotvacuum,ecovacs:deebot_t10,ecovacs,deebot_t10,9
robotvacuum,ecovacs:deebot_x1,ecovacs,deebot_x1,6
robotvacuum,ecovacs:goat_g1,ecovacs,goat_g1,6
robotvacuum,ecovacs:airbot_andy,ecovacs,airbot_andy,5
robotvacuum,ecovacs:airbot_ava,ecovacs,airbot_ava,5
robotvacuum,ecovacs:airbot_z1,ecovacs,airbot_z1,5
robotvacuum,ecovacs:deebot_900,ecovacs,deebot_900,5
robotvacuum,ecovacs:deebot_n10,ecovacs,deebot_n10,5
robotvacuum,ecovacs:deebot_n8,ecovacs,deebot_n8,5
robotvacuum,ecovacs:deebot_n9,ecovacs,deebot_n9,5
robotvacuum,ecovacs:deebot_t20,ecovacs,deebot_t20,5
robotvacuum,ecovacs:deebot_t8,ecovacs,deebot_t8,5
robotvacuum,ecovacs:deebot_t9,ecovacs,deebot_t9,5
robotvacuum,ecovacs:deebot_x2,ecovacs,deebot_x2,5
robotvacuum,ecovacs:deebot_t10_omni,ecovacs,deebot_t10_omni,4
robotvacuum,ecovacs:deebot_t10_plus,ecovacs,deebot_t10_plus,4
robotvacuum,ecovacs:deebot_t10_turbo,ecovacs,deebot_t10_turbo,4
robotvacuum,ecovacs:deebot_t30_omni,ecovacs,deebot_t30_omni,4
robotvacuum,ecovacs:deebot_t30s,ecovacs,deebot_t30s,4
robotvacuum,ecovacs:deebot_x1_omni,ecovacs,deebot_x1_omni,4
robotvacuum,ecovacs:deebot_x1_pro_omni,ecovacs,deebot_x1_pro_omni,4
robotvacuum,ecovacs:deebot_x1_turbo,ecovacs,deebot_x1_turbo,4
robotvacuum,ecovacs:deebot_x1s_pro,ecovacs,deebot_x1s_pro,4
robotvacuum,neatorobotics:botvac_connected,neatorobotics,botvac_connected,4
robotvacuum,neatorobotics:botvac_d4_connected,neatorobotics,botvac_d4_connected,4
robotvacuum,neatorobotics:botvac_d6_connected,neatorobotics,botvac_d6_connected,4
robotvacuum,neatorobotics:botvac_d7_connected,neatorobotics,botvac_d7_connected,4
robotvacuum,ecovacs:deebot_t20_omni,ecovacs,deebot_t20_omni,3
robotvacuum,ecovacs:deebot_t20_pro,ecovacs,deebot_t20_pro,3
robotvacuum,ecovacs:deebot_t20_pro_plus,ecovacs,deebot_t20_pro_plus,3
robotvacuum,neatorobotics:botvac_d3_connected,neatorobotics,botvac_d3_connected,3
robotvacuum,neatorobotics:botvac_d5_connected,neatorobotics,botvac_d5_connected,3
robotvacuum,diqee:diqee360,diqee,diqee360,2
robotvacuum,ecovacs:deebot_x2_combo,ecovacs,deebot_x2_combo,2
robotvacuum,ecovacs:deebot_x2_omni,ecovacs,deebot_x2_omni,2
robotvacuum,ecovacs:deebot_x2s,ecovacs,deebot_x2s,2
robotvacuum,ecovacs:deebot_x5_pro,ecovacs,deebot_x5_pro,2
robotvacuum,ecovacs:deebot_x5_pro_plus,ecovacs,deebot_x5_pro_plus,2
robotvacuum,ecovacs:deebot_x5_pro_ultra,ecovacs,deebot_x5_pro_ultra,2
robotvacuum,jisiwei:i3,jisiwei,i3,2
robotvacuum,ecovacs:deebot_x1_plus,ecovacs,deebot_x1_plus,1
robotvacuum,ecovacs:deebot_x1e_omni,ecovacs,deebot_x1e_omni,1
robotvacuum,ecovacs:deebot_x1s_pro_plus,ecovacs,deebot_x1s_pro_plus,1
robotvacuum,ecovacs:deebot_x2_pro,ecovacs,deebot_x2_pro,1
robotvacuum,ecovacs:goat_g1-2000,ecovacs,goat_g1-2000,1
robotvacuum,ecovacs:goat_g1-800,ecovacs,goat_g1-800,1
robotvacuum,ecovacs:gx-600,ecovacs,gx-600,1
robotvacuum,ecovacs:mate_x,ecovacs,mate_x,1
robotvacuum,neatorobotics:botvac_85,neatorobotics,botvac_85,1
robotvacuum,neatorobotics:botvac_85_connected,neatorobotics,botvac_85_connected,1
robotvacuum,neatorobotics:botvac_d3_pro_connected,neatorobotics,botvac_d3_pro_connected,1
sensors,airveda:pm2.5_pm10_monitor,airveda,pm2.5_pm10_monitor,1
sensors,fibaro:fgms-001,fibaro,fgms-001,1
smartplugs,getnexx:nxal-100,getnexx,nxal-100,5
smartplugs,getnexx:nxg-100b,getnexx,nxg-100b,5
smartplugs,getnexx:nxg-200,getnexx,nxg-200,5
smartplugs,getnexx:nxpg-100w,getnexx,nxpg-100w,5
smartplugs,tp-link:tapo_l530e,tp-link,tapo_l530e,4
smartplugs,meross:mss110,meross,mss110,2
smartplugs,quboworld:smart_plug_10a,quboworld,smart_plug_10a,2
smartplugs,belkin:f7c063,belkin,f7c063,1
smartplugs,belkin:wemo_insight_smart_plug,belkin,wemo_insight_smart_plug,1
smartplugs,belkin:wemo_insight_switch,belkin,wemo_insight_switch,1
smartplugs,belkin:wemo_smart_plug_wsp080,belkin,wemo_smart_plug_wsp080,1
smartplugs,belkin:wemo_switch,belkin,wemo_switch,1
smartplugs,belkin:wemo_switch_28b,belkin,wemo_switch_28b,1
smartplugs,equeshome:elf_smart_plug,equeshome,elf_smart_plug,1
smartplugs,eve:eve_door_and_window,eve,eve_door_and_window,1
smartplugs,govee:led_strip,govee,led_strip,1
smartplugs,kankun:smartsocket,kankun,smartsocket,1
smartplugs,kankunit:konke_smart_plug,kankunit,konke_smart_plug,1
smartplugs,meross:mss550x,meross,mss550x,1
smartplugs,nanoleaf:lightstrip,nanoleaf,lightstrip,1
smartplugs,orein:smart_bulb,orein,smart_bulb,1
smartplugs,phillips:hue_bridge,phillips,hue_bridge,1
smartplugs,sonoff:th10,sonoff,th10,1
smartplugs,sonoff:th16,sonoff,th16,1
smartplugs,switchbot:hub2,switchbot,hub2,1
smartplugs,tapo:mini_smart_wi-fi_plug,tapo,mini_smart_wi-fi_plug,1
smartplugs,tp-link:smart_plug,tp-link,smart_plug,1
smartplugs,tp-link:tapo_h100,tp-link,tapo_h100,1
smartplugs,tp-link:tapo_p100,tp-link,tapo_p100,1
smartplugs,yeelight:smart_lamp,yeelight,smart_lamp,1
smartspeakers,sonos:one,sonos,one,7
smartspeakers,sonos:era_300,sonos,era_300,5
smartspeakers,amazon:echo_dot,amazon,echo_dot,4
smartspeakers,sonos:era_100,sonos,era_100,4
smartspeakers,google:home,google,home,2
smartspeakers,google:nest_mini,google,nest_mini,2
smartspeakers,mi:xiaomi_xiaoai_speaker_pro_lx06,mi,xiaomi_xiaoai_speaker_pro_lx06,2
smartspeakers,amazon:alexa,amazon,alexa,1
smartspeakers,amazon:echo,amazon,echo,1
smartspeakers,amazon:echo_plus,amazon,echo_plus,1
smartspeakers,amazon:echo_show,amazon,echo_show,1
smartspeakers,amazon:echo_spot,amazon,echo_spot,1
smartspeakers,bose:soundtouch_30,bose,soundtouch_30,1
smartspeakers,google:chromecast,google,chromecast,1
smartspeakers,google:home_mini,google,home_mini,1
smartspeakers,google:nest_audio,google,nest_audio,1
smartspeakers,huawei:egrt-00,huawei,egrt-00,1
smartspeakers,huawei:myna,huawei,myna,1
smartspeakers,lenovo:smart_clock_essential_with_alexa_built_in,lenovo,smart_clock_essential_with_alexa_built_in,1
smartspeakers,mi:mdz-25-dt,mi,mdz-25-dt,1
smartspeakers,mobvoi:tichome_mini,mobvoi,tichome_mini,1
smartspeakers,yeelight:smart_ai_speaker,yeelight,smart_ai_speaker,1
streaming,amazon:fire_os,amazon,fire_os,6
streaming,amazon:fire_tv_stick_3rd_gen,amazon,fire_tv_stick_3rd_gen,3
streaming,apple:apple_tv,apple,apple_tv,3
streaming,bestbuy:insignia_tv,bestbuy,insignia_tv,3
streaming,sony:kd-43xe7000,sony,kd-43xe7000,3
streaming,sony:kd-43xe7002,sony,kd-43xe7002,3
streaming,sony:kd-43xe7003,sony,kd-43xe7003,3
streaming,sony:kd-43xe7004,sony,kd-43xe7004,3
streaming,sony:kd-43xe7005,sony,kd-43xe7005,3
streaming,sony:kd-43xe7073,sony,kd-43xe7073,3
streaming,sony:kd-43xe7077,sony,kd-43xe7077,3
streaming,sony:kd-43xe7093,sony,kd-43xe7093,3
streaming,sony:kd-43xe7096,sony,kd-43xe7096,3
streaming,sony:kd-49xe7000,sony,kd-49xe7000,3
streaming,sony:kd-49xe7002,sony,kd-49xe7002,3
streaming,sony:kd-49xe7003,sony,kd-49xe7003,3
streaming,sony:kd-49xe7004,sony,kd-49xe7004,3
streaming,sony:kd-49xe7005,sony,kd-49xe7005,3
streaming,sony:kd-49xe7073,sony,kd-49xe7073,3
streaming,sony:kd-49xe7077,sony,kd-49xe7077,3
streaming,sony:kd-49xe7093,sony,kd-49xe7093,3
streaming,sony:kd-49xe7096,sony,kd-49xe7096,3
streaming,sony:kd-55xe7000,sony,kd-55xe7000,3
streaming,sony:kd-55xe7002,sony,kd-55xe7002,3
streaming,sony:kd-55xe7003,sony,kd-55xe7003,3
streaming,sony:kd-55xe7004,sony,kd-55xe7004,3
streaming,sony:kd-55xe7005,sony,kd-55xe7005,3
streaming,sony:kd-55xe7073,sony,kd-55xe7073,3
streaming,sony:kd-55xe7077,sony,kd-55xe7077,3
streaming,sony:kd-55xe7093,sony,kd-55xe7093,3
streaming,sony:kd-55xe7096,sony,kd-55xe7096,3
streaming,sony:kd-65xe7002,sony,kd-65xe7002,3
streaming,sony:kd-65xe7003,sony,kd-65xe7003,3
streaming,sony:kd-65xe7004,sony,kd-65xe7004,3
streaming,sony:kd-65xe7005,sony,kd-65xe7005,3
streaming,sony:kd-65xe7093,sony,kd-65xe7093,3
streaming,sony:kd-65xe7096,sony,kd-65xe7096,3
streaming,sony:kdl-32r500c,sony,kdl-32r500c,3
streaming,sony:kdl-32r503c,sony,kdl-32r503c,3
streaming,sony:kdl-32r505c,sony,kdl-32r505c,3
streaming,sony:kdl-32wd750,sony,kdl-32wd750,3
streaming,sony:kdl-32wd751,sony,kdl-32wd751,3
streaming,sony:kdl-32wd752,sony,kdl-32wd752,3
streaming,sony:kdl-32wd753,sony,kdl-32wd753,3
streaming,sony:kdl-32wd754,sony,kdl-32wd754,3
streaming,sony:kdl-32wd755,sony,kdl-32wd755,3
streaming,sony:kdl-32wd756,sony,kdl-32wd756,3
streaming,sony:kdl-32wd757,sony,kdl-32wd757,3
streaming,sony:kdl-32wd758,sony,kdl-32wd758,3
streaming,sony:kdl-32wd759,sony,kdl-32wd759,3
streaming,sony:kdl-32we610,sony,kdl-32we610,3
streaming,sony:kdl-32we613,sony,kdl-32we613,3
streaming,sony:kdl-32we615,sony,kdl-32we615,3
streaming,sony:kdl-40r550c,sony,kdl-40r550c,3
streaming,sony:kdl-40r553c,sony,kdl-40r553c,3
streaming,sony:kdl-40r555c,sony,kdl-40r555c,3
streaming,sony:kdl-40wd650,sony,kdl-40wd650,3
streaming,sony:kdl-40wd653,sony,kdl-40wd653,3
streaming,sony:kdl-40wd655,sony,kdl-40wd655,3
streaming,sony:kdl-40we660,sony,kdl-40we660,3
streaming,sony:kdl-40we663,sony,kdl-40we663,3
streaming,sony:kdl-40we665,sony,kdl-40we665,3
streaming,sony:kdl-43wd750,sony,kdl-43wd750,3
streaming,sony:kdl-43wd751,sony,kdl-43wd751,3
streaming,sony:kdl-43wd752,sony,kdl-43wd752,3
streaming,sony:kdl-43wd753,sony,kdl-43wd753,3
streaming,sony:kdl-43wd754,sony,kdl-43wd754,3
streaming,sony:kdl-43wd755,sony,kdl-43wd755,3
streaming,sony:kdl-43wd756,sony,kdl-43wd756,3
streaming,sony:kdl-43wd757,sony,kdl-43wd757,3
streaming,sony:kdl-43wd758,sony,kdl-43wd758,3
streaming,sony:kdl-43wd759,sony,kdl-43wd759,3
streaming,sony:kdl-43we750,sony,kdl-43we750,3
streaming,sony:kdl-43we753,sony,kdl-43we753,3
streaming,sony:kdl-43we754,sony,kdl-43we754,3
streaming,sony:kdl-43we755,sony,kdl-43we755,3
streaming,sony:kdl-48r550c,sony,kdl-48r550c,3
streaming,sony:kdl-48r553c,sony,kdl-48r553c,3
streaming,sony:kdl-48r555c,sony,kdl-48r555c,3
streaming,sony:kdl-48wd650,sony,kdl-48wd650,3
streaming,sony:kdl-48wd653,sony,kdl-48wd653,3
streaming,sony:kdl-48wd655,sony,kdl-48wd655,3
streaming,sony:kdl-49wd750,sony,kdl-49wd750,3
streaming,sony:kdl-49wd751,sony,kdl-49wd751,3
streaming,sony:kdl-49wd752,sony,kdl-49wd752,3
streaming,sony:kdl-49wd753,sony,kdl-49wd753,3
streaming,sony:kdl-49wd754,sony,kdl-49wd754,3
streaming,sony:kdl-49wd755,sony,kdl-49wd755,3
streaming,sony:kdl-49wd756,sony,kdl-49wd756,3
streaming,sony:kdl-49wd757,sony,kdl-49wd757,3
streaming,sony:kdl-49wd758,sony,kdl-49wd758,3
streaming,sony:kdl-49wd759,sony,kdl-49wd759,3
streaming,sony:kdl-49we660,sony,kdl-49we660,3
streaming,sony:kdl-49we663,sony,kdl-49we663,3
streaming,sony:kdl-49we665,sony,kdl-49we665,3
streaming,sony:kdl-49we750,sony,kdl-49we750,3
streaming,sony:kdl-49we753,sony,kdl-49we753,3
streaming,sony:kdl-49we754,sony,kdl-49we754,3
streaming,sony:kdl-49we755,sony,kdl-49we755,3
streaming,sony:r5c,sony,r5c,3
streaming,sony:wd65,sony,wd65,3
streaming,sony:wd75,sony,wd75,3
streaming,sony:we6,sony,we6,3
streaming,sony:we75,sony,we75,3
streaming,sony:wf6,sony,wf6,3
streaming,sony:xe70,sony,xe70,3
streaming,sony:xf70,sony,xf70,3
streaming,vizio:e50x-e1,vizio,e50x-e1,3
streaming,vizio:p65-f1,vizio,p65-f1,3
streaming,mxq_project:mxq_tv_box,mxq_project,mxq_tv_box,2
streaming,sony:bravia,sony,bravia,2
streaming,sony:kdl-50w800c,sony,kdl-50w800c,2
streaming,sony:kdl-50w805c,sony,kdl-50w805c,2
streaming,sony:kdl-50w807c,sony,kdl-50w807c,2
streaming,sony:kdl-50w809c,sony,kdl-50w809c,2
streaming,sony:kdl-50w820c,sony,kdl-50w820c,2
streaming,sony:kdl-55w800c,sony,kdl-55w800c,2
streaming,sony:kdl-55w805c,sony,kdl-55w805c,2
streaming,sony:kdl-65w850c,sony,kdl-65w850c,2
streaming,sony:kdl-65w855c,sony,kdl-65w855c,2
streaming,sony:kdl-65w857c,sony,kdl-65w857c,2
streaming,sony:kdl-75w850c,sony,kdl-75w850c,2
streaming,sony:kdl-75w855c,sony,kdl-75w855c,2
streaming,sony:x7500d,sony,x7500d,2
streaming,sony:xbr-100z9d,sony,xbr-100z9d,2
streaming,sony:xbr-43x800d,sony,xbr-43x800d,2
streaming,sony:xbr-43x800e,sony,xbr-43x800e,2
streaming,sony:xbr-43x830c,sony,xbr-43x830c,2
streaming,sony:xbr-49x700d,sony,xbr-49x700d,2
streaming,sony:xbr-49x800c,sony,xbr-49x800c,2
streaming,sony:xbr-49x800d,sony,xbr-49x800d,2
streaming,sony:xbr-49x800e,sony,xbr-49x800e,2
streaming,sony:xbr-49x830c,sony,xbr-49x830c,2
streaming,sony:xbr-49x835c,sony,xbr-49x835c,2
streaming,sony:xbr-49x835d,sony,xbr-49x835d,2
streaming,sony:xbr-49x837c,sony,xbr-49x837c,2
streaming,sony:xbr-49x839c,sony,xbr-49x839c,2
streaming,sony:xbr-49x900e,sony,xbr-49x900e,2
streaming,sony:xbr-55a1e,sony,xbr-55a1e,2
streaming,sony:xbr-55x700d,sony,xbr-55x700d,2
streaming,sony:xbr-55x800e,sony,xbr-55x800e,2
streaming,sony:xbr-55x805c,sony,xbr-55x805c,2
streaming,sony:xbr-55x806e,sony,xbr-55x806e,2
streaming,sony:xbr-55x807c,sony,xbr-55x807c,2
streaming,sony:xbr-55x809c,sony,xbr-55x809c,2
streaming,sony:xbr-55x810c,sony,xbr-55x810c,2
streaming,sony:xbr-55x850c,sony,xbr-55x850c,2
streaming,sony:xbr-55x850d,sony,xbr-55x850d,2
streaming,sony:xbr-55x855c,sony,xbr-55x855c,2
streaming,sony:xbr-55x855d,sony,xbr-55x855d,2
streaming,sony:xbr-55x857c,sony,xbr-55x857c,2
streaming,sony:xbr-55x857d,sony,xbr-55x857d,2
streaming,sony:xbr-55x900c,sony,xbr-55x900c,2
streaming,sony:xbr-55x900e,sony,xbr-55x900e,2
streaming,sony:xbr-55x905c,sony,xbr-55x905c,2
streaming,sony:xbr-55x907c,sony,xbr-55x907c,2
streaming,sony:xbr-55x930d,sony,xbr-55x930d,2
streaming,sony:xbr-55x930e,sony,xbr-55x930e,2
streaming,sony:xbr-65a1e,sony,xbr-65a1e,2
streaming,sony:xbr-65x750d,sony,xbr-65x750d,2
streaming,sony:xbr-65x800c,sony,xbr-65x800c,2
streaming,sony:xbr-65x805c,sony,xbr-65x805c,2
streaming,sony:xbr-65x807c,sony,xbr-65x807c,2
streaming,sony:xbr-65x809c,sony,xbr-65x809c,2
streaming,sony:xbr-65x810c,sony,xbr-65x810c,2
streaming,sony:xbr-65x850c,sony,xbr-65x850c,2
streaming,sony:xbr-65x850d,sony,xbr-65x850d,2
streaming,sony:xbr-65x850e,sony,xbr-65x850e,2
streaming,sony:xbr-65x855c,sony,xbr-65x855c,2
streaming,sony:xbr-65x855d,sony,xbr-65x855d,2
streaming,sony:xbr-65x857c,sony,xbr-65x857c,2
streaming,sony:xbr-65x857d,sony,xbr-65x857d,2
streaming,sony:xbr-65x900c,sony,xbr-65x900c,2
streaming,sony:xbr-65x900e,sony,xbr-65x900e,2
streaming,sony:xbr-65x905c,sony,xbr-65x905c,2
streaming,sony:xbr-65x907c,sony,xbr-65x907c,2
streaming,sony:xbr-65x930c,sony,xbr-65x930c,2
streaming,sony:xbr-65x930d,sony,xbr-65x930d,2
streaming,sony:xbr-65x930e,sony,xbr-65x930e,2
streaming,sony:xbr-65x935d,sony,xbr-65x935d,2
streaming,sony:xbr-65x937d,sony,xbr-65x937d,2
streaming,sony:xbr-65z9d,sony,xbr-65z9d,2
streaming,sony:xbr-75x850c,sony,xbr-75x850c,2
streaming,sony:xbr-75x850d,sony,xbr-75x850d,2
streaming,sony:xbr-75x850e,sony,xbr-75x850e,2
streaming,sony:xbr-75x855c,sony,xbr-75x855c,2
streaming,sony:xbr-75x855d,sony,xbr-75x855d,2
streaming,sony:xbr-75x857d,sony,xbr-75x857d,2
streaming,sony:xbr-75x900e,sony,xbr-75x900e,2
streaming,sony:xbr-75x910c,sony,xbr-75x910c,2
streaming,sony:xbr-75x940c,sony,xbr-75x940c,2
streaming,sony:xbr-75x940d,sony,xbr-75x940d,2
streaming,sony:xbr-75x940e,sony,xbr-75x940e,2
streaming,sony:xbr-75x945c,sony,xbr-75x945c,2
streaming,sony:xbr-75z9d,sony,xbr-75z9d,2
streaming,sony:xbr-77a1e,sony,xbr-77a1e,2
streaming,sony:xbr-85x850d,sony,xbr-85x850d,2
streaming,sony:xbr-85x855d,sony,xbr-85x855d,2
streaming,sony:xbr-85x857d,sony,xbr-85x857d,2
streaming,tcl:32s330,tcl,32s330,2
streaming,tcl:40s330,tcl,40s330,2
streaming,tcl:43s434,tcl,43s434,2
streaming,tcl:50s434,tcl,50s434,2
streaming,tcl:55s434,tcl,55s434,2
streaming,tcl:65c655,tcl,65c655,2
streaming,tcl:65s434,tcl,65s434,2
streaming,tcl:75s434,tcl,75s434,2
streaming,h96tvbox:h96_pro_plus,h96tvbox,h96_pro_plus,1
streaming,hindotech:hk1_box_s905x3,hindotech,hk1_box_s905x3,1
streaming,jector:fm-k75,jector,fm-k75,1
streaming,kddi:smart_tv_box,kddi,smart_tv_box,1
streaming,rk_max_smart_tv_box_project:rk_max_smart_tv_box,rk_max_smart_tv_box_project,rk_max_smart_tv_box,1
streaming,roku:express,roku,express,1
streaming,roku:express_4k\+,roku,express_4k\+,1
streaming,roku:roku,roku,roku,1
streaming,roku:roku_os,roku,roku_os,1
streaming,roku:roku_tv,roku,roku_tv,1
streaming,roku:streambar,roku,streambar,1
streaming,roku:streambar_pro,roku,streambar_pro,1
streaming,roku:streaming_stick_4k,roku,streaming_stick_4k,1
streaming,roku:streaming_stick_4k\+,roku,streaming_stick_4k\+,1
streaming,roku:ultra,roku,ultra,1
streaming,roku:wireless_speakers,roku,wireless_speakers,1
streaming,roku:wireless_subwoofer,roku,wireless_subwoofer,1
streaming,samsung:m288ofw,samsung,m288ofw,1
streaming,samsung:nt14u,samsung,nt14u,1
streaming,samsung:nt14u_cn,samsung,nt14u_cn,1
streaming,samsung:nt14u_eu,samsung,nt14u_eu,1
streaming,samsung:nt14u_us,samsung,nt14u_us,1
streaming,samsung:ue40d7000,samsung,ue40d7000,1
streaming,samsung:x10p,samsung,x10p,1
streaming,samsung:x10p_eu,samsung,x10p_eu,1
streaming,samsung:x10p_ibr,samsung,x10p_ibr,1
streaming,samsung:x10p_us,samsung,x10p_us,1
streaming,samsung:x12,samsung,x12,1
streaming,samsung:x12_eu,samsung,x12_eu,1
streaming,samsung:x12_us,samsung,x12_us,1
streaming,samsung:x14h,samsung,x14h,1
streaming,samsung:x14h_cn,samsung,x14h_cn,1
streaming,samsung:x14h_eu,samsung,x14h_eu,1
streaming,samsung:x14h_us,samsung,x14h_us,1
streaming,samsung:x14j,samsung,x14j,1
streaming,samsung:x14j_cn,samsung,x14j_cn,1
streaming,samsung:x14j_eu,samsung,x14j_eu,1
streaming,samsung:x14j_us,samsung,x14j_us,1
streaming,skyworth:penguin_aurora_box,skyworth,penguin_aurora_box,1
streaming,sony:bravia_tv,sony,bravia_tv,1
streaming,v88_smart_tv_box_project:v88_smart_tv_box,v88_smart_tv_box_project,v88_smart_tv_box,1
streaming,westerndigital:tv_live_hub,westerndigital,tv_live_hub,1
streaming,westerndigital:tv_media_player,westerndigital,tv_media_player,1
thermostat,ecobee:ecobee3_lite,ecobee,ecobee3_lite,3
thermostat,meross:msh30q,meross,msh30q,2
thermostat,radiothermostat:ct50,radiothermostat,ct50,2
thermostat,radiothermostat:ct80,radiothermostat,ct80,2
thermostat,shelly:trv,shelly,trv,2
thermostat,trane:comfortlink_ii,trane,comfortlink_ii,2
thermostat,centralite:pearl,centralite,pearl,1
thermostat,ecobee:ecobee4,ecobee,ecobee4,1
thermostat,sinilink:xy-wft1,sinilink,xy-wft1,1
thermostat,trane:pivot,trane,pivot,1
thermostat,trane:xl1050,trane,xl1050,1
thermostat,trane:xl824,trane,xl824,1
thermostat,trane:xl850,trane,xl850,1
